[
  {
    "Id": "1467959",
    "ThreadId": "652914",
    "Html": "Hi<br />\n<br />\nI was using the HtmlRenderer v1.4.11.0, and now I've tried to update to the last version 1.5.0.6.<br />\n<br />\nThe first disgusting problem I found is that I was unable to load the winforms dll into the Visual Studio Toolbox to reference the user-controls, none of the provided dlls can be loaded inside the toolbox by dragging the file inside.<br />\n<br />\nMore than that, I found that they can be manually loaded by using the internal toolbox item manager (right click in a category tab &gt; Choose items...) but then, when I try to drag the loaded component into a form, an exception occurs.<br />\n<br />\nIf your assemblies still contains components, then why are not loaded when dragging the dll files inside the component toolbox in Visual Studio like any other dll containing a component?.<br />\n<br />\nWhat happened since v1.4.11.0? why your user-controls can't be loaded as normally? CAN'T USE THEM so just can't build an user-interface with your user-controls (at design time I mean).<br />\n<br />\nI've tested it in Visual Studio 2013 Ultimate, with v1.5.0.5 happens exactlly the same.<br />\n",
    "PostedDate": "2016-03-25T04:01:30.08-07:00",
    "UserRole": null,
    "MarkedAsAnswerDate": null
  },
  {
    "Id": "1467960",
    "ThreadId": "652914",
    "Html": "I found the problem.<br />\n<br />\nNow the user-control is distributed with one dll dependency, so to be able to load the winforms components the &quot;core&quot; dll should exists in the same directory.<br />\n<br />\nSo please put a readme.txt to make things clear with the deployment structure because is totally unclear, what is the purpose of the PdfSharp assembly for example in the context of the Html Renderer control?. Totally unclear, it makes people confussing like I did.<br />\n<br />\nThanks for read<br />\n",
    "PostedDate": "2016-03-25T04:11:19.42-07:00",
    "UserRole": null,
    "MarkedAsAnswerDate": null
  }
]