[
  {
    "Id": "1427746",
    "ThreadId": "638836",
    "Html": "Hi,\r<br />\nIs there a way to get 2 fixed width columns side by side?\r<br />\n<br />\nI've tried float left and right and inline-block but they are not implemented. I've tried a table but the widths of the cells are ignored.<br />\n",
    "PostedDate": "2015-05-27T00:49:35.437-07:00",
    "UserRole": null,
    "MarkedAsAnswerDate": null
  },
  {
    "Id": "1427749",
    "ThreadId": "638836",
    "Html": "I've tried again and succeeded with a table.<br />\n",
    "PostedDate": "2015-05-27T01:19:11.233-07:00",
    "UserRole": null,
    "MarkedAsAnswerDate": null
  },
  {
    "Id": "1445234",
    "ThreadId": "638836",
    "Html": "What is the trick to set table cell width?<br />\n",
    "PostedDate": "2015-09-21T12:56:40.357-07:00",
    "UserRole": null,
    "MarkedAsAnswerDate": null
  }
]