[
  {
    "Id": "1498256",
    "ThreadId": "663888",
    "Html": "hi,\r<br />\n<br />\ni get an error in my project. \r<br />\n<br />\nSystem.UnauthorizedAccessException: ''C:\\Projec\\Pdf&quot; access to path denied.\r<br />\n<br />\nhere is the details;\r<br />\n<br />\nSystem.UnauthorizedAccessException occurred\r<br />\n  HResult=0x80070005\r<br />\n  Message=''C:\\Projec\\Pdf&quot; yoluna erişim reddedildi.\r<br />\n  Source=mscorlib\r<br />\n  StackTrace:\r<br />\n   at System.IO.__Error.WinIOError(Int32 errorCode, String maybeFullPath)\r<br />\n   at System.IO.FileStream.Init(String path, FileMode mode, FileAccess access, Int32 rights, Boolean useRights, FileShare share, Int32 bufferSize, FileOptions options, SECURITY_ATTRIBUTES secAttrs, String msgPath, Boolean bFromProxy, Boolean useLongPath, Boolean checkHost)\r<br />\n   at System.IO.FileStream..ctor(String path, FileMode mode, FileAccess access)\r<br />\n   at TMatik.BaşlangıçEkranı.PdfSharpConvert(String html) in C:\\Users\\Wolver\\Desktop\\Access İş (Geliştirme)\\İSG\\Başlangıç.cs:line 1374\r<br />\n   at TMatik.BaşlangıçEkranı.button4_Click(Object sender, EventArgs e) in C:\\Users\\Wolver\\Desktop\\Access İş (Geliştirme)\\İSG\\Başlangıç.cs:line 1389\r<br />\n   at System.Windows.Forms.Control.OnClick(EventArgs e)\r<br />\n   at System.Windows.Forms.Button.OnClick(EventArgs e)\r<br />\n   at System.Windows.Forms.Button.OnMouseUp(MouseEventArgs mevent)\r<br />\n   at System.Windows.Forms.Control.WmMouseUp(Message&amp; m, MouseButtons button, Int32 clicks)\r<br />\n   at System.Windows.Forms.Control.WndProc(Message&amp; m)\r<br />\n   at System.Windows.Forms.ButtonBase.WndProc(Message&amp; m)\r<br />\n   at System.Windows.Forms.Button.WndProc(Message&amp; m)\r<br />\n   at System.Windows.Forms.Control.ControlNativeWindow.OnMessage(Message&amp; m)\r<br />\n   at System.Windows.Forms.Control.ControlNativeWindow.WndProc(Message&amp; m)\r<br />\n   at System.Windows.Forms.NativeWindow.DebuggableCallback(IntPtr hWnd, Int32 msg, IntPtr wparam, IntPtr lparam)\r<br />\n   at System.Windows.Forms.UnsafeNativeMethods.DispatchMessageW(MSG&amp; msg)\r<br />\n   at System.Windows.Forms.Application.ComponentManager.System.Windows.Forms.UnsafeNativeMethods.IMsoComponentManager.FPushMessageLoop(IntPtr dwComponentID, Int32 reason, Int32 pvLoopData)\r<br />\n   at System.Windows.Forms.Application.ThreadContext.RunMessageLoopInner(Int32 reason, ApplicationContext context)\r<br />\n   at System.Windows.Forms.Application.ThreadContext.RunMessageLoop(Int32 reason, ApplicationContext context)\r<br />\n   at System.Windows.Forms.Application.Run(Form mainForm)\r<br />\n   at TMatik.Program.Main() in C:\\Users\\Wolver\\Desktop\\Access İş (Geliştirme)\\İSG\\Program.cs:line 53<br />\n",
    "PostedDate": "2017-10-15T03:25:52.13-07:00",
    "UserRole": null,
    "MarkedAsAnswerDate": null
  }
]