[
  {
    "Id": "1109337",
    "ThreadId": "462750",
    "Html": "Hi \r<br />\nI'm trying to use HtmlRender.Render to generate bitmap of some HTML text, but the generated image just has black text without any sort of formatting (colors, fonts, background, etc.)\r<br />\n<br />\nThe code is pretty simple:<br />\n<pre><code>        Bitmap bmp = new Bitmap(width, height);\n        PointF point = new PointF(0, 0);\n        SizeF maxSize = new System.Drawing.SizeF(width, height);\n\n        HtmlRenderer.HtmlRender.Render(Graphics.FromImage(bmp), html, point, maxSize);\n</code></pre>\n\nI tried also to create a simple cssData object and pass it to the call, but didn't work. I used:<br />\n<pre><code>       var css = HtmlRenderer.CssData.Parse(GetStylesheet(), true);</code></pre>\n\nwhere GetStyleSheet() is a simple function that returns a style sheet (copied from the Demo app)\r<br />\n<br />\nWhat am I missing? I'm pretty sure it is something simple... I'm kind of newbie here :)\r<br />\n<br />\nthanks\r<br />\nBhima<br />\n",
    "PostedDate": "2013-10-18T11:31:05.25-07:00",
    "UserRole": null,
    "MarkedAsAnswerDate": null
  },
  {
    "Id": "1109510",
    "ThreadId": "462750",
    "Html": "Update to 1.4.8.0 and use HtmlRender.RenderToImage method.\r<br />\nIf you still have issues please post a sample html.<br />\n",
    "PostedDate": "2013-10-19T08:49:35.133-07:00",
    "UserRole": null,
    "MarkedAsAnswerDate": null
  },
  {
    "Id": "1241181",
    "ThreadId": "462750",
    "Html": "Hi I am facing a similar issue. Here is my function to render image:<br />\n<pre><code>private void SaveImageFromHtml(MvcHtmlString html)\n        {\n            var decodedHtml = html.ToHtmlString();\n            var cssData = HtmlRenderer.CssData.Parse(GetStyleSheet(), true);\n            Image image = HtmlRender.RenderToImage(decodedHtml, cssData: cssData);\n\n            var bitmap = new Bitmap(image);\n            bitmap.Save(@&quot;D:\\Test.png&quot;, ImageFormat.Png);\n        }</code></pre>\n\nThe GetStyleFunction() is simple:<br />\n<pre><code>private string GetStyleSheet()\n        {\n            return @&quot;.inner {\n                        width:960px;\n                        margin: 0px auto;\n                    }\n\n                    .inner .left-col {\n                        width: 200px;\n                        height:1200px;\n                        background-color: #2c2c2c;\n                        display:block;\n                        font-family:Tahoma, Geneva, sans-serif;\n                        font-size:40px;\n                        color:#999;\n                        text-align:center;\n                        float:left;\n                    }\n      }</code></pre>\n\nBut the image is produced with no css styling being applied. I am not sure what is happening. I am using version 1.4.14.0\r<br />\nAny pointers will be much appreciated!<br />\n",
    "PostedDate": "2014-05-04T03:04:44.71-07:00",
    "UserRole": null,
    "MarkedAsAnswerDate": null
  },
  {
    "Id": "1241210",
    "ThreadId": "462750",
    "Html": "<ol>\n<li>tested with &quot;&lt;p class='inner'&gt;hello &lt;p class='left-col'&gt;world&lt;/p&gt;&lt;/p&gt;&quot; and the styles were applied, can you add a sample html.</li>\n<li>float style is not supported, sorry.</li>\n<li>you don't need to wrap the returned image with another image.</li>\n<li>how is that similar to bhima1 issue?</li>\n</ol>\n",
    "PostedDate": "2014-05-04T06:25:05.67-07:00",
    "UserRole": null,
    "MarkedAsAnswerDate": null
  },
  {
    "Id": "1241222",
    "ThreadId": "462750",
    "Html": "Hey, thanks for your reply. I said it was similar in the sense that I was struggling with the css styles. I had no idea that float isnt supported. That was probably the issue, as I saw everything getting just stacked up. \r<br />\nHere is a sample Html<br />\n<pre><code>&lt;!DOCTYPE html PUBLIC &quot;-//W3C//DTD XHTML 1.0 Transitional//EN&quot; &quot;http://www.w3.org/TR/xhtml1/DTD/xhtml1-transitional.dtd&quot;&gt;\n\n\n&lt;html xmlns=&quot;http://www.w3.org/1999/xhtml&quot;&gt;\n    &lt;head&gt;\n        &lt;meta http-equiv=&quot;Content-Type&quot; content=&quot;text/html; charset=utf-8&quot; /&gt;\n        &lt;title&gt;Untitled Document&lt;/title&gt;\n    &lt;style type=&quot;text/css&quot;&gt;\n        .inner {\n            width: 960px;\n            margin: 0px auto;\n        }\n\n            .inner .left-col {\n                width: 200px;\n                height: 1200px;\n                background-color: #2c2c2c;\n                display: block;\n                font-family: Tahoma, Geneva, sans-serif;\n                font-size: 40px;\n                color: #999;\n                text-align: center;\n                float: left;\n            }\n\n            .inner .header {\n                height: 200px;\n                width: 760px;\n                background-color: #bd212f;\n                float: right;\n            }\n\n            .inner .title {\n                width: 710px;\n                height: 60px;\n                line-height: 60px;\n                background: #36C;\n                float: right;\n                margin: 15px;\n                padding: 10px;\n                font-family: Verdana, Geneva, sans-serif;\n                color: #fff;\n                font-size: 30px;\n            }\n\n            .inner .product-info {\n                width: 730px;\n                float: right;\n                margin-right: 15px;\n            }\n\n                .inner .product-info .image_url {\n                    width: 450px;\n                    float: left;\n                    border: 2px solid #333;\n                }\n\n                    .inner .product-info .image_url img {\n                        max-width: 450px;\n                    }\n\n                .inner .product-info .info-1 {\n                    width: 240px;\n                    float: right;\n                    height: 334px;\n                    background-color: #666;\n                    padding: 10px;\n                }\n\n\n                    .inner .product-info .info-1 h1 {\n                        font-family: Tahoma, Geneva, sans-serif;\n                        font-size: 16px;\n                        color: #fff;\n                        padding: 0px;\n                        line-height: 10px;\n                    }\n\n                .inner .product-info .description {\n                    float: right;\n                    margin-top: 15px;\n                    display: block;\n                    padding: 5px;\n                    width: 720px;\n                }\n\n                .inner .product-info .alt-images {\n                    float: right;\n                    width: 730px;\n                    height: 200px;\n                    margin-top: 20px;\n                }\n                    .inner .product-info .alt-images ul {\n                        padding: 0;\n                        margin: 0;\n                    }\n\n                        .inner .product-info .alt-images ul li {\n                            list-style: none;\n                            display: inline;\n                            margin-right: 5px;\n                            border: 1px solid #e1e1e1;\n                        }\n\n                            .inner .product-info .alt-images ul li.last {\n                                margin-right: 0px;\n                            }\n\n                    .inner .product-info .alt-images li img {\n                        max-width: 233px;\n                    }\n    \n\n    &lt;/style&gt;\n    &lt;/head&gt;\n    &lt;body&gt;\n        &lt;div id=&quot;wrapper&quot;&gt;\n            &lt;div class=&quot;inner&quot;&gt;\n                &lt;div class=&quot;left-col&quot;&gt;&lt;/div&gt;\n                &lt;div class=&quot;header&quot;&gt;&lt;/div&gt;\n                &lt;div class=&quot;title&quot;&gt;&lt;/div&gt;\n                &lt;div class=&quot;product-info&quot; style=&quot;width:730px; float:right; margin-right:15px;&quot;&gt;\n                    &lt;div class=&quot;image_url&quot; style=&quot;width:450px; float:left; border:2px solid #333;&quot;&gt;\n                        \n                    &lt;/div&gt;\n                    &lt;div class=&quot;info-1&quot;&gt;&lt;h1&gt;Technical Specifications&lt;/h1&gt;\n                        &lt;ul class=&quot;desc&quot;&gt;\n                            &lt;li class=&quot;brand&quot;&gt;&lt;/li&gt;\n                            &lt;li class=&quot;filling&quot;&gt;&lt;/li&gt;\n                            &lt;li class=&quot;cover&quot;&gt;&lt;/li&gt;\n                            &lt;li class=&quot;wash_care&quot;&gt;&lt;/li&gt;\n                        &lt;/ul&gt;\n                        &lt;table&gt;\n                            &lt;tr&gt;\n                                &lt;td&gt;Offer Price(Ex.VAT)&lt;/td&gt;\n                                &lt;td&gt;Reference Site Price(Inc.VAT)&lt;/td&gt;\n                            &lt;/tr&gt;\n                            &lt;tr&gt;\n                                &lt;td class=&quot;item_1&quot;&gt;&lt;/td&gt;\n                                &lt;td class=&quot;item_1_price&quot;&gt;&lt;/td&gt;\n                                &lt;td class=&quot;item_1_rrp&quot;&gt;&lt;/td&gt;\n                            &lt;/tr&gt;\n                            &lt;tr&gt;\n                                &lt;td class=&quot;item_2&quot;&gt;&lt;/td&gt;\n                                &lt;td class=&quot;item_2_price&quot;&gt;&lt;/td&gt;\n                                &lt;td class=&quot;item_2_rrp&quot;&gt;&lt;/td&gt;\n                            &lt;/tr&gt;\n                            &lt;tr&gt;\n                                &lt;td class=&quot;item_3&quot;&gt;&lt;/td&gt;\n                                &lt;td class=&quot;item_3_price&quot;&gt;&lt;/td&gt;\n                                &lt;td class=&quot;item_3_rrp&quot;&gt;&lt;/td&gt;\n                            &lt;/tr&gt;\n                        &lt;/table&gt;\n                    &lt;/div&gt;\n                    &lt;div class=&quot;description&quot;&gt;\n                        Test description...\n                    &lt;/div&gt;\n                    &lt;div class=&quot;alt-images&quot;&gt;\n                        &lt;ul&gt;\n                            &lt;li class=&quot;image_1_url&quot;&gt;&lt;/li&gt;\n                            &lt;li class=&quot;image_2_url&quot;&gt;&lt;/li&gt;\n                            &lt;li class=&quot;image_3_url&quot;&gt;&lt;/li&gt;\n                        &lt;/ul&gt;\n                    &lt;/div&gt;\n                &lt;/div&gt;\n\n            &lt;/div&gt;\n        &lt;/div&gt;\n    &lt;/body&gt;\n&lt;/html&gt;</code></pre>\n\nIf you could possibly suggest a workaround that will be great. Thank you very much for your response and help<br />\n",
    "PostedDate": "2014-05-04T07:16:28.263-07:00",
    "UserRole": null,
    "MarkedAsAnswerDate": null
  },
  {
    "Id": "1241241",
    "ThreadId": "462750",
    "Html": "Hi, Just to update, I ended up using a Table structure instead of &lt;div&gt; with float enabled. I could have possibly done it using &lt;div&gt; positioning and text-align css properties too. But thought table structure was simpler\r<br />\n<br />\nAnyways, thanks for letting me know that floats arent supported. It led me to look in the right direction. Much appreciated. \r<br />\nFantastic work with the project though. Keep up the good work.<br />\n",
    "PostedDate": "2014-05-04T08:11:36.99-07:00",
    "UserRole": null,
    "MarkedAsAnswerDate": "2014-05-04T08:53:19.96-07:00"
  }
]