[
  {
    "Id": "915845",
    "ThreadId": "396439",
    "Html": "\r\n<p>Hello guys...</p>\r\n<p>I'm doing some tests with html renders in windows forms, i liked&nbsp;pretty&nbsp;much this library.</p>\r\n<p>But, I can't find some &quot;selection&quot; option for the render...</p>\r\n<p>&nbsp;</p>\r\n<p>I want to select some words to &quot;Copy&quot; (CTRL&#43;C). How can I do that ??</p>\r\n<p>&nbsp;</p>\r\n<p>Thanks a lot!! ;)</p>\r\n<p>&nbsp;</p>\r\n<p>Keep up with the good work !</p>\r\n",
    "PostedDate": "2012-09-21T11:28:45.827-07:00",
    "UserRole": null,
    "MarkedAsAnswerDate": null
  },
  {
    "Id": "940973",
    "ThreadId": "396439",
    "Html": "\r\n<p>added in 1.1.0.0</p>\r\n",
    "PostedDate": "2012-11-13T06:37:47.78-08:00",
    "UserRole": null,
    "MarkedAsAnswerDate": null
  },
  {
    "Id": "940982",
    "ThreadId": "396439",
    "Html": "\r\n<p>Awesome</p>\r\n<p>Thank youuu !!</p>\r\n",
    "PostedDate": "2012-11-13T06:46:06.9-08:00",
    "UserRole": null,
    "MarkedAsAnswerDate": null
  }
]