[
  {
    "Id": "1085008",
    "ThreadId": "454560",
    "Html": "Hello,\r<br />\nas I wrote on Ticket 8941 the HEX representation does not work correctly. With version 1.4.6.0 it looks better, but not correctly. The following example shows the problem.<br />\n<pre><code>&lt;p&gt;&lt;a href=&quot;&amp;#109;&amp;#97;&amp;#x69;&amp;#108;&amp;#x74;&amp;#x6f;:&amp;#x74;&amp;#x68;&amp;#105;&amp;#115;&amp;#x2d;&amp;#105;&amp;#115;&amp;#x2d;&amp;#x61;&amp;#x2d;&amp;#116;&amp;#x65;&amp;#x73;&amp;#x74;&amp;#64;&amp;#x65;&amp;#x78;&amp;#x61;&amp;#x6d;&amp;#x70;&amp;#108;&amp;#x65;&amp;#46;&amp;#x63;&amp;#x6f;&amp;#x6d;&quot;&gt;&amp;#x74;&amp;#x68;&amp;#105;&amp;#115;&amp;#x2d;&amp;#105;&amp;#115;&amp;#x2d;&amp;#x61;&amp;#x2d;&amp;#116;&amp;#x65;&amp;#x73;&amp;#x74;&amp;#64;&amp;#x65;&amp;#x78;&amp;#x61;&amp;#x6d;&amp;#x70;&amp;#108;&amp;#x65;&amp;#46;&amp;#x63;&amp;#x6f;&amp;#x6d;&lt;/a&gt;&lt;/p&gt;</code></pre>\n\nI expect<br />\n<pre><code>this-is-a-test@example.com</code></pre>\n\nand the result is<br />\n<pre><code>something linke: this\u0002d;is\u0002d;a\u0002d;test@exa\u0006d;ple.c\u0006f;\u0006d;</code></pre>\n\nMaybe the problem is that the &quot;mailto:&quot; tag is also encoded. If you put the code in Firefox ist works.\r<br />\n<br />\nThank you.<br />\n",
    "PostedDate": "2013-08-26T10:10:59.143-07:00",
    "UserRole": null,
    "MarkedAsAnswerDate": null
  },
  {
    "Id": "1085268",
    "ThreadId": "454560",
    "Html": "Sorry about that, uploaded a fixed version.<br />\n",
    "PostedDate": "2013-08-27T00:48:47.557-07:00",
    "UserRole": null,
    "MarkedAsAnswerDate": null
  },
  {
    "Id": "1085462",
    "ThreadId": "454560",
    "Html": "Hello,\r<br />\nI have test it with the update and it works fine.\r<br />\n<br />\nThank you.<br />\n",
    "PostedDate": "2013-08-27T09:23:25.7-07:00",
    "UserRole": null,
    "MarkedAsAnswerDate": null
  }
]