[
  {
    "Id": "1022648",
    "ThreadId": "438380",
    "Html": "Hi there,\r<br />\n<br />\nI've integrated HtmlRenderer into my program and it is a huge improvement over the RichTextBox.  Scrolling is smoother and flicker free, and it supports transaprency AND font smooting at the same time, which is a huge bonus.  I was pleased to find that HtmlPanel supports Transparency as well, not just the HtmlLabel.\r<br />\n<br />\nHowever, one thing I haven't been able to figure out a solution to is how to use fonts that aren't installed on the system, but are embedded in my application.  I deploy TTF's as an embedded resource within the exe, and create Font objects at runtime out of them which can then be assigned to Windows Forms controls.  This way, less common fonts such as Moderne Fraktur and Apple Garamond can be successfully used within the application, without ever having been installed to the system.  Yes, it does work. ;-)\r<br />\n<br />\nThe problem is it seems that HtmlRenderer will only pick these fonts up by default if they are installed in the system (not a suprise naturally).  I'd rather not have my application install them into the system if it is not necessary.  Normally I would have an installer put these font files into the system, but this application IS an installer/launcher/patcher, and will not have it's own installation package.  It's essentially a bootstrapping download agent that doubles as the patcher and launcher for a MMO game.  You download and run this small program, log in, and then it deploys the rest of the game over the Internet.  So far it doesn't touch anything outside of the game deployment dir or user AppData, and I'd like to keep it that way.\r<br />\n<br />\nIs there any straight-forward way to &quot;feed&quot; the fonts I've loaded into memory into the HtmlRenderer so that when font-family styles are evaluated, it will find and use them?\r<br />\n<br />\nThanks,\r<br />\nRyan<br />\n",
    "PostedDate": "2013-03-28T14:24:34.723-07:00",
    "UserRole": null,
    "MarkedAsAnswerDate": null
  },
  {
    "Id": "1023097",
    "ThreadId": "438380",
    "Html": "OK so I looked into this some more and have a solution to propose.\r<br />\n<br />\nThe key is in CssUtils.GetCachedFont(), which is the only place in the code where Font's are created.\r<br />\n<br />\nThis is the relevant code:<br />\n<pre><code>        if (font == null)\n        {\n            font = new Font(family, size, style);\n            _fontsCache[family][size][style] = font;\n        }\n</code></pre>\n\nThat particular Font() constructor which takes the family name will only look into the INSTALLED fonts on the system.  If the family name is not found, MS Sans Serif is substituted.  That's straight from MS Docs.  The problem is the application may have fonts loaded into memory via PrivateFontCollection, and they may not be installed in the system.  My application does this, and there are many reasons why you would want to do this.  If you Google &quot;C# embed font&quot; you will find tons of info on it.\r<br />\n<br />\nAlternatively if you use the Font() constructor which takes the FontFamily instance, then the font does not have to be installed on the system, and for example can be loaded into a PrivateFontCollection() instance instead.  The other way to look at this is if the FontFamily is already in memory, the the Font() constructor has no need to go look at the system fonts, it is already in memory.\r<br />\n<br />\nSo what I suggest is we do the following:<br />\n<ul>\n<li>expose a new library-level public singleton PrivateFonts for setting an optional global PrivateFontCollection instance via property of the same name.</li>\n<li>\nmodify GetCachedFont() so that when it needs to create an uncached font, it first checks the singleton to see if the requested font family has already been loaded into memory.  If it is, then the Font(FontFamily, string, string) ctor is used to directly create the font from the in-memory font family.  If the FontFamily is not found, then the other constructor is used to load the font from the system installed fonts.<br />\n</li>\n</ul>\nAs you can see, a nice side-effect of this solution is it avoids the good'ol &quot;Windows Font Fight&quot; between applications.  One major shortfall of Windows is it has ONE place to store ALL fonts shared among ALL applications.  Two applications that installed different versions of the same font will fight, and the last in wins, and the first one ends up using the wrong font.  With this solution, the application would always embed the specific fonts it uses as Embedded Resources, load them into it's own PrivateFontCollection, and it can then set this reference into a library singleton for HtmlRenderer.  The application would then be guaranteed to always get the correct fonts, regardless of what fonts are or are not installed on the system.\r<br />\n<br />\nSo this solution would add one new source file for the singleton, and minor modification to CssUtils.GetCachedFont().\r<br />\n<br />\nWhat do you think?  I can't think of any reason why this wouldn't work.\r<br />\n<br />\nLater,\r<br />\nRyan<br />\n",
    "PostedDate": "2013-03-29T19:14:28.29-07:00",
    "UserRole": null,
    "MarkedAsAnswerDate": null
  },
  {
    "Id": "1023270",
    "ThreadId": "438380",
    "Html": "OK so I made the changes.  They work great.  I ended up using a factory pattern as it was more flexible, and allowed me to only have to change two lines of existing code:\r<br />\n<br />\nIn CssUtils.GetCachedFont() change the creation line to:<br />\n<pre><code>                font = CssFontFactory.Instance.Create(family, size, style);\n                // font = new Font(family, size, style); &lt;-- this is the old line</code></pre>\n\nIn CssUtils IsFontExists() change the return line to:<br />\n<pre><code>            return CssFontFactory.Instance.Contains(fontFamily) || _existingFonts.ContainsKey(fontFamily);\n            // return _existingFonts.ContainsKey(fontFamily); &lt;-- this is the old line</code></pre>\n\nAnd then simply add the new class CssFontFactory which is as follows:<br />\n<pre><code>// &quot;Therefore those skilled at the unorthodox\n// are infinite as heaven and earth,\n// inexhaustible as the great rivers.\n// When they come to an end,\n// they bagin again,\n// like the days and months;\n// they die and are reborn,\n// like the four seasons.&quot;\n// \n// - Sun Tsu,\n// &quot;The Art of War&quot;\n\nusing System;\nusing System.Collections.Generic;\nusing System.Diagnostics;\nusing System.Drawing;\nusing System.Drawing.Text;\nusing System.Runtime.InteropServices;\n\n\nnamespace HtmlRenderer\n{\n    /// &lt;summary&gt;\n    /// Global public singleton for creating fonts from in-memory FontFamiliy instances or from installed system fonts.\n    /// FontFamily instances may be added through one of several Add overloads.\n    /// The Font instance is created from the Create method which will use the FontFamily if found, or the system fonts if not.\n    /// &lt;/summary&gt;\n    public class CssFontFactory\n    {\n        // static members\n        private static volatile CssFontFactory _instance = null;\n        private static object _syncRoot = new Object();\n\n        // instance members\n        private Dictionary&lt;string, FontFamily&gt; _fontFamilies;\n\n\n        /// &lt;summary&gt;\n        /// Instace method for retrieving the singleton font factory.\n        /// &lt;/summary&gt;\n        public static CssFontFactory Instance\n        {\n            get\n            {\n                if (_instance == null)\n                {\n                    lock (_syncRoot)\n                    {\n                        if (_instance == null)\n                        {\n                            _instance = new CssFontFactory();\n                        }\n                    }\n                }\n                return _instance;\n            }\n        }\n\n        /// &lt;summary&gt;\n        /// Constructor for the font factory. This is private and only created from the Instance property get.\n        /// &lt;/summary&gt;\n        private CssFontFactory()\n        {\n            _fontFamilies = new Dictionary&lt;string, FontFamily&gt;();\n        }\n\n        /// &lt;summary&gt;\n        /// Attempts to create and returns the Font with the specified family, size, and style.\n        /// If a matching FontFamily has previously been added via AddFontFamily, then it will be used for creating the Font.\n        /// Othewise the font will be created directly from the installed system fonts if the Font is installed\n        /// If the font is not found in that case, .Net will return MS Sans Serif as the Font.\n        /// &lt;/summary&gt;\n        /// &lt;param name=&quot;family&quot;&gt;The font family name of the font to create.&lt;/param&gt;\n        /// &lt;param name=&quot;size&quot;&gt;The point size of the font to create.&lt;/param&gt;\n        /// &lt;param name=&quot;style&quot;&gt;The style of the font to create.&lt;/param&gt;\n        /// &lt;returns&gt;&lt;/returns&gt;\n        public Font Create(string family, float size, FontStyle style)\n        {\n            Debug.WriteLine(&quot;[CssFontFactory] Looking up font family: &quot; + family);\n\n            family = family.ToLower();\n\n            FontFamily foundFamily;\n            _fontFamilies.TryGetValue(family, out foundFamily);\n\n            if (foundFamily != null)\n            {\n                Debug.WriteLine(&quot;[CssFontFactory] Family found: &quot; + family);\n\n                return new Font(foundFamily, size, style);\n            }\n            else\n            {\n                Debug.WriteLine(&quot;[CssFontFactory] Family NOT found: &quot; + family);\n\n                return new Font(family, size, style);\n            }\n        }\n\n        /// &lt;summary&gt;\n        /// Used to determine if a particular font family has been added to the factory.\n        /// &lt;/summary&gt;\n        /// &lt;param name=&quot;family&quot;&gt;The font family name to search for.&lt;/param&gt;\n        /// &lt;returns&gt; Returns true if the font family has been added, false otherwise.&lt;/returns&gt;\n        public bool Contains(string family)\n        {\n            family = family.ToLower();\n            return _fontFamilies.ContainsKey(family);\n        }\n\n        /// &lt;summary&gt;\n        /// Adds a single font family to the factory.\n        /// &lt;/summary&gt;\n        /// &lt;param name=&quot;fontFamily&quot;&gt;The font family to add.&lt;/param&gt;\n        public void Add(FontFamily fontFamily)\n        {\n            if (fontFamily == null) throw new ArgumentNullException(&quot;fontFamily may not be null&quot;);\n\n            _fontFamilies[fontFamily.Name.ToLower()] = fontFamily; // overwrite if already in the dictionary\n\n            Debug.WriteLine(&quot;[CssFontFactory] Added font family: &quot; + fontFamily.Name);\n        }\n\n        /// &lt;summary&gt;\n        /// Adds an array of font families to the factory.\n        /// &lt;/summary&gt;\n        /// &lt;param name=&quot;fontFamilies&quot;&gt;&lt;/param&gt;\n        private void Add(FontFamily[] fontFamilies)\n        {\n            if (fontFamilies == null) throw new ArgumentNullException(&quot;fontFamilies may not be null&quot;);\n\n            for (int i = 0; i &lt; fontFamilies.Length; i++)\n            {\n                Add(fontFamilies[i]);\n            }\n        }\n\n        /// &lt;summary&gt;\n        /// Adds all font families contained in the PrivateFontCollection to the factory.\n        /// &lt;/summary&gt;\n        /// &lt;param name=&quot;collection&quot;&gt;&lt;/param&gt;\n        public void Add(PrivateFontCollection collection)\n        {\n            if (collection == null) throw new ArgumentNullException(&quot;collection may not be null&quot;);\n\n            Add(collection.Families);\n        }\n    }\n}\n</code></pre>\n\nThat's it!  Now any class can simply pass their own PrivateFontCollecion into CssFontFactory.Instance.Add() and from that point forward, all private fonts used by the application will now be used by HtmlRenderer as well.\r<br />\n<br />\nLet me know if any question.\r<br />\n<br />\nThanks,\r<br />\nRyan<br />\n",
    "PostedDate": "2013-03-30T10:13:39.39-07:00",
    "UserRole": null,
    "MarkedAsAnswerDate": null
  },
  {
    "Id": "1024395",
    "ThreadId": "438380",
    "Html": "How do you deal with the lack of certain fonts (Helvetica is an easy one) that aren't installed, but are very common in HTML / CSS code?  Are you just going to bundle up a set of Browser fonts?  Perhaps it's not a problem, but I swear I had some CSS that called out for Helvetica exclusively, and was rendered horribly with HTMLRenderer.<br />\n\r<br />\nIn that case, IE / Chrome / FireFox would likely have an internal mapping -&gt; Arial, no?  Do we need to add this functionality?\r<br />\n<br />\nI found this list here <a href=\"http://www.example.com\" rel=\"nofollow\">http://www.ampsoft.net/webdesign-l/WindowsMacFonts.html</a> of common fonts.<br />\n",
    "PostedDate": "2013-04-02T11:14:46.35-07:00",
    "UserRole": null,
    "MarkedAsAnswerDate": null
  },
  {
    "Id": "1024419",
    "ThreadId": "438380",
    "Html": "Great point.  No you are right that is a problem, and yes the solution I built could solve it as is, but perhaps it is not the most elegant solution for those general cases.  Every application wo uld have to add the fonts they think they will need.  In my app's case this isn't a problem, I <em>know</em> exactly what fonts I will ever run into.  But in other apps they may be pointing to content that has not yet been created, and it may reference a font that simply isn't on the system.  The way HtmlRenderer does this today is it delegates to the parent through inheritance, and eventually to MS sans serif.<br />\n<br />\nI do think technically what I proposed is the right solution, but perhaps for very common fonts that are often missing from HtmlRenderer could actually embed them within the assembly itself.  During FontFactory constructor it would add these embedded fonts to the FontFactory.  Philosophically it is no different than the fact that it HtmlRenderer comes with it's own default base CSS.  You don't have to start from scratch with your CSS.  You could say the same for the fonts, for common web fonts, they would already be included.  The downside is this would slightly bloat the HtmlRenderer assembly.  At a minimum, all of the fonts referenced by the default CSS should come from HtmlRenderer.  That way it always has coverage for itself now matter what the end user has done to the local system. <br />\n<br />\nBy having these be loaded during FontFactory constructor, since it is a singleton, you could also then provide a FontFactory.Instance.Clear() method so that application that want to use THEIR OWN Helvetica for example can simply call Clear() before adding in their own FontFamily instances.  That way some users get the benefit of automatic coverage for all common fonts, but other users who wish to ensure that THEIR version of those fonts are used for THEIR application and re-bundled them, and add them after calling Clear().<br />\n<br />\nBest of both worlds.<br />\n<br />\nThoughts?<br />\n<br />\nLater,<br />\nRyan<br />\n",
    "PostedDate": "2013-04-02T11:59:17.68-07:00",
    "UserRole": null,
    "MarkedAsAnswerDate": null
  },
  {
    "Id": "1026760",
    "ThreadId": "438380",
    "Html": "In next version I will add support for adding custom font, similar to what you did with CssFontFactory but no exactly for performance reasons.\r<br />\nalso I will add unavailable font mapping option, so the user can define if 'Helvetica' doesn't exists it will use 'Arial'.\r<br />\nFont are very expensive, I don't want to bloat the dll for everyone.<br />\n",
    "PostedDate": "2013-04-07T05:01:31.127-07:00",
    "UserRole": null,
    "MarkedAsAnswerDate": null
  },
  {
    "Id": "1026813",
    "ThreadId": "438380",
    "Html": "Gotcha, as long as it’s still easy to use so that somebody who has custom loaded their font families can register them with the library.  Keep in mind these could be either file or memory fonts, right now the control works with either, which is great and would be nice to keep it that way.\r<br />\n<br />\nAre you planning on keeping the custom font submission global, or per control?  Global met my needs and was simple, but there could in theory be somebody who wants to use one set of fonts for one control, and a different set for different control…but I didn’t need that as I only have one instance of HtmlPanel.\r<br />\n<br />\nAlso, as mentioned in the other thread I have selection text fore and back color working,  Right now they are both simply constants that you can hardcode in CssUtils (selection backcolor was already there, but I added forecolor).  As part of adding this I made the selection be whole-word just like in Outlook / Word / IE.  Anyway, it would be fantastic if the ::selection style was honored.  I didn’t bite that off because hardcoding it into the code of my custom build was acceptable for now.  But it would be great if ::selection style was honored.\r<br />\n<br />\nLater,\r<br />\nRyan<br />\n",
    "PostedDate": "2013-04-07T10:12:36.323-07:00",
    "UserRole": null,
    "MarkedAsAnswerDate": null
  },
  {
    "Id": "1359325",
    "ThreadId": "438380",
    "Html": "Hi TheRhinoDude,\r<br />\n<br />\nWould this solution to add custom fonts work to render as a PDF?\r<br />\n<br />\nThanks<br />\n",
    "PostedDate": "2015-03-03T06:15:06.36-08:00",
    "UserRole": null,
    "MarkedAsAnswerDate": null
  }
]