[
  {
    "Id": "1055553",
    "ThreadId": "446724",
    "Html": "Hello,\r<br />\n<br />\nI am trying to convert an html file that contain an SVG image, to an image. Its apparently not working : on the resulting image i have all the datas, but not the drawings. Html Renderer doesnt support SVG conversion ?<br />\n",
    "PostedDate": "2013-06-11T12:54:27.44-07:00",
    "UserRole": null,
    "MarkedAsAnswerDate": null
  },
  {
    "Id": "1055681",
    "ThreadId": "446724",
    "Html": "Unfortunately .NET doesn't support SVG format and so HTML Renderer doesn't, I might add it in the future by means of external library.\r<br />\nCurrently you can use external solutions to convert the SVG to PNG:<br />\n<ul>\n<li><a href=\"https://svg.codeplex.com/releases/view/18884\" rel=\"nofollow\">https://svg.codeplex.com/releases/view/18884</a></li>\n<li><a href=\"http://www.codeproject.com/Articles/127039/SharpVectors-SVG-Reloaded-An-Introduction\" rel=\"nofollow\">http://www.codeproject.com/Articles/127039/SharpVectors-SVG-Reloaded-An-Introduction</a></li>\n</ul>\n",
    "PostedDate": "2013-06-12T00:06:58.763-07:00",
    "UserRole": null,
    "MarkedAsAnswerDate": null
  }
]