[
  {
    "Id": "894401",
    "ThreadId": "389920",
    "Html": "\r\n<p>CssValue doesn't handle data URIs which can be very handy for passing small images. The additional code to support them is small.</p>\r\n<p>In CssValue::GetImage(string path):</p>\r\n<p></p>\r\n<div style=\"color:black; background-color:white\">\r\n<pre>Uri uri = source <span style=\"color:blue\">as</span> Uri;\n</pre>\r\n</div>\r\n<p></p>\r\n<p>near the top and then, later:</p>\r\n<p></p>\r\n<div style=\"color:black; background-color:white\">\r\n<pre><span style=\"color:blue\">else</span> <span style=\"color:blue\">if</span> (uri != <span style=\"color:blue\">null</span> &amp;&amp; uri.Scheme == <span style=\"color:#a31515\">&quot;data&quot;</span>)\n{\n    <span style=\"color:green\">// parse the data URI:</span>\n    <span style=\"color:green\">//   data:([mediatype])?(;base64)?,</span>\n    <span style=\"color:green\">//   where [mediatype] is</span>\n    <span style=\"color:green\">//      [type]/[subtype](;[param name]=[param value])*</span>\n    <span style=\"color:green\">// Here, we only care about images so we look only for </span>\n    <span style=\"color:green\">// [type]=&quot;image&quot; and ignore everything else. This means</span>\n    <span style=\"color:green\">// we accept ill-formed data URIs but so do many browsers.</span>\n    <span style=\"color:blue\">string</span>[] s = \n        uri.OriginalString.Substring(uri.OriginalString.IndexOf(<span style=\"color:#a31515\">':'</span>) &#43; 1).Split(<span style=\"color:blue\">new</span>[] { <span style=\"color:#a31515\">','</span> }, 2);\n    <span style=\"color:blue\">if</span> (s.Length == 2)\n    {\n        <span style=\"color:blue\">var</span> mediaTypeParametersAndBase64 = \n          s[0].Split(<span style=\"color:blue\">new</span>[] { <span style=\"color:#a31515\">';'</span> }).Select(part =&gt; part.Trim().ToLower()).ToList();\n        <span style=\"color:blue\">if</span> (mediaTypeParametersAndBase64.Count(part =&gt; part.StartsWith(<span style=\"color:#a31515\">&quot;image/&quot;</span>)) != 0)\n        {\n            <span style=\"color:blue\">byte</span>[] imageData = mediaTypeParametersAndBase64.Count(part =&gt; part == <span style=\"color:#a31515\">&quot;base64&quot;</span>) != 0\n                                   ? Convert.FromBase64String(s[1].Trim())\n                                   : <span style=\"color:blue\">new</span> System.Text.UTF8Encoding().GetBytes(\n                                       Uri.UnescapeDataString(s[1].Trim()));\n            <span style=\"color:blue\">return</span> Image.FromStream(<span style=\"color:blue\">new</span> MemoryStream(imageData));\n        }\n    }\n\n    <span style=\"color:blue\">return</span> <span style=\"color:blue\">null</span>;\n}\n</pre>\r\n</div>\r\n<p></p>\r\n",
    "PostedDate": "2012-08-01T17:09:16.917-07:00",
    "UserRole": null,
    "MarkedAsAnswerDate": null
  },
  {
    "Id": "940975",
    "ThreadId": "389920",
    "Html": "\r\n<p>fixed in 1.1.0.0</p>\r\n",
    "PostedDate": "2012-11-13T06:39:03.333-08:00",
    "UserRole": null,
    "MarkedAsAnswerDate": null
  },
  {
    "Id": "1348987",
    "ThreadId": "389920",
    "Html": "Could it be possible to use a base64 uri as a background image also ?<br />\n",
    "PostedDate": "2015-02-04T08:02:37.917-08:00",
    "UserRole": null,
    "MarkedAsAnswerDate": null
  }
]