[
  {
    "Id": "1481388",
    "ThreadId": "657228",
    "Html": "When trying to render the following bullet item the bullet gets a left margin of 20px as it should but when the text goes to the next line, it is again indented.<br />\n<pre><code>&lt;ul style=&quot;width: 100px&quot;&gt;\n&lt;li style=&quot;margin: 0 0 0 20px&quot;&gt;asdf asdf asdf asd fas df &lt;/li&gt;\n&lt;/ul&gt;</code></pre>\n\n",
    "PostedDate": "2016-08-17T12:06:28.703-07:00",
    "UserRole": null,
    "MarkedAsAnswerDate": null
  }
]