[
  {
    "Id": "1320678",
    "ThreadId": "571723",
    "Html": "Would you consider making your HTML and CSS parsers into a NuGet package or at least expose them as Public interfaces.<br />\n",
    "PostedDate": "2014-11-10T12:51:31.447-08:00",
    "UserRole": null,
    "MarkedAsAnswerDate": null
  },
  {
    "Id": "1322070",
    "ThreadId": "571723",
    "Html": "I don't think its a good investment, the current implementation is tailored for rendering purposes and not for general parsing.\r<br />\nI do believe there is open source solutions for this, as it is easier that a rendering library.\r<br />\n<a href=\"https://htmlagilitypack.codeplex.com/\" rel=\"nofollow\">Html Agility Pack</a>\r<br />\n<a href=\"https://github.com/TylerBrinks/ExCSS\" rel=\"nofollow\">ExCSS</a>\r<br />\n<br />\nNevertheless, you are welcome to fork and strip-down  the code for your needs.<br />\n",
    "PostedDate": "2014-11-14T00:41:59.323-08:00",
    "UserRole": null,
    "MarkedAsAnswerDate": null
  }
]