[
  {
    "Id": "1353094",
    "ThreadId": "581108",
    "Html": "I have a PNG from a database as <code>byte[]</code>. How can I set as a HTML image? I use this for PDF creation and the wiki/documentation is sadly lacking...<br />\n<pre><code>public void HandleImageLoad(object sender, HtmlImageLoadEventArgs args)\n{\n      var img = LoadFromSource();\n        if(img == null)\n        {\n            args.Handled = false;\n            args.Callback();\n            Log.Error(&quot;Missing image: {0}&quot;, args.Src);\n        }\n        else\n        {\n            args.Handled = true;\n            args.Callback(img.Data);\n        }                                       \n}</code></pre>\n\n",
    "PostedDate": "2015-02-16T07:32:06.237-08:00",
    "UserRole": null,
    "MarkedAsAnswerDate": null
  },
  {
    "Id": "1353940",
    "ThreadId": "581108",
    "Html": "<strong>For future reference:</strong><br />\nThe trick is to create a GDI image from a <code>MemoryStream</code> of the PNG picture. That can then be used to create a <code>XImage</code> as callback parameter.<br />\n<pre><code>using(var mem = new MemoryStream(img.Data))\n{\n    System.Drawing.Image sysImg = System.Drawing.Image.FromStream(mem, false, true);\n    XImage ximg = XImage.FromGdiPlusImage(sysImg);\n    args.Callback(ximg);\n}</code></pre>\n\n",
    "PostedDate": "2015-02-19T03:27:02.9-08:00",
    "UserRole": null,
    "MarkedAsAnswerDate": null
  }
]