[
  {
    "Id": "1070476",
    "ThreadId": "450587",
    "Html": "first of all, its a great project!\r<br />\n<br />\ni found a bug: &quot;white-space: nowrap&quot; not rendered correctly at resizing.\r<br />\n<br />\nHere is the sample code:\r<br />\n&quot;\r<br />\n&lt;html&gt;\r<br />\n&lt;body&gt;<br />\n&lt;div&gt;\r\n&lt;p&gt;\r\nThis:&lt;br/&gt;\r\n&lt;span style=&quot;white-space: nowrap; background-color: Silver;&quot;&gt;1. image001.jpg&lt;/span&gt;, \r\n&lt;span style=&quot;white-space: nowrap; background-color: Silver;&quot;&gt;2. image002.jpg&lt;/span&gt;, \r\n&lt;span style=&quot;white-space: nowrap; background-color: Silver;&quot;&gt;3. image003.jpg&lt;/span&gt;, \r\n&lt;span style=&quot;white-space: nowrap; background-color: Silver;&quot;&gt;4. image004.jpg&lt;/span&gt;, \r\n&lt;span style=&quot;white-space: nowrap; background-color: Silver;&quot;&gt;5. image005.jpg&lt;/span&gt;, \r\n&lt;span style=&quot;white-space: nowrap; background-color: Silver;&quot;&gt;6. image006.jpg&lt;/span&gt;, \r\n&lt;span style=&quot;white-space: nowrap; background-color: Silver;&quot;&gt;7. image007.jpg&lt;/span&gt;\r\n&lt;/p&gt;\r\n&lt;/div&gt;\r\n&lt;/body&gt;\r<br />\n&lt;/html&gt;\r<br />\n&quot;\r<br />\n<br />\nthanks!<br />\n",
    "PostedDate": "2013-07-19T06:53:11.797-07:00",
    "UserRole": null,
    "MarkedAsAnswerDate": null
  },
  {
    "Id": "1074012",
    "ThreadId": "450587",
    "Html": "Thx, will fix for next version (2-4 weeks).<br />\n",
    "PostedDate": "2013-07-27T23:46:14.327-07:00",
    "UserRole": null,
    "MarkedAsAnswerDate": null
  },
  {
    "Id": "1074013",
    "ThreadId": "450587",
    "Html": "This discussion has been copied to a work item. Click <a href=\"https://htmlrenderer.codeplex.com/workitem/8907\" rel=\"nofollow\">here</a> to go to the work item and continue the discussion.<br />\n",
    "PostedDate": "2013-07-27T23:47:36.837-07:00",
    "UserRole": null,
    "MarkedAsAnswerDate": null
  }
]