[
  {
    "Id": "1092234",
    "ThreadId": "456777",
    "Html": "Hello,\r<br />\nit could be useful to know the inner text of a link when handling the LinkClicked event, so I changed the HtmlContainer.HandleLinkClicked():<br />\n<pre><code>//inserted in line 669:\n                System.Text.StringBuilder sb = new System.Text.StringBuilder();\n                foreach (CssBox box in link.Boxes) \n                {\n                    if (!box.Text.IsEmpty())\n                    {\n                        sb.Append(box.Text.CutSubstring());\n                    }\n                }\n                \n                var args = new HtmlLinkClickedEventArgs(link.HrefLink, link.HtmlTag.Attributes, sb.ToString());\n...\n</code></pre>\n\n(and the HtmlLinkClickedEventArgs class...)\r<br />\n<br />\nOlaf<br />\n",
    "PostedDate": "2013-09-13T03:42:00.567-07:00",
    "UserRole": null,
    "MarkedAsAnswerDate": null
  }
]