[
  {
    "Id": "1263136",
    "ThreadId": "550768",
    "Html": "I want to use HTML Renderer to convert HTML Images, but the picture of the generated inside the formula in the right position.\r<br />\nFormula is also a picture, its style is: style = &quot;vertical - align: middle;&quot;\r<br />\nHTML:\r<br />\n<img src=\"http://jiexi.zujuan.com/22222.png\" alt=\"Image\" />\r<br />\nHTML Renderer→Image:\r<br />\n<img src=\"http://jiexi.zujuan.com/11111.png\" alt=\"Image\" />\r<br />\nHow should I do ability to can achieve the result of like HTML?\r<br />\nthank you<br />\n",
    "PostedDate": "2014-07-06T23:42:43.217-07:00",
    "UserRole": null,
    "MarkedAsAnswerDate": null
  },
  {
    "Id": "1263165",
    "ThreadId": "550768",
    "Html": "Currently not supported, add an issue: <a href=\"https://htmlrenderer.codeplex.com/workitem/9041\" rel=\"nofollow\">https://htmlrenderer.codeplex.com/workitem/9041</a><br />\n",
    "PostedDate": "2014-07-07T01:16:38.307-07:00",
    "UserRole": null,
    "MarkedAsAnswerDate": null
  }
]