[
  {
    "Id": "1304403",
    "ThreadId": "567352",
    "Html": "I have a pdf document that I am generating using MigraDoc. It has &quot;Header&quot;, &quot;Footer&quot; and content. It works and does what I need but now I need to insert a basic HTML inside the content. I something like this possible? It would be awesome to have a extension <code>AddHtml</code> to MigraDoc. I will try to take a look at the code to see if I can do something like this but if there is already a way of doing this I would love to know :)<br />\n",
    "PostedDate": "2014-09-13T10:35:50.767-07:00",
    "UserRole": null,
    "MarkedAsAnswerDate": null
  },
  {
    "Id": "1304485",
    "ThreadId": "567352",
    "Html": "You have 3 options:<br />\n<ol>\n<li>Render html to image and then set the image to the pdf document.</li>\n<li>Use HtmlRenderer.PdfSharp to create the pdf document.</li>\n<li>\nCreate HtmlRenderer.MigraDoc by looking how HtmlRenderer.PdfSharp works, should not be difficult.<br />\n</li>\n</ol>\n",
    "PostedDate": "2014-09-14T01:06:35.35-07:00",
    "UserRole": null,
    "MarkedAsAnswerDate": null
  }
]