[
  {
    "Id": "1329105",
    "ThreadId": "574122",
    "Html": "I am trying to generate an image from html with a background image, but it doesn't work for me.\r<br />\n<br />\nMy code is:<br />\n<pre><code>Dim bg As Image = My.Resources.paper\nDim image As Image = HtmlRenderer.WinForms.HtmlRender.RenderToImage(bg, html)</code></pre>\n\nIt gives me the error &quot;Expression does not produce a value.&quot;  Please help.  Thank you.<br />\n",
    "PostedDate": "2014-12-05T05:48:24.42-08:00",
    "UserRole": null,
    "MarkedAsAnswerDate": null
  },
  {
    "Id": "1329163",
    "ThreadId": "574122",
    "Html": "That's because this method doesn't return any value, it a compiler error.\r<br />\nthis method doesn't use the given image as background to create another, it renders on top of the given image.<br />\n",
    "PostedDate": "2014-12-05T08:10:10.663-08:00",
    "UserRole": null,
    "MarkedAsAnswerDate": null
  },
  {
    "Id": "1329207",
    "ThreadId": "574122",
    "Html": "I sort of got it to work.  The background image is showing behind the rendered HTML, but it doesn't fill the entire background.  It only fills a small portion of the upper-left area.  The rest is just black.  What am I doing wrong?<br />\n",
    "PostedDate": "2014-12-05T11:01:27.42-08:00",
    "UserRole": null,
    "MarkedAsAnswerDate": null
  },
  {
    "Id": "1348908",
    "ThreadId": "574122",
    "Html": "<strong>nbrege wrote:</strong><br />\n<blockquote>\nI sort of got it to work.  The background image is showing behind the rendered HTML, but it doesn't fill the entire background.  It only fills a small portion of the upper-left area.  The rest is just black.  What am I doing wrong?<br />\n</blockquote>\n@nbreg does your issue fixed? I am having same issue where my image is scaled to small size and html rendered on it but remaining area is just black.\r<br />\n<br />\n@ArthurTep or @nbregv\r<br />\nCan you please give me a hint to sort-out the issue?\r<br />\n<br />\nThanks<br />\n",
    "PostedDate": "2015-02-04T05:31:41.32-08:00",
    "UserRole": null,
    "MarkedAsAnswerDate": null
  }
]