[
  {
    "Id": "1490727",
    "ThreadId": "660531",
    "Html": "I have a situation where I have td elements with a fixed width.  If a word happens to be long enough that it will exceed the width of the cell, it will be placed on a new line.\r<br />\n<br />\nHowever, if there is a single word on the new line, and that word exceeds the td width, that word will go past the boundary and be cutoff.\r<br />\n<br />\n<strong>word-break:break-all</strong> takes care of this by breaking the word at the first letter that crosses they boundary, but <strong>word-break:break-word</strong> takes the whole word and moves it to the next line.\r<br />\n<br />\nIs there any way to have the best of both worlds?  I want the break-word functionality but I would like break-all if there is only one word on a line that exceeds the boundary.\r<br />\n<br />\nThanks!<br />\n",
    "PostedDate": "2017-01-06T13:41:24.183-08:00",
    "UserRole": null,
    "MarkedAsAnswerDate": null
  }
]