[
  {
    "Id": "1312602",
    "ThreadId": "569613",
    "Html": "Hi,\r<br />\nFor memory performance, you might need not to load all the system fonts, or you might need only your custom font to be loaded.\r<br />\n<br />\nDo HTML Renderer allow users to disable loading system fonts? It would be better if it has this option.\r<br />\nHowever, How can I avoid loading the system fonts please?\r<br />\n<br />\nThanks,<br />\n",
    "PostedDate": "2014-10-12T16:57:36.72-07:00",
    "UserRole": null,
    "MarkedAsAnswerDate": null
  },
  {
    "Id": "1312754",
    "ThreadId": "569613",
    "Html": "There is currently no option the prevent system fonts loading.\r<br />\n<br />\nI need to understand what is the expensive part?\r<br />\n<br />\nLet me explain what is currently happening:\r<br />\nAll installed font families are iterated once and cached to know if a specific font is available.<br />\n<pre><code>foreach (var family in FontFamily.Families)</code></pre>\n\nThen each used actual font instance (family/size/style) is created only once and cached.\r<br />\n<br />\nFrom my benchmarks it didn't come up as expensive.\r<br />\nDo you believe it't not good enough?<br />\n",
    "PostedDate": "2014-10-13T06:19:25.867-07:00",
    "UserRole": null,
    "MarkedAsAnswerDate": "2014-10-14T04:50:25.757-07:00"
  },
  {
    "Id": "1312768",
    "ThreadId": "569613",
    "Html": "Thank you for your quick response.\r<br />\n<br />\nI believe what you have done is really outstanding work.\r<br />\nHowever, if the HTML Renderer is utilised to generate images at server (using ASP.NET), it will be loaded as many as live session as. As a result, the system fonts will be loaded many times whether user needs them or not. So, it might be better HTML Renderer allows user to prevent system fonts loading.<br />\n",
    "PostedDate": "2014-10-13T07:05:27.203-07:00",
    "UserRole": null,
    "MarkedAsAnswerDate": null
  },
  {
    "Id": "1312810",
    "ThreadId": "569613",
    "Html": "On ASP.NET it will be loaded once per app domain, and event then it is possible that the unmanaged resources are shared, though I just guessing here.\r<br />\nStill not convinced it is expensive.\r<br />\nDid you benchmark or have other data to support you concern?<br />\n",
    "PostedDate": "2014-10-13T09:15:25.553-07:00",
    "UserRole": null,
    "MarkedAsAnswerDate": null
  },
  {
    "Id": "1312824",
    "ThreadId": "569613",
    "Html": "Unfortunately, I didn't save any of the memory and the performance profile because there was no issue.\r<br />\nI trust the current quality of the HTML Rendered and it worth to be used but I am concerned about the future when a huge number of users access the service.\r<br />\nI will be happy to provide you with a new profile if it is worth to be studied.<br />\n",
    "PostedDate": "2014-10-13T09:56:27.097-07:00",
    "UserRole": null,
    "MarkedAsAnswerDate": null
  },
  {
    "Id": "1313041",
    "ThreadId": "569613",
    "Html": "if you have concerns you should do stress testing on your system.<br />\n",
    "PostedDate": "2014-10-14T00:07:05.98-07:00",
    "UserRole": null,
    "MarkedAsAnswerDate": null
  },
  {
    "Id": "1313107",
    "ThreadId": "569613",
    "Html": "I have run a memory profiler under this condition: 10,000 user generate a simple HTML file -&gt; jpg. The generation process were done locally during a period of 10 minutes and users randomly access the service during the period. \r<br />\n<br />\nBased on the test result, loading system fonts does NOT affect the memory. However, the result brings the CssBox  to attention.\r<br />\n<br />\nPlease find the attached result.\r<br />\n<br />\n<a href=\"https://www.dropbox.com/s/opoqbod8tbd8x9n/Summary.pdf?dl=0\" rel=\"nofollow\">https://www.dropbox.com/s/opoqbod8tbd8x9n/Summary.pdf?dl=0</a>\r<br />\n<a href=\"https://www.dropbox.com/s/q8c08pweudwsg7p/HTML%20Renderer.pdf?dl=0\" rel=\"nofollow\">https://www.dropbox.com/s/q8c08pweudwsg7p/HTML%20Renderer.pdf?dl=0</a>\r<br />\n<a href=\"https://www.dropbox.com/s/xckjmzgert79m4h/CssBox.pdf?dl=0\" rel=\"nofollow\">https://www.dropbox.com/s/xckjmzgert79m4h/CssBox.pdf?dl=0</a><br />\n",
    "PostedDate": "2014-10-14T04:24:25.27-07:00",
    "UserRole": null,
    "MarkedAsAnswerDate": null
  },
  {
    "Id": "1313110",
    "ThreadId": "569613",
    "Html": "nice, \r<br />\nI'm aware that CssBox is expensive and was originally planning to handle it for v1.5 but it requires major infrastructure change.\r<br />\nIf I'm reading the results correctly although its the heavies object there is no memory issues.<br />\n",
    "PostedDate": "2014-10-14T04:34:38.47-07:00",
    "UserRole": null,
    "MarkedAsAnswerDate": null
  },
  {
    "Id": "1313116",
    "ThreadId": "569613",
    "Html": "Yes, there is no memory issues. I am pleased for that.\r<br />\n<br />\nAll the best.<br />\n",
    "PostedDate": "2014-10-14T04:54:12.527-07:00",
    "UserRole": null,
    "MarkedAsAnswerDate": null
  }
]