[
  {
    "Id": "1123968",
    "ThreadId": "468832",
    "Html": "Hi there, what is the easiest way to scroll to end after adding some content?  Or scroll to top of document?   Some background...<br />\n<br />\nI've wrapped the HtmlPanel into a ScrollableHtmlPanel which allows the use of my own custom scroll bars, everything works great, the Home and End keys do what they should, but programmatically I can't find a way to scroll the panel without setting focus and sending a Home or End key to the control.  This works naturally, but has other side effects.<br />\n<br />\nI have a similar control which wraps a RichTextBox, and in that case I was able to implement my own scroll-to methods by using the RichTextBox.Select() method.  I'm looking for something similar to HtmlPanel but so far no luck.<br />\n<br />\nThanks in advance!<br />\n<br />\nP.S. I forgot to add: AutoScroll is set to true...<br />\n",
    "PostedDate": "2013-11-15T08:16:35.94-08:00",
    "UserRole": null,
    "MarkedAsAnswerDate": null
  },
  {
    "Id": "1123987",
    "ThreadId": "468832",
    "Html": "Nevermind, I found this:\r<br />\n<br />\n<a href=\"https://htmlrenderer.codeplex.com/discussions/442448\" rel=\"nofollow\">https://htmlrenderer.codeplex.com/discussions/442448</a>\r<br />\n<br />\nAt first it didn't work the way I expected, but the problem was a redundant Invalidate().<br />\n\r<br />\nSo I added the following to my SimpleHtmlPanel wrapper:<br />\n<pre><code>    public void GoToStart()\n    {\n        AutoScrollPosition = new Point(HorizontalScroll.Minimum, VerticalScroll.Minimum); \n    }\n\n    public void GoToEnd()\n    {\n        AutoScrollPosition = new Point(HorizontalScroll.Maximum - HorizontalScroll.LargeChange, VerticalScroll.Maximum - VerticalScroll.LargeChange);        \n    }\n</code></pre>\n\nWorks like a charm!<br />\n",
    "PostedDate": "2013-11-15T08:31:43.157-08:00",
    "UserRole": null,
    "MarkedAsAnswerDate": null
  },
  {
    "Id": "1124378",
    "ThreadId": "468832",
    "Html": "Great you found a solution.\r<br />\nIf you run in other problems I may suggest to either use the HtmlLabel so you won't have an issue with panel inside a panel or to use the HtmlContainer directly to have the best control over it.\r<br />\nUsing the HtmlContainer directly might be a bit more complex but it will provide more power, that's what I did in my project.<br />\n",
    "PostedDate": "2013-11-16T04:48:42.58-08:00",
    "UserRole": null,
    "MarkedAsAnswerDate": null
  },
  {
    "Id": "1220910",
    "ThreadId": "468832",
    "Html": "Can this be included in the actual HtmlContainer control? It would be incredibly convenient.<br />\n",
    "PostedDate": "2014-03-09T23:50:27.283-07:00",
    "UserRole": null,
    "MarkedAsAnswerDate": null
  },
  {
    "Id": "1220939",
    "ThreadId": "468832",
    "Html": "HtmlContainer is low-level component that has no knowledge of scrolling.\r<br />\nIf you mean to add it to HtmlPanel then I'm not sure I want to add something that Framework developers didn't add themselves...<br />\n",
    "PostedDate": "2014-03-10T01:26:13.557-07:00",
    "UserRole": null,
    "MarkedAsAnswerDate": null
  },
  {
    "Id": "1221372",
    "ThreadId": "468832",
    "Html": "My mistake; I did mean to say HtmlPanel.<br />\n",
    "PostedDate": "2014-03-11T03:56:25.43-07:00",
    "UserRole": null,
    "MarkedAsAnswerDate": null
  }
]