[
  {
    "Id": "1432217",
    "ThreadId": "640559",
    "Html": "Hallo,<br />\n<br />\ni want the user show the target of a link attribute in a htmlPanel.<br />\n<br />\nTypically in the most Browsers the text of the title Attribute will be shown as a ToolTip, but this seems not to be working.<br />\n<pre><code>&lt;a href=&quot;http://www.anywhere.com&quot; title= &quot;Click here to check your site's links!&quot;&gt;Link Check&lt;/a&gt;</code></pre>\n\nFor the htmlPanel or htmlLabel, is there a support of the Title attribute?<br />\n<br />\nIs there an other way to show a tooltip based on the element under the mouse cursor? <br />\n<br />\nThanks<br />\nRobert<br />\n",
    "PostedDate": "2015-06-28T14:34:54.713-07:00",
    "UserRole": null,
    "MarkedAsAnswerDate": null
  },
  {
    "Id": "1433447",
    "ThreadId": "640559",
    "Html": "I have a similar question, so I'll post it here: is there any support for alt or title text on images?\r<br />\n<br />\n(This came up in a discussion relating to accessibility requirements, so I'm not sure how much of that HTML Renderer already supports.)<br />\n",
    "PostedDate": "2015-07-07T15:08:19.16-07:00",
    "UserRole": null,
    "MarkedAsAnswerDate": null
  }
]