[
  {
    "Id": "1100749",
    "ThreadId": "459668",
    "Html": "I am using the below code to convet an html to image. I ahev an image whcih is placed as the background of a div and then writing a text, &quot;Test&quot; over that. Then I am converting teh same html to a png image. Below is teh code for that. \r<br />\n<br />\nThe issue is, for the first time the image is coming properly. Next time when I try to run teh application, the original image which is used as the div background is locked. I tried deleting the file from folder manually, Iths throwing error that the fil is locked in IIS worker process. \r<br />\n<br />\nPlease help. \r<br />\n<br />\nBitmap m_Bitmap = new Bitmap(1000, 682); \r<br />\nPointF point = new PointF(0, 0); \r<br />\nstring path =&quot; D://Images//OriginalImage.png&quot;; \r<br />\nstring newPath = &quot;D://Images//NewImage.png&quot;; \r<br />\nSizeF maxSize = new System.Drawing.SizeF(674, 690); \r<br />\n<br />\nstring html = &quot;&lt;html&gt;&lt;body&gt;&lt;div style=\\&quot;background-image:url(&quot; + path + &quot;);height:674px;width:670px;text-align:center;\\&quot;&gt;&lt;div style=\\&quot;height:674px;width:670px;margin-top:400px;\\&quot;&gt;&lt;span&gt;Test&lt;/span&gt;&lt;/div&gt;&lt;/body&gt;&lt;/html&gt;&quot;; \r<br />\n<br />\nHtmlRenderer.HtmlRender.Render(Graphics.FromImage(m_Bitmap), html, point, maxSize); \r<br />\nm_Bitmap.Save(newPath, ImageFormat.Png);<br />\n",
    "PostedDate": "2013-09-29T20:49:05.713-07:00",
    "UserRole": null,
    "MarkedAsAnswerDate": null
  },
  {
    "Id": "1103560",
    "ThreadId": "459668",
    "Html": "Sorry, stupid bug.\r<br />\nIn HtmlRender replace the last method with:<br />\n<pre><code>public static SizeF Render(Graphics g, string html, PointF location, SizeF maxSize, CssData cssData, EventHandler&lt;HtmlStylesheetLoadEventArgs&gt; stylesheetLoad, EventHandler&lt;HtmlImageLoadEventArgs&gt; imageLoad)\n{\n    ArgChecker.AssertArgNotNull(g, &quot;g&quot;);\n\n    SizeF actualSize = SizeF.Empty;\n    if (!string.IsNullOrEmpty(html))\n    {\n        Region prevClip = null;\n        if (maxSize.Height &gt; 0)\n        {\n            prevClip = g.Clip;\n            g.SetClip(new RectangleF(location, maxSize));\n        }\n\n        using(var container = new HtmlContainer())\n        {\n            if (stylesheetLoad != null)\n                container.StylesheetLoad += stylesheetLoad;\n            if (imageLoad != null)\n                container.ImageLoad += imageLoad;\n            container.SetHtml(html, cssData);\n            container.Location = location;\n            container.MaxSize = maxSize;\n            container.PerformLayout(g);\n            container.PerformPaint(g);\n            if (stylesheetLoad != null)\n                container.StylesheetLoad -= stylesheetLoad;\n            if (imageLoad != null)\n                container.ImageLoad -= imageLoad;\n                \n            if (prevClip != null)\n            {\n                g.SetClip(prevClip, CombineMode.Replace);\n            }\n\n            actualSize = container.ActualSize;\n        }\n    }\n\n    return actualSize;\n}</code></pre>\n\n",
    "PostedDate": "2013-10-04T03:27:46.047-07:00",
    "UserRole": null,
    "MarkedAsAnswerDate": null
  },
  {
    "Id": "1131817",
    "ThreadId": "459668",
    "Html": "It appears that this bug also affects RenderToImage.  I've tried making the following modification but it does not seem to fix the problem:<br />\n<br />\n// Existing line within RenderToImage<br />\nhtmlContainer.PerformPaint(memoryGraphics);<br />\n<br />\n// New code under PerformPaint which doesn't fix the problem<br />\nif (stylesheetLoad != null)<br />\n  htmlContainer.StylesheetLoad -= stylesheetLoad;<br />\nif (imageLoad != null)<br />\n  htmlContainer.ImageLoad -= imageLoad;<br />\n<br />\nAny thoughts?<br />\n<br />\nThanks...definitely hoping to use this library.<br />\n<br />\nEDIT:  Your fix did indeed resolve the issue with HtmlRender.Render, so I'm using that instead (for now)...thanks!<br />\n<br />\nBilly<br />\n",
    "PostedDate": "2013-12-04T11:02:35.78-08:00",
    "UserRole": null,
    "MarkedAsAnswerDate": null
  },
  {
    "Id": "1131822",
    "ThreadId": "459668",
    "Html": "Doh...can't use HtmlRender.Render because of the pixelation problem discussed at <a href=\"https://htmlrenderer.codeplex.com/discussions/468725\" rel=\"nofollow\">https://htmlrenderer.codeplex.com/discussions/468725</a> (which I just discovered).\r<br />\n<br />\nPlease let me know if you're able to provide a fix for HtmlRender.RenderToImage.\r<br />\n<br />\nThanks again,\r<br />\nBilly<br />\n",
    "PostedDate": "2013-12-04T11:10:41.753-08:00",
    "UserRole": null,
    "MarkedAsAnswerDate": null
  },
  {
    "Id": "1132064",
    "ThreadId": "459668",
    "Html": "I run this code with the latest (1.4.10.0) and it works fine... can you verify the problem, do you need to create image with transparent background?<br />\n<pre><code>string path = &quot; D://OriginalImage.png&quot;;\nstring newPath = &quot;D://NewImage.png&quot;;\nSize maxSize = new Size(674, 690);\nstring html = &quot;&lt;html&gt;&lt;body&gt;&lt;div style=\\&quot;background-image:url(&quot; + path + &quot;);height:674px;width:670px;text-align:center;\\&quot;&gt;&lt;div style=\\&quot;height:674px;width:670px;margin-top:400px;\\&quot;&gt;&lt;span&gt;Test&lt;/span&gt;&lt;/div&gt;&lt;/body&gt;&lt;/html&gt;&quot;;\nvar img = HtmlRenderer.HtmlRender.RenderToImage(html, maxSize);\nimg.Save(newPath, ImageFormat.Png);</code></pre>\n\nResult:<br />\n<img src=\"http://snag.gy/5ElDn.jpg\" alt=\"Image\" /><br />\n",
    "PostedDate": "2013-12-05T02:29:46.923-08:00",
    "UserRole": null,
    "MarkedAsAnswerDate": null
  }
]