[
  {
    "Id": "1222289",
    "ThreadId": "538882",
    "Html": "First of all. Thank you for this great control!\r<br />\n<br />\nI would like to use HTML Renderer for showing the html content of an email. Unfortunately the line spacing is to large. Chrome, Firefox and IE don't show these spaces. I pasted a sample document here: <a href=\"http://pastebin.com/MiiHVQtU\" rel=\"nofollow\">http://pastebin.com/MiiHVQtU</a>\r<br />\n<br />\nUsing HTML Renderer 1.4.13.0\r<br />\n<br />\nRegards\r<br />\n<br />\nMark<br />\n",
    "PostedDate": "2014-03-13T04:23:37.683-07:00",
    "UserRole": null,
    "MarkedAsAnswerDate": null
  },
  {
    "Id": "1224335",
    "ThreadId": "538882",
    "Html": "cute bug :)\r<br />\nthe CSS in surrounded with HTML comment (&lt;!-- sdfsd --&gt;) that HTML Renderer ignores.\r<br />\nWill be solved in future release.\r<br />\n<br />\nAs a workaround you can manually remove the HTML comment element if it's inside &lt;style&gt; element.<br />\n",
    "PostedDate": "2014-03-19T03:13:09.883-07:00",
    "UserRole": null,
    "MarkedAsAnswerDate": null
  },
  {
    "Id": "1224336",
    "ThreadId": "538882",
    "Html": "This discussion has been copied to a work item. Click <a href=\"https://htmlrenderer.codeplex.com/workitem/9029\" rel=\"nofollow\">here</a> to go to the work item and continue the discussion.<br />\n",
    "PostedDate": "2014-03-19T03:15:00.253-07:00",
    "UserRole": null,
    "MarkedAsAnswerDate": null
  }
]