[
  {
    "Id": "1261921",
    "ThreadId": "550337",
    "Html": "Hi,<br />\n<br />\nI'm rendering an image from a html template.<br />\nThis works fine. And the result is as expected.<br />\n<br />\nBut the resolution of the image is to small.<br />\n<br />\nI tried to increase the resolution of the bitmap to 200DPI.<br />\nBut it is only the canvas that gets increased. Not the content rendered on it.<br />\n<br />\nInside the RenderToImage function, i added a resolution change to 200DPI.<br />\n<pre><code>var image = new Bitmap(size.Width, size.Height, PixelFormat.Format32bppArgb);\nimage.SetResolution(200, 200);</code></pre>\n\nIs there a possibility to change the resolution for the rendered content?<br />\n<pre><code>var sHTML = System.IO.File.ReadAllText(@&quot;test.html&quot;);\nvar a4Size = new Size(1654, 2339); //669, 894 -&gt; 96DPI ,  1654, 2339 -&gt; 200 DPI\nvar oImage = HtmlRender.RenderToImage(sHTML, a4Size);\noImage.Save(&quot;test.png&quot;, System.Drawing.Imaging.ImageFormat.Png);</code></pre>\n\n",
    "PostedDate": "2014-07-02T04:40:02.2-07:00",
    "UserRole": null,
    "MarkedAsAnswerDate": null
  },
  {
    "Id": "1262678",
    "ThreadId": "550337",
    "Html": "Sorry, there is no way to do it now.\r<br />\nIt needs proper support in the library.<br />\n",
    "PostedDate": "2014-07-04T00:37:37.09-07:00",
    "UserRole": null,
    "MarkedAsAnswerDate": null
  },
  {
    "Id": "1347665",
    "ThreadId": "550337",
    "Html": "I used a graphics object, and then set graphics.ScaleTransform( XRes/SCREENRES, YRes/SCREENRES ) before the RenderGdiPlus call.  Image was scaled up and looked nice, not magnified.  Only issue was HtmlRender returns unscaled height, so you need to scale that up by the y factor.  Other than that your library looks great so far!<br />\n",
    "PostedDate": "2015-01-30T15:28:13.62-08:00",
    "UserRole": null,
    "MarkedAsAnswerDate": null
  }
]