[
  {
    "Id": "1441195",
    "ThreadId": "643982",
    "Html": "Hi to all! Is it possible to add manually page break throwgh HTML code in order to produce a PDF file with page change where i want to?<br />\n",
    "PostedDate": "2015-08-20T14:31:22.877-07:00",
    "UserRole": null,
    "MarkedAsAnswerDate": null
  },
  {
    "Id": "1464596",
    "ThreadId": "643982",
    "Html": "I would also like to achieve this.   Did you find a solution?\r<br />\n<br />\n-S<br />\n",
    "PostedDate": "2016-02-25T09:13:39.657-08:00",
    "UserRole": null,
    "MarkedAsAnswerDate": null
  },
  {
    "Id": "1464597",
    "ThreadId": "643982",
    "Html": "I had same problem. Never found a solution.<br />\n",
    "PostedDate": "2016-02-25T09:14:54.407-08:00",
    "UserRole": null,
    "MarkedAsAnswerDate": null
  }
]