[
  {
    "Id": "1107178",
    "ThreadId": "462100",
    "Html": "Hi, HTML Renderer developers!<br />\n<br />\nI'm a developer in <a href=\"http://www.altsoftlab.com/\" rel=\"nofollow\">AltSoftLab</a>. We ported HTML Renderer 1.4.5 to AltSketch (you can look to online Silverlight Demo or download SDK). For now is only software render mode available in AltSketch (yet not optimized), but soon we finish olso hardware render with backends on different render engines (OpenGL, DirectX, XNA, etc.)<br />\n<br />\nHTML Renderer is very nice product. So, is it possible to communicate in HTML Renderer development process to create more functional platform independent HTML Renderer? If you don’t want to exclude GDI+, it’s possible to create abstraction render layer with GDI+ like interfaces &amp; custom realizations (f.e. in GDI+, AltSketch, etc.), but in this case you need to implement independent basic structures like Point, Size, Rect, etc.<br />\n<br />\nIf you like this suggestion, you can mail to <a href=\"mailto:altsoftlab@altsoftlab.com\" rel=\"nofollow\">altsoftlab@altsoftlab.com</a> or discuss it here.<br />\n<br />\n<img src=\"http://www.altsoftlab.com/Data/Sites/1/media/GalleryImages/6/WebImages/altsketch-html-renderer.png\" alt=\"AltSketch HTML Renderer\" /><br />\n<br />\n<img src=\"http://www.altsoftlab.com/Data/Sites/1/media/GalleryImages/6/WebImages/altsketch-html-renderer---text.png\" alt=\"AltSketch HTML Renderer\" /><br />\n<br />\n<img src=\"http://www.altsoftlab.com/Data/Sites/1/media/GalleryImages/6/WebImages/altsketch-html-renderer---images.png\" alt=\"AltSketch HTML Renderer\" /><br />\n<br />\nBrief info (for more interest):<br />\n<br />\nAltSketch is a pure C# CLS compliant 100% managed, without unsafe blocks Software Vector Graphics Library. All core functionality collected in one small library AltSketch.dll for Microsoft .NET Framework or Mono (including Silverlight / Moonlight). It depends only on System, System.Data &amp; System.Xml assemblies (.NET Framework 2.0). It contains ​AltNETType - a pure C# CLS compliant 100% managed, without unsafe blocks port of font rendering library Freetype. It is presented as a subsystem of AltSketch in Alt.NETType namespace. Also AltSketch contains AltNETImage - a subsystem of AltSketch &amp; was designed to be a simple way to load / save a several image format file streams into a Alt.Sketch.Bitmap object. AltNETImage is written entirely in .NET C# code. It does not use any OS-depended or other interoperability code, and it does not use any unsafe code blocks.<br />\n<br />\nAltSketch SDK includes many Integrations with wide variety GUI-s &amp; frameworks:<br />\n<br />\nSilverlight<br />\nWindows Forms (throw System.Drawing, OpenGL, DirectX, DirectDraw​)<br />\nWPF (throw System.Windows.Media, OpenGL, DirectX, DirectDraw)<br />\nGTK (throw Gtk.Image, OpenGL)<br />\nQT: Qyoto &amp;  Qt4Dotnet​ (throw Qt.Image, OpenGL)<br />\nwxWidgets (throw wxWidgets.Image)<br />\nOpenTK / AltOpenTK<br />\nTao.OpenGl (with Tao.FreeGlut)<br />\nSdlDotNet / AltSdlDotNet<br />\n​Tao.Sdl<br />\nSlimDX<br />\n<br />\n<br />\nEugene<br />\n",
    "PostedDate": "2013-10-14T07:17:50.403-07:00",
    "UserRole": null,
    "MarkedAsAnswerDate": null
  },
  {
    "Id": "1277973",
    "ThreadId": "462100",
    "Html": "Hi again from <a href=\"http://www.altsoftlab.com/\" rel=\"nofollow\">AltSoftLab Team</a>!<br />\n<br />\nIn about a year we got many new features in our AltSketch Graphics Library. First of all we get HW Render Backends in many Graphics Platforms and Mobile Platforms (Windows Phone, Android, iOS). Also all AltSketch Extensions are open sourced now. <a href=\"http://www.altsoftlab.com/\" rel=\"nofollow\">You are welcome!</a><br />\n<br />\nUnity Game Engine<br />\nWindows Phone<br />\nAndroid<br />\niOS<br />\nSilverlight / Moonlight<br />\nXNA / MonoGame<br />\nOGRE 3D Engine<br />\nAxiom 3D Engine<br />\nNeoAxis 3D Engine<br />\nIrrlicht 3D Engine<br />\nOpenTK / AltOpenTK<br />\nSdlDotNet / AltSdlDotNet<br />\nSharpDX<br />\nWindows Forms (throw System.Drawing, OpenGL, DirectX, DirectDraw)<br />\nWPF (throw System.Windows.Media, OpenGL, DirectX, DirectDraw)<br />\nGTK (throw Gtk.Image, OpenGL)<br />\nQt: Qyoto &amp; Qt4Dotnet&#8203; (throw Qt.Image, OpenGL)<br />\nwxWidgets (throw wxWidgets.Image)<br />\n<br />\nAltSketch Unity HTML Renderer<br />\n<img src=\"http://www.altsoftlab.com/Data/Sites/1/media/GalleryImages/6/WebImages/altsketch-unity-html-renderer.png\" alt=\"Image\" /><br />\n<br />\nAltSketch XNA MonoGame HTML Renderer<br />\n<img src=\"http://www.altsoftlab.com/Data/Sites/1/media/GalleryImages/6/WebImages/altsketch-xna-monogame-html-renderer.png\" alt=\"Image\" /><br />\n<br />\nAltSketch OGRE HTML Renderer<br />\n<img src=\"http://www.altsoftlab.com/Data/Sites/1/media/GalleryImages/6/WebImages/altsketch-ogre-html-renderer.png\" alt=\"Image\" /><br />\n<br />\nJohnny,<br />\n<a href=\"http://www.altsoftlab.com/\" rel=\"nofollow\">AltSoftLab Team</a><br />\n",
    "PostedDate": "2014-07-26T06:54:17.577-07:00",
    "UserRole": null,
    "MarkedAsAnswerDate": null
  }
]