[
  {
    "Id": "1053582",
    "ThreadId": "446222",
    "Html": "Hi, I would like to propose to change your image loader to something like this:<br />\n<br />\nprivate void SetImageFromUri(Uri source)<br />\n{<br />\n_client = new WebClient();<br />\nvar stream = _client.OpenRead(source);<br />\nif (stream != null) _image = Image.FromStream(stream);<br />\n_releaseImageObject = true;<br />\nImageLoadComplete(false);<br />\n}<br />\n<br />\nBecause, I use your project for generating the image from HTML and I don't have any access to the file system.  Also I can't use the Control like WebBrowser, that is why I use your project.<br />\n",
    "PostedDate": "2013-06-06T07:27:12.873-07:00",
    "UserRole": null,
    "MarkedAsAnswerDate": null
  },
  {
    "Id": "1054889",
    "ThreadId": "446222",
    "Html": "I will add it as an option.<br />\n",
    "PostedDate": "2013-06-10T07:47:47.453-07:00",
    "UserRole": null,
    "MarkedAsAnswerDate": null
  },
  {
    "Id": "1054897",
    "ThreadId": "446222",
    "Html": "It is ok. \r<br />\nBut if you use the html code from this page (for example), your renderer will make a not good image. \r<br />\nSo when it will be updated/fixed?\r<br />\nThanks.<br />\n",
    "PostedDate": "2013-06-10T08:04:00.473-07:00",
    "UserRole": null,
    "MarkedAsAnswerDate": null
  },
  {
    "Id": "1054980",
    "ThreadId": "446222",
    "Html": "I'm not sure what you mean.<br />\n",
    "PostedDate": "2013-06-10T10:25:45.637-07:00",
    "UserRole": null,
    "MarkedAsAnswerDate": null
  },
  {
    "Id": "1055207",
    "ThreadId": "446222",
    "Html": "To be sure you can try to make image from current page (I mean page with our discussion). This image will not be good. :)<br />\n",
    "PostedDate": "2013-06-10T23:17:15.46-07:00",
    "UserRole": null,
    "MarkedAsAnswerDate": null
  },
  {
    "Id": "1055222",
    "ThreadId": "446222",
    "Html": "If understand correctly your question is when the HTML Renderer will be able to render the web as good as IE or Chrome.\r<br />\nIn that case there are two parts to the answer:<br />\n<ol>\n<li>Fully supporting HTML and CSS on all its features created over the years without specification is extremely hard so I can't commit to a deadline.</li>\n<li>HTML Renderer scope is to render static HTML, JavaScript and Controls is outside of its scope so rendering the average web-page is not on the road-map.</li>\n</ol>\n",
    "PostedDate": "2013-06-11T00:15:03.003-07:00",
    "UserRole": null,
    "MarkedAsAnswerDate": null
  }
]