[
  {
    "Id": "1123619",
    "ThreadId": "468725",
    "Html": "I wrote the following code which worked flawlessly. Started up the project the next day and now all the images are pixilated, bolded text. I have no idea what would have caused the issue. Any suggestions would be greatly appreciated.  \r<br />\n<pre><code>        protected Bitmap createAutoHeightImage( string htmlString, int bitmapWidth )\n        {\n            Bitmap m_Bitmap = new Bitmap( 400, 600 );\n            PointF point = new PointF( 0, 0 );\n            SizeF maxSize = new System.Drawing.SizeF( 500, 500 );\n\n            var css = HtmlRenderer.CssData.Parse( &quot;font-family:Arial,san-serif;font-size:10px;&quot;, true );\n\n            maxSize = HtmlRenderer.HtmlRender.Measure( Graphics.FromImage( m_Bitmap ), htmlString, bitmapWidth );\n            Bitmap theImage = new Bitmap( (int)maxSize.Width, (int)maxSize.Height );\n            HtmlRenderer.HtmlRender.Render( Graphics.FromImage( theImage ), htmlString, point, maxSize, css );\n\n            return theImage;\n        }\n\nstring myHTML = &quot;&lt;html&gt;&lt;body&gt;&lt;p&gt;This is a &lt;strong&gt;nice&lt;/strong&gt; html code&lt;/p&gt;&lt;/body&gt;&lt;/html&gt;&quot;;\ncreateAutoHeightImage( myHTML, 600 ).Save( @&quot;D:\\inetpub\\wwwroot\\imagetext\\question.png&quot;, ImageFormat.Png );</code></pre>\n\nBefore: <img src=\"http://review.digital-ranch.net/before.png\" alt=\"Image\" />\r<br />\nAfter: <img src=\"http://review.digital-ranch.net/after.png\" alt=\"Image\" /><br />\n",
    "PostedDate": "2013-11-14T11:23:17.307-08:00",
    "UserRole": null,
    "MarkedAsAnswerDate": null
  },
  {
    "Id": "1123668",
    "ThreadId": "468725",
    "Html": "You probably updated the version from 1.4.5.0\r<br />\nIt is the result of a change I made to using GDI text rendering\r<br />\nTry &quot;HtmlRenderer.HtmlRender.RenderToImage&quot; method, the code should be simpler and the resulting HTML image should be clear.\r<br />\nLet me know if it worked. <br />\n",
    "PostedDate": "2013-11-14T13:33:37.943-08:00",
    "UserRole": null,
    "MarkedAsAnswerDate": null
  },
  {
    "Id": "1123677",
    "ThreadId": "468725",
    "Html": "Thanks for the quick reply. I have tried the HtmlRender.RenderToImage method which did work better the text is now clear again. However, the background is now returning as black - I need to have it transparent. This is what I wrote:<br />\n<pre><code>var css = HtmlRenderer.CssData.Parse( &quot;font-family:Lucida Handwriting;font-size:10px;&quot;, true );\nImage theImage = HtmlRender.RenderToImage( htmlString, (int)maxSize.Width, (int)maxSize.Height, Color.Transparent, css );</code></pre>\n\n<img src=\"http://review.digital-ranch.net/now.png\" alt=\"Image\" />\r<br />\n<br />\nAlso, I don't know if I'm using the CssData.Parse properly - but it doesn't appear to be applying anything to the image. <br />\n",
    "PostedDate": "2013-11-14T13:50:09.503-08:00",
    "UserRole": null,
    "MarkedAsAnswerDate": null
  },
  {
    "Id": "1123685",
    "ThreadId": "468725",
    "Html": "Sorry, transparent background is the only thing that is not supported :(\r<br />\nYou will have to use 1.4.5.0\r<br />\nNote that the rendered HTML does looks better, why do you need transparent background? <br />\n",
    "PostedDate": "2013-11-14T14:23:35.93-08:00",
    "UserRole": null,
    "MarkedAsAnswerDate": null
  },
  {
    "Id": "1123689",
    "ThreadId": "468725",
    "Html": "I'll try using 1.4.5.0. I need to place a watermark image behind the images I am rendering with HtmlRender, hence I need the backgrounds of these images to be transparent. <br />\n",
    "PostedDate": "2013-11-14T14:27:04.017-08:00",
    "UserRole": null,
    "MarkedAsAnswerDate": null
  },
  {
    "Id": "1123692",
    "ThreadId": "468725",
    "Html": "Maybe you can do it using HTML background image, place a background image on the body of the HTML using CSS. <br />\n",
    "PostedDate": "2013-11-14T14:34:58.597-08:00",
    "UserRole": null,
    "MarkedAsAnswerDate": null
  },
  {
    "Id": "1123743",
    "ThreadId": "468725",
    "Html": "This was the plan – but it won’t show through the images unless they are transparent. <br />\n<br />\nI ended up doing the following:<br />\n<pre><code> Image theImage = HtmlRender.RenderToImage( htmlString, (int)maxSize.Width, (int)maxSize.Height, Color.White, css );\n\n( (Bitmap)theImage ).MakeTransparent( ( (Bitmap)theImage ).GetPixel( 1, 1 ) );</code></pre>\n\nIt works, but isn't the best solution because the anti-aliasing messes with the transparency. The image really needs to have a transparent background first before the text is added to it. <br />\n",
    "PostedDate": "2013-11-14T19:01:32.45-08:00",
    "UserRole": null,
    "MarkedAsAnswerDate": null
  },
  {
    "Id": "1123871",
    "ThreadId": "468725",
    "Html": "Let me clarify, if you want some image to be the background of the rendered html you can do it like so:<br />\n<ol>\n<li>save the attached html to 'c:\\html.txt'</li>\n<li>save <a href=\"http://www.srs.gov/general/pubs/ERsum/images/enrepmid.jpg\" rel=\"nofollow\">this image</a> to 'c:\\b.jpg'</li>\n<li>\nrun the attached code<br />\n</li>\n</ol>\nCode to run:<br />\n<pre><code>var img = HtmlRender.RenderToImage(File.ReadAllText(@&quot;c:\\html.txt&quot;), 600);</code></pre>\n\nHTML to render:<br />\n<pre><code>&lt;style&gt;\nbody{\nmargin: 0px;\npadding: 0px 15px;\nfont-family:Arial,san-serif;\nfont-size: 20px;\nbackground-image:url('c:\\b.jpg');\n}\n.green{\nbackground-color:rgba(0,255,0,60)\n}\n&lt;/style&gt;\n\n&lt;html&gt;\n&lt;body&gt;\n&lt;p class=&quot;green&quot;&gt;This is a &lt;strong&gt;nice&lt;/strong&gt; html code&lt;/p&gt;\n&lt;p&gt;Hopefully this wraps around without any issues. We must make sure that this can wrap properly without issues.&lt;/p&gt;\n&lt;p&gt;Hopefully this wraps around without any issues. We must make sure that this can wrap properly without issues.&lt;/p&gt;\n\n&lt;p&gt;Hopefully this wraps around without any issues. We must make sure that this can wrap properly without issues.&lt;/p&gt;\n\n&lt;/body&gt;\n&lt;/html&gt;</code></pre>\n\n<em>Result:</em>\r<br />\n<img src=\"http://snag.gy/NImh2.jpg\" alt=\"Image\" />\r<br />\n<br />\n<em>Note:</em><br />\n<ul>\n<li>The background image is repeated by default but this can be changed using css</li>\n<li>I set the green background to be partially transparent to show it is possible</li>\n<li>\nyou can extract the embedded css inside &lt;style&gt; element outside using 'CssData.Parse' and pass it to 'HtmlRender.RenderToImage'<br />\n</li>\n</ul>\nhope it helps.<br />\n",
    "PostedDate": "2013-11-15T04:41:16.33-08:00",
    "UserRole": null,
    "MarkedAsAnswerDate": null
  },
  {
    "Id": "1221040",
    "ThreadId": "468725",
    "Html": "In case it is still relevant, all you need to know is described here: <a href=\"https://htmlrenderer.codeplex.com/wikipage?title=Image%20generation\" rel=\"nofollow\">Generate image from HTML markup</a><br />\n",
    "PostedDate": "2014-03-10T07:08:00.657-07:00",
    "UserRole": null,
    "MarkedAsAnswerDate": "2014-03-10T07:08:08.473-07:00"
  }
]