[
  {
    "Id": "1134843",
    "ThreadId": "473268",
    "Html": "I need convert html or link page to image. I will try HtmlRenderer.Render create image but image create not add css fomat. This is code\r<br />\n<br />\n&lt;link href=&quot;<a href=\"http://shredd.dyndns.org/QuathorMVC/content/QuathorStylesDUTCHTILE.css\" rel=\"nofollow\">http://shredd.dyndns.org/QuathorMVC/content/QuathorStylesDUTCHTILE.css</a>&quot; rel=&quot;stylesheet&quot; type=&quot;text/css&quot; /&gt;\r<br />\n&lt;link href=&quot;<a href=\"http://shredd.dyndns.org/QuathorMVC/content/QuathorStyles.css\" rel=\"nofollow\">http://shredd.dyndns.org/QuathorMVC/content/QuathorStyles.css</a>&quot; rel=&quot;stylesheet&quot; type=&quot;text/css&quot; /&gt;<br />\n<pre><code>&lt;div id=&quot;quotePreview&quot; class=&quot;quote-wrapperDUTCHTILE quote-NoOffset&quot;&gt;\n    &lt;div id=&quot;pv1&quot; class=&quot;prevCom1DUTCHTILE&quot;&gt;QuoteTest&lt;/div&gt;\n    &lt;div id=&quot;pv2&quot; class=&quot;prevCom2DUTCHTILE&quot;&gt;Eddy&lt;/div&gt;\n    &lt;div id=&quot;pv3&quot; class=&quot;prevCom3DUTCHTILE&quot;&gt;7-10-2013&lt;/div&gt;\n&lt;/div&gt;</code></pre>\n\n",
    "PostedDate": "2013-12-11T18:35:46.59-08:00",
    "UserRole": null,
    "MarkedAsAnswerDate": null
  },
  {
    "Id": "1134959",
    "ThreadId": "473268",
    "Html": "there are couple of issues:<br />\n<ol>\n<li>The CSS contains relative URIs</li>\n<li>The position is using relative position that is not well supported\r<br />\nI will fix it but can't give you a time frame.</li>\n</ol>\n",
    "PostedDate": "2013-12-12T03:03:37.867-08:00",
    "UserRole": null,
    "MarkedAsAnswerDate": null
  }
]