[
  {
    "Id": "1231187",
    "ThreadId": "541434",
    "Html": "Hello.\r<br />\n<br />\nThere is exception when HTML text contains<br />\n<pre><code>&lt;br /&gt;</code></pre>\n\nAny ideas?\r<br />\n<br />\nStack trace:<br />\n<pre><code>System.IndexOutOfRangeException: Index was outside the bounds of the array.\n\n   at HtmlRenderer.Parse.HtmlParser.ExtractAttributes(String source, Int32 idx, Int32 length, Dictionary`2&amp; attributes) in HtmlRenderer 1.4.13.0\\Source\\HtmlRenderer\\Parse\\HtmlParser.cs:line 220\n\n   at HtmlRenderer.Parse.HtmlParser.ParseHtmlTag(String source, Int32 idx, Int32 length, String&amp; name, Dictionary`2&amp; attributes) in HtmlRenderer 1.4.13.0\\Source\\HtmlRenderer\\Parse\\HtmlParser.cs:line 186\n\n   at HtmlRenderer.Parse.HtmlParser.ParseHtmlTag(String source, Int32 tagIdx, CssBox&amp; curBox) in HtmlRenderer 1.4.13.0\\Source\\HtmlRenderer\\Parse\\HtmlParser.cs:line 120\n\n   at HtmlRenderer.Parse.HtmlParser.ParseDocument(String source) in HtmlRenderer 1.4.13.0\\Source\\HtmlRenderer\\Parse\\HtmlParser.cs:line 63\n\n   at HtmlRenderer.Parse.DomParser.GenerateCssTree(String html, HtmlContainer htmlContainer, CssData&amp; cssData) in HtmlRenderer 1.4.13.0\\Source\\HtmlRenderer\\Parse\\DomParser.cs:line 37\n.........</code></pre>\n\n",
    "PostedDate": "2014-04-07T03:10:18.41-07:00",
    "UserRole": null,
    "MarkedAsAnswerDate": null
  },
  {
    "Id": "1231215",
    "ThreadId": "541434",
    "Html": "Fast &amp; dirty fix (did not tested properly).\r<br />\n<br />\nIn HtmlParser.cs go to method<br />\n<pre><code>private static bool ParseHtmlTag(string source, int idx, int length, out string name, out Dictionary&lt;string, string&gt; attributes)</code></pre>\n\nThen go to code:<br />\n<pre><code>            attributes = null;\n            if (!isClosing &amp;&amp; idx + length &gt; spaceIdx)\n            {\n                ExtractAttributes(source, spaceIdx, length - (spaceIdx - idx), out attributes);\n            }\n\n            return isClosing;</code></pre>\n\nReplace to:<br />\n<pre><code>            var remainingPart = source.Length &gt;= spaceIdx + 1 ? source.Substring(spaceIdx) : string.Empty;\n            bool closedImmediately = string.IsNullOrEmpty(remainingPart) || remainingPart.Trim().StartsWith(&quot;/&quot;);\n\n            attributes = null;\n            if (!isClosing &amp;&amp; idx + length &gt; spaceIdx &amp;&amp; !closedImmediately)\n            {\n                ExtractAttributes(source, spaceIdx, length - (spaceIdx - idx), out attributes);\n            }\n\n            return isClosing;</code></pre>\n\n",
    "PostedDate": "2014-04-07T04:15:36.9-07:00",
    "UserRole": null,
    "MarkedAsAnswerDate": null
  },
  {
    "Id": "1231401",
    "ThreadId": "541434",
    "Html": "This discussion has been copied to a work item. Click <a href=\"https://htmlrenderer.codeplex.com/workitem/9032\" rel=\"nofollow\">here</a> to go to the work item and continue the discussion.<br />\n",
    "PostedDate": "2014-04-07T09:20:46.747-07:00",
    "UserRole": null,
    "MarkedAsAnswerDate": null
  }
]