[
  {
    "Id": "1235410",
    "ThreadId": "542641",
    "Html": "Hi!\r<br />\nWhen the RTL text has a word ending with a single quote, that quote is displayed at the beginning of the word.\r<br />\nThe string passed to the control is:<br />\n<pre><code>&quot;&lt;!DOCTYPE html&gt;  &lt;html lang='he' style='display: block;'&gt;  &lt;head&gt;  &lt;meta charset='utf-8' /&gt;      &lt;link rel='Stylesheet' href='StyleSheet' style='display: none;'/&gt;      &lt;style type='text/css' style='display: none;'&gt;  ::selection { color: #bb5555; background-color: #aaddaa; }   [dir='ltr'], [dir='rtl'] {    unicode-bidi: -webkit-isolate;   unicode-bidi: -moz-isolate;   unicode-bidi: -ms-isolate;   unicode-bidi: isolate;   }   bdo[dir='ltr'], bdo[dir='rtl'] {   unicode-bidi: bidi-override;    unicode-bidi: -webkit-isolate-override;    unicode-bidi: -moz-isolate-override;    unicode-bidi: -ms-isolate-override;    unicode-bidi: isolate-override;}  body { text-align:right }  &lt;/style&gt;  &lt;/head&gt;  &lt;body style='font-family: arial; font-style: normal; font-size: 14pt; font-color:#013E3F;'&gt;&lt;P dir = 'rtl' style='text-align: right;'&gt;אָפְרָג'&lt;br&gt;&lt;br&gt;אָפִרְגִ'י&lt;br&gt;&lt;br&gt; &lt;br&gt;&lt;br&gt; &lt;br&gt;&lt;br&gt; &lt;br&gt;&lt;br&gt;אָפִרְג'וּ&lt;br&gt;&lt;br&gt; &lt;/p&gt;&lt;/body&gt;&lt;/html&gt;&quot;</code></pre>\n\nThe result is:\r<br />\n<img src=\"http://www.mediafire.com/view/ph2vbc3enhj77f7/geresh.png\" alt=\"Image\" />\r<br />\nThe quote in the first word should be at the left side of it.\r<br />\nAdditional info: VS2013, Win 7 Pro 64bit.\r<br />\nHow can I solve this issue?\r<br />\nAmir<br />\n",
    "PostedDate": "2014-04-18T06:29:41.463-07:00",
    "UserRole": null,
    "MarkedAsAnswerDate": null
  },
  {
    "Id": "1235702",
    "ThreadId": "542641",
    "Html": "fixed, will be available in next minor release in a few days.\r<br />\n<br />\nI'm curious, what is your project?\r<br />\nלא כל יום אני רואה עברית :)<br />\n",
    "PostedDate": "2014-04-19T07:01:36.72-07:00",
    "UserRole": null,
    "MarkedAsAnswerDate": null
  },
  {
    "Id": "1238355",
    "ThreadId": "542641",
    "Html": "fixed in 1.4.14.0<br />\n",
    "PostedDate": "2014-04-26T09:10:06.78-07:00",
    "UserRole": null,
    "MarkedAsAnswerDate": "2014-04-26T09:10:11.31-07:00"
  }
]