[
  {
    "Id": "1266133",
    "ThreadId": "551665",
    "Html": "Does css * wildcard not work. Or body{font-size:14px;} etc?<br />\n<br />\nI have some text in the htmlrenderer that doesn't have any tags and I would like to have a default size for all html etc.<br />\n<br />\nOther than that, this is awesome. I have been searching for days for an HTML control that works with a transparent background.<br />\n",
    "PostedDate": "2014-07-15T23:50:35.343-07:00",
    "UserRole": null,
    "MarkedAsAnswerDate": null
  },
  {
    "Id": "1266173",
    "ThreadId": "551665",
    "Html": "can you provide a sample that doesn't work<br />\n",
    "PostedDate": "2014-07-16T02:37:03.093-07:00",
    "UserRole": null,
    "MarkedAsAnswerDate": null
  },
  {
    "Id": "1266244",
    "ThreadId": "551665",
    "Html": "Sure thing. In the HtmlRenderer properties under BaseStylesheet\r<br />\n<br />\n&lt;style type=&quot;text/css&quot;&gt;\r<br />\n*{<br />\n<pre><code>font-size: 20px;</code></pre>\n\n}\r<br />\n&lt;/style&gt;\r<br />\n<br />\nOr \r<br />\n<br />\n&lt;style type=&quot;text/css&quot;&gt;\r<br />\nhtml, body{<br />\n<pre><code>font-size: 20px;</code></pre>\n\n}\r<br />\n&lt;/style&gt;<br />\n",
    "PostedDate": "2014-07-16T06:16:28.97-07:00",
    "UserRole": null,
    "MarkedAsAnswerDate": null
  },
  {
    "Id": "1266290",
    "ThreadId": "551665",
    "Html": "indeed it seems &quot;*&quot; and &quot;html&quot; doesn't work, will add support for it\r<br />\nbut &quot;body&quot; works as far as I can tell, do you have a sample where it doesn't?<br />\n",
    "PostedDate": "2014-07-16T08:50:04.083-07:00",
    "UserRole": null,
    "MarkedAsAnswerDate": null
  },
  {
    "Id": "1266296",
    "ThreadId": "551665",
    "Html": "\r\n<div dir=\"ltr\" style=\"font-family:'Calibri','Segoe UI','Meiryo','Microsoft YaHei UI','Microsoft JhengHei UI','Malgun Gothic','sans-serif'; font-size:12pt\">\r\n<div style=\"color:rgb(0,0,0); font-size:14pt\">I could show you on a screen share… Or the attached screen shots.</div>\r\n<div style=\"color:rgb(0,0,0); font-size:14pt\"><br>\r\n</div>\r\n<span lang=\"EN\">\r\n<div style=\"color:rgb(0,0,0); font-size:14pt\"><br>\r\n</div>\r\n<div style=\"color:rgb(0,0,0); font-size:14pt\">Thanks,</div>\r\n</span>\r\n<div style=\"color:rgb(0,0,0); font-size:14pt\"><br>\r\n</div>\r\n<div style=\"color:rgb(0,0,0); font-size:14pt\">\r\n<div style=\"color:rgb(0,0,0); font-size:14pt\">Adam</div>\r\n<div style=\"color:rgb(0,0,0); font-size:14pt\"><br>\r\n</div>\r\n</div>\r\n<div style=\"padding-top:5px; border-top-color:rgb(229,229,229); border-top-width:1px; border-top-style:solid\">\r\n<div><font face=\" 'Calibri', 'Segoe UI', 'Meiryo', 'Microsoft YaHei UI', 'Microsoft JhengHei UI', 'Malgun Gothic', 'sans-serif'\" style=\"line-height:15pt; letter-spacing:0.02em; font-family:\"><b></b></font></div>\r\n</div>\r\n</div>\r\n",
    "PostedDate": "2014-07-16T09:00:38.237-07:00",
    "UserRole": null,
    "MarkedAsAnswerDate": null
  },
  {
    "Id": "1266335",
    "ThreadId": "551665",
    "Html": "Previous messages was sent in email so I guess it didn't include the screen shots.\r<br />\n<br />\nCan you PM me your email so I can send them to you or let me know if you got them from the email?<br />\n",
    "PostedDate": "2014-07-16T10:29:28.703-07:00",
    "UserRole": null,
    "MarkedAsAnswerDate": null
  },
  {
    "Id": "1272878",
    "ThreadId": "551665",
    "Html": "I would prefer you attach the html showing the issue, then I can see how HTML Renderer handles it wrong compared to commercial browsers.\r<br />\nBut if you want to attach screenshot as well, <a href=\"http://snag.gy/\" rel=\"nofollow\">http://snag.gy/</a> is an excellent tool for that.<br />\n",
    "PostedDate": "2014-07-17T01:40:14.923-07:00",
    "UserRole": null,
    "MarkedAsAnswerDate": null
  },
  {
    "Id": "1273529",
    "ThreadId": "551665",
    "Html": "Just text with no tags... in the body. <br />\n<br />\nAll browsers render the below css. These are basic tags, so I am not sure why its not working or I am entering it wrong for the control. I enter the below style tag in the BaseStylesheet properties section.<br />\n<br />\nFor the control I using it like this and it doesn't work.<br />\n<pre><code>&lt;style type=&quot;text/css&quot;&gt;\nbody {\n    font-size: 20px;\n}\nli {\n    line-height: 35px !important;\n}\n&lt;/style&gt;</code></pre>\n\nIf I use this my li tag sizes work... so basically I am unable to target anything without inside the body or without its own html tag.<br />\n<pre><code>&lt;style type=&quot;text/css&quot;&gt;\nspan, ul, li {\n    font-size: 20px;\n}\nli {\n    line-height: 35px !important;\n}\n&lt;/style&gt;</code></pre>\n\nHere are a couple examples that browsers render this should set content in body to 20px...<br />\n<pre><code>&lt;html&gt;\n&lt;head&gt;\n&lt;style type=&quot;text/css&quot;&gt;\nbody{font-size:20px;}\n&lt;/style&gt;\n&lt;/head&gt;\n&lt;body&gt;\n&lt;h1&gt;This is an H1 Tag&lt;/h1&gt;\nThis is text with no tag...\n&lt;/body&gt;\n&lt;/html&gt;</code></pre>\n\nThis would set all tags to default 40px...<br />\n<pre><code>&lt;html&gt;\n&lt;head&gt;\n&lt;style type=&quot;text/css&quot;&gt;\n*{font-size:40px;}\n&lt;/style&gt;\n&lt;/head&gt;\n&lt;body&gt;\n&lt;h1&gt;This is an H1 Tag&lt;/h1&gt;\nThis is text with no tag...\n&lt;/body&gt;\n&lt;/html&gt;</code></pre>\n\nLet me know if thats enough to understand whats happening. Maybe this isn't a problem? I am just entering HTML from a DB, so maybe the control doesn't append your html to an html and body tag? Or does it? As I am not including the html or body tags anywhere as I assumed the control has that by default etc. If not does the control itself have its own tag?<br />\n<br />\nIt seems like it does have html and body tags as my other html and css work for targeting the li tags etc. And those list items are in li tags, I have other content on the same control but am unable to target it with css.<br />\n",
    "PostedDate": "2014-07-17T06:34:03.97-07:00",
    "UserRole": null,
    "MarkedAsAnswerDate": null
  },
  {
    "Id": "1273573",
    "ThreadId": "551665",
    "Html": "k, I see 3 issues:<br />\n<ol>\n<li>* selector doesn't work - need to add support for it</li>\n<li>html selector doesn't work - strange, need to check it.</li>\n<li>\nbody selector effects all inner elements where elements like h1 should overwrite the size set on body - will fix.<br />\n</li>\n</ol>\nam I missing something?<br />\n",
    "PostedDate": "2014-07-17T07:53:35.643-07:00",
    "UserRole": null,
    "MarkedAsAnswerDate": null
  },
  {
    "Id": "1273575",
    "ThreadId": "551665",
    "Html": "This discussion has been copied to a work item. Click <a href=\"https://htmlrenderer.codeplex.com/workitem/9042\" rel=\"nofollow\">here</a> to go to the work item and continue the discussion.<br />\n",
    "PostedDate": "2014-07-17T07:54:25.1-07:00",
    "UserRole": null,
    "MarkedAsAnswerDate": null
  }
]