[
  {
    "Id": "1477957",
    "ThreadId": "656077",
    "Html": "Hi there,\r<br />\n<br />\nI am using the WPF version of the HtmlPanel control - and I love it, except for this one problem I have. \r<br />\n<br />\nI have a stylesheet that might change (user configures a different theme), but when I update the property, nothing happens.\r<br />\n<br />\nNow, if I resize the window, causing the control to redraw itself, THEN it will do so with the new stylesheet. \r<br />\n<br />\nIs there a way to properly have it redraw itself whenever there is a change to the bound BaseStylesheet property? It would of course be lovely if it could do that itself...<br />\n",
    "PostedDate": "2016-07-02T16:39:42.217-07:00",
    "UserRole": null,
    "MarkedAsAnswerDate": null
  }
]