[
  {
    "Id": "1224037",
    "ThreadId": "539378",
    "Html": "Hi, \r<br />\nI'm using this class to display a table that can vary in number of rows. It has been working fine, however when the number of rows and the content is too big, it screw my window. I would like to know how to limit the height of the tooltip so that I don't get that problem.\r<br />\nI have tried different things like:<br />\n<ol>\n<li>Changing the CSS: table { width: 850px; height: 100px; }</li>\n<li>Changing the tooltip size: htmlToolTip1.MaximumSize = new System.Drawing.Size(880, 50);</li>\n<li>\nChanging the body size.<br />\n</li>\n</ol>\nThe CSS tags help to change the table size but even if I change the tooltip height, it shows a white box bigger than the table.\r<br />\n<br />\nAny help would be very appreciated.\r<br />\n<br />\nThank you.<br />\n",
    "PostedDate": "2014-03-18T08:45:01.093-07:00",
    "UserRole": null,
    "MarkedAsAnswerDate": null
  },
  {
    "Id": "1224338",
    "ThreadId": "539378",
    "Html": "can you provide a sample html to help me identify the issue.\r<br />\nthx.<br />\n",
    "PostedDate": "2014-03-19T03:17:28.953-07:00",
    "UserRole": null,
    "MarkedAsAnswerDate": null
  },
  {
    "Id": "1224418",
    "ThreadId": "539378",
    "Html": "I have the same issue.\r<br />\nMaximum height does not work properly. It shows a white box bigger than the content.<br />\n<pre><code>&lt;style type=&quot;text/css&quot;&gt;       .cs9BF57410{text-align:justify;text-indent:0pt;margin:0pt 0pt 10pt 0pt;line-height:1}     .cs524CA461{color:#000000;background-color:transparent;font-family:Arial;font-size:8pt;font-weight:normal;font-style:normal;}     .cs2654AE3A{text-align:left;text-indent:0pt;margin:0pt 0pt 0pt 0pt}      &lt;/style&gt;      &lt;p class=&quot;cs9BF57410&quot;&gt;&lt;span class=&quot;cs524CA461&quot;&gt;Lorem ipsum dolor sit amet, consectetur adipiscing elit. Integer pharetra dolor diam, sit amet congue quam tempor sit amet. Interdum et malesuada fames ac ante ipsum primis in faucibus. Donec ultrices placerat nunc vel posuere. Nam in tincidunt sapien. Proin at nulla a augue accumsan faucibus id sed eros. Sed quis velit id nulla vestibulum volutpat sed interdum metus. Vestibulum mauris nibh, pretium ut vulputate a, venenatis id risus. Fusce porttitor nisl purus, quis condimentum nunc sagittis et.&lt;/span&gt;&lt;/p&gt;&lt;p class=&quot;cs9BF57410&quot;&gt;&lt;span class=&quot;cs524CA461&quot;&gt;Nam placerat lacus ut arcu gravida, at pellentesque metus pharetra. Sed facilisis odio odio, sit amet auctor urna ultricies at. Morbi sit amet metus eget metus volutpat ultricies et a lectus. Duis placerat felis diam, lobortis cursus elit malesuada ac. Donec luctus leo nec lorem cursus, vitae fermentum ante convallis. Sed quis sagittis turpis. Aenean ultricies leo sagittis fringilla iaculis. Integer blandit vel ligula sit amet gravida. Nunc at pellentesque urna, ut cursus nisl. Curabitur vitae tincidunt nibh. Vivamus pharetra turpis in urna hendrerit lacinia. Aliquam condimentum, tortor vel venenatis dignissim, nunc diam adipiscing felis, a pharetra augue augue sit amet odio. Etiam cursus, nisi et facilisis vestibulum, nunc odio bibendum erat, non convallis enim turpis ac ligula. Aenean vitae laoreet orci. In eu volutpat tortor. Fusce hendrerit erat nisl, ut tristique neque bibendum eget.&lt;/span&gt;&lt;/p&gt;&lt;p class=&quot;cs9BF57410&quot;&gt;&lt;span class=&quot;cs524CA461&quot;&gt;Vivamus nunc ligula, ornare nec venenatis quis, faucibus a magna. Etiam dignissim feugiat tincidunt. Suspendisse vehicula lectus lacus, vel auctor neque blandit vel. Etiam ultrices vulputate odio, vitae congue mi suscipit eu. In quis mauris nisi. Suspendisse sit amet libero facilisis, hendrerit turpis eget, pellentesque mi. Curabitur laoreet nunc sit amet neque adipiscing aliquam. Nulla facilisi. Ut placerat purus augue, at consequat mi ultricies nec. Pellentesque eget sodales urna. Pellentesque in fringilla nunc. Aenean euismod elementum enim, vel blandit sem ultricies eu.&lt;/span&gt;&lt;/p&gt;&lt;p class=&quot;cs9BF57410&quot;&gt;&lt;span class=&quot;cs524CA461&quot;&gt;Sed quis fermentum neque. Ut sit amet arcu vitae purus dictum luctus a sed felis. Sed in massa quam. Sed ac eros at dui lobortis sollicitudin ac sed nulla. Etiam euismod quam bibendum elit placerat, at porta felis euismod. Phasellus rhoncus magna ac pulvinar aliquet. Pellentesque dapibus rutrum egestas. Duis risus quam, rhoncus vel neque eu, iaculis mollis ligula. Donec at risus cursus, interdum libero sed, faucibus turpis. Cras ullamcorper sapien elit, eget auctor diam eleifend at. Proin elementum, leo non pretium ultrices, lectus neque commodo massa, non dictum odio turpis at massa. Aliquam erat volutpat.&lt;/span&gt;&lt;/p&gt;&lt;p class=&quot;cs2654AE3A&quot;&gt;&lt;span class=&quot;cs524CA461&quot;&gt;Mauris ut est non turpis ornare hendrerit. Ut lacus lacus, lobortis quis dictum ac, mattis pharetra ante. Morbi ut iaculis leo. Aliquam consequat dapibus viverra. Nam aliquam dignissim mauris, non lacinia dolor interdum nec. Integer pretium, neque a malesuada sodales, odio mauris interdum arcu, at malesuada dui dui vel enim. Fusce in nulla vitae velit lacinia commodo sed eget orci. Donec luctus nulla in tempor pretium. Mauris tristique nisi sed diam rutrum, non ornare quam posuere. Vestibulum sagittis justo a nibh adipiscing dignissim. Maecenas volutpat purus odio, sit amet facilisis erat dignissim sed. Integer ligula felis, tempus quis nibh ut, porta accumsan diam.&lt;/span&gt;&lt;/p&gt;</code></pre>\n\n",
    "PostedDate": "2014-03-19T06:47:10.277-07:00",
    "UserRole": null,
    "MarkedAsAnswerDate": null
  },
  {
    "Id": "1224421",
    "ThreadId": "539378",
    "Html": "I've removed any HTML/CSS stuff from text and it does not work event with just plain text.\r<br />\n<br />\n<img src=\"http://clip2net.com/clip/m86387/1395237571-clip-31kb.png?nocache=1\" alt=\"Image\" /><br />\n",
    "PostedDate": "2014-03-19T06:59:57.66-07:00",
    "UserRole": null,
    "MarkedAsAnswerDate": null
  },
  {
    "Id": "1224424",
    "ThreadId": "539378",
    "Html": "This is the HTML I'm working on:\r<br />\n<br />\n&lt;html&gt;<br />\n<pre><code>&lt;body bgcolor=#ffffe0&gt;\n    &lt;table border=1&gt;\n        &lt;tr&gt;&lt;td&gt;&lt;b&gt;Header 1&lt;/b&gt;&lt;/td&gt;&lt;td&gt;&lt;b&gt;Header 2&lt;/b&gt;&lt;/td&gt;&lt;td class=comment&gt;&lt;b&gt;Header 3&lt;/b&gt;&lt;/td&gt;&lt;td&gt;&lt;b&gt;Header 4&lt;/b&gt;&lt;/td&gt;&lt;/tr&gt;\n        &lt;tr&gt;&lt;td&gt;Content&lt;/td&gt;&lt;td&gt;Anaphylaxis&lt;/td&gt;&lt;td class=comment&gt; &lt;/td&gt;&lt;td&gt;Jan 17 2014 20:44&lt;/td&gt;&lt;/tr&gt;\n        &lt;tr&gt;&lt;td&gt;Content&lt;/td&gt;&lt;td&gt;Rash / Hives / Itching, SOB / Wheezing, Tachycardia / Palpitations&lt;/td&gt;&lt;td class=comment&gt; &lt;/td&gt;&lt;td&gt;Jan 17 2014 20:44&lt;/td&gt;&lt;/tr&gt;\n        &lt;tr&gt;&lt;td&gt;Content&lt;/td&gt;&lt;td&gt;Anaphylaxis, Rash / Hives / Itching, SOB / Wheezing&lt;/td&gt;&lt;td class=comment&gt; &lt;/td&gt;&lt;td&gt;Jan 14 2014 13:03&lt;/td&gt;&lt;/tr&gt;\n        &lt;tr&gt;&lt;td&gt;Content Content&lt;/td&gt;&lt;td&gt;Rash / Hives / Itching, SOB / Wheezing, Tachycardia / Palpitations, Other&lt;/td&gt;&lt;td class=comment&gt;Y&lt;/td&gt;&lt;td&gt;Jan 14 2014 13:03&lt;/td&gt;&lt;/tr&gt;\n        &lt;tr&gt;&lt;td&gt;Content Content Content&lt;/td&gt;&lt;td&gt;Confusion / Agitation, Hallucination / Delirium, SOB / Wheezing&lt;/td&gt;&lt;td class=comment&gt; &lt;/td&gt;&lt;td&gt;Jan 14 2014 13:03&lt;/td&gt;&lt;/tr&gt;\n        &lt;tr&gt;&lt;td&gt;Content Content&lt;/td&gt;&lt;td&gt;Rash / Hives / Itching, SOB / Wheezing&lt;/td&gt;&lt;td class=comment&gt; &lt;/td&gt;&lt;td&gt;Jan 14 2014 13:03&lt;/td&gt;&lt;/tr&gt;\n        &lt;tr&gt;&lt;td&gt;Content&lt;/td&gt;&lt;td&gt;Bleeding Disorders, Confusion / Agitation, Nausea / Vomiting&lt;/td&gt;&lt;td class=comment&gt; &lt;/td&gt;&lt;td&gt;Jan 14 2014 13:03&lt;/td&gt;&lt;/tr&gt;\n        &lt;tr&gt;&lt;td&gt;Content&lt;/td&gt;&lt;td&gt;Rash / Hives / Itching, Seizures, SOB / Wheezing, Tachycardia / Palpitations&lt;/td&gt;&lt;td class=comment&gt; &lt;/td&gt;&lt;td&gt;Jan 14 2014 13:03&lt;/td&gt;&lt;/tr&gt;\n        &lt;tr&gt;&lt;td&gt;Content  Content&lt;/td&gt;&lt;td&gt;Rash / Hives / Itching, SOB / Wheezing, Tachycardia / Palpitations&lt;/td&gt;&lt;td class=comment&gt; &lt;/td&gt;&lt;td&gt;Jan 14 2014 13:03&lt;/td&gt;&lt;/tr&gt;\n        &lt;tr&gt;&lt;td&gt;Content&lt;/td&gt;&lt;td&gt;Rash / Hives / Itching, SOB / Wheezing&lt;/td&gt;&lt;td class=comment&gt; &lt;/td&gt;&lt;td&gt;Jan 14 2014 13:03&lt;/td&gt;&lt;/tr&gt;\n        &lt;tr&gt;&lt;td&gt;Content&lt;/td&gt;&lt;td&gt;Rash / Hives / Itching&lt;/td&gt;&lt;td class=comment&gt; &lt;/td&gt;&lt;td&gt;Jan 14 2014 13:03&lt;/td&gt;&lt;/tr&gt;\n        &lt;tr&gt;&lt;td&gt;Content&lt;/td&gt;&lt;td&gt;Rash / Hives / Itching&lt;/td&gt;&lt;td class=comment&gt; &lt;/td&gt;&lt;td&gt;Jan 14 2014 13:03&lt;/td&gt;&lt;/tr&gt;\n        &lt;tr&gt;&lt;td&gt;Content Content&lt;/td&gt;&lt;td&gt;Rash / Hives / Itching, SOB / Wheezing&lt;/td&gt;&lt;td class=comment&gt; &lt;/td&gt;&lt;td&gt;Jan 14 2014 13:03&lt;/td&gt;&lt;/tr&gt;\n        &lt;tr&gt;&lt;td&gt;Content&lt;/td&gt;&lt;td&gt;Rash / Hives / Itching, SOB / Wheezing, Other&lt;/td&gt;&lt;td class=comment&gt;Y&lt;/td&gt;&lt;td&gt;Jan 14 2014 13:03&lt;/td&gt;&lt;/tr&gt;\n        &lt;tr&gt;&lt;td&gt;Content Content&lt;/td&gt;&lt;td&gt;Rash / Hives / Itching, SOB / Wheezing&lt;/td&gt;&lt;td class=comment&gt; &lt;/td&gt;&lt;td&gt;Jan 14 2014 13:03&lt;/td&gt;&lt;/tr&gt;\n        &lt;tr&gt;&lt;td&gt;Content&lt;/td&gt;&lt;td&gt;Anaphylaxis, Diarrhea&lt;/td&gt;&lt;td class=comment&gt; &lt;/td&gt;&lt;td&gt;Jan 14 2014 13:03&lt;/td&gt;&lt;/tr&gt;\n        &lt;tr&gt;&lt;td&gt;Content&lt;/td&gt;&lt;td&gt;Rash / Hives / Itching, SOB / Wheezing&lt;/td&gt;&lt;td class=comment&gt; &lt;/td&gt;&lt;td&gt;Jan 14 2014 13:03&lt;/td&gt;&lt;/tr&gt;\n        &lt;tr&gt;&lt;td&gt;Content Content&lt;/td&gt;&lt;td&gt;Anaphylaxis&lt;/td&gt;&lt;td class=comment&gt; &lt;/td&gt;&lt;td&gt;Jan 14 2014 13:03&lt;/td&gt;&lt;/tr&gt;\n        &lt;tr&gt;&lt;td&gt;Content&lt;/td&gt;&lt;td&gt;Anaphylaxis, Bleeding Disorders, Confusion / Agitation, Constipation, Diarrhea, Hallucination / Delirium, Headache / Photosensitivity, Nausea / Vomiting, Rash / Hives / Itching, Seizures, SOB / Wheezing, Tachycardia / Palpitations, Other&lt;/td&gt;&lt;td class=comment&gt;Y&lt;/td&gt;&lt;td&gt;Jan 14 2014 13:03&lt;/td&gt;&lt;/tr&gt;\n        &lt;tr&gt;&lt;td&gt;Content&lt;/td&gt;&lt;td&gt;Anaphylaxis, Rash / Hives / Itching, SOB / Wheezing, Tachycardia / Palpitations&lt;/td&gt;&lt;td class=comment&gt; &lt;/td&gt;&lt;td&gt;Jan 14 2014 13:03&lt;/td&gt;&lt;/tr&gt;\n        &lt;tr&gt;&lt;td&gt;Content&lt;/td&gt;&lt;td&gt;Unknown&lt;/td&gt;&lt;td class=comment&gt; &lt;/td&gt;&lt;td&gt;Jan 14 2014 13:03&lt;/td&gt;&lt;/tr&gt;\n        &lt;tr&gt;&lt;td&gt;Content Content/Content&lt;/td&gt;&lt;td&gt;SOB / Wheezing, Tachycardia / Palpitations&lt;/td&gt;&lt;td class=comment&gt; &lt;/td&gt;&lt;td&gt;Jan 14 2014 13:03&lt;/td&gt;&lt;/tr&gt;\n        &lt;tr&gt;&lt;td&gt;Content&lt;/td&gt;&lt;td&gt;Anaphylaxis, Other&lt;/td&gt;&lt;td class=comment&gt;Y&lt;/td&gt;&lt;td&gt;Jan 14 2014 13:03&lt;/td&gt;&lt;/tr&gt;\n        &lt;tr&gt;&lt;td&gt;Content&lt;/td&gt;&lt;td&gt;Hallucination / Delirium, Headache / Photosensitivity, Rash / Hives / Itching, Seizures, SOB / Wheezing, Tachycardia / Palpitations&lt;/td&gt;&lt;td class=comment&gt; &lt;/td&gt;&lt;td&gt;Jan 14 2014 13:03&lt;/td&gt;&lt;/tr&gt;\n        &lt;tr&gt;&lt;td&gt;Content Content&lt;/td&gt;&lt;td&gt;Rash / Hives / Itching, SOB / Wheezing, Tachycardia / Palpitations&lt;/td&gt;&lt;td class=comment&gt; &lt;/td&gt;&lt;td&gt;Jan 14 2014 13:03&lt;/td&gt;&lt;/tr&gt;\n        &lt;tr&gt;&lt;td&gt;Content Content Content&lt;/td&gt;&lt;td&gt;Anaphylaxis, Rash / Hives / Itching&lt;/td&gt;&lt;td class=comment&gt; &lt;/td&gt;&lt;td&gt;Jan 14 2014 13:03&lt;/td&gt;&lt;/tr&gt;\n        &lt;tr&gt;&lt;td&gt;Content&lt;/td&gt;&lt;td&gt;Rash / Hives / Itching, SOB / Wheezing&lt;/td&gt;&lt;td class=comment&gt; &lt;/td&gt;&lt;td&gt;Jan 14 2014 13:03&lt;/td&gt;&lt;/tr&gt;\n        &lt;tr&gt;&lt;td&gt;Content&lt;/td&gt;&lt;td&gt;Rash / Hives / Itching, SOB / Wheezing&lt;/td&gt;&lt;td class=comment&gt;Y&lt;/td&gt;&lt;td&gt;Jan 14 2014 13:03&lt;/td&gt;&lt;/tr&gt;\n        &lt;tr&gt;&lt;td&gt;Content&lt;/td&gt;&lt;td&gt;Rash / Hives / Itching&lt;/td&gt;&lt;td class=comment&gt; &lt;/td&gt;&lt;td&gt;Jan 14 2014 13:03&lt;/td&gt;&lt;/tr&gt;\n        &lt;tr&gt;&lt;td&gt;Content  [Content/Content]&lt;/td&gt;&lt;td&gt;SOB / Wheezing&lt;/td&gt;&lt;td class=comment&gt; &lt;/td&gt;&lt;td&gt;Jan 29 2014 10:58&lt;/td&gt;&lt;/tr&gt;\n        &lt;tr&gt;&lt;td&gt;Content Content Content  [Content Content/Content/Content/Content]&lt;/td&gt;&lt;td&gt;Confusion / Agitation, Hallucination / Delirium&lt;/td&gt;&lt;td class=comment&gt; &lt;/td&gt;&lt;td&gt;Jan 29 2014 10:58&lt;/td&gt;&lt;/tr&gt;\n        &lt;tr&gt;&lt;td&gt;Content&lt;/td&gt;&lt;td&gt;Rash / Hives / Itching&lt;/td&gt;&lt;td class=comment&gt; &lt;/td&gt;&lt;td&gt;Jan 14 2014 13:03&lt;/td&gt;&lt;/tr&gt;\n    &lt;/table&gt;\n&lt;/body&gt;</code></pre>\n\n&lt;/html&gt;\r<br />\n<br />\nAnd this is my BaseStyleSheet:\r<br />\n&quot;.tooltipcss html body {margin: 2px; padding: 1px; border: solid gray 1px}  table {font-size: 10px; width: 880px; hight: 400px; }  tr td {border: 1px gray; padding: 2px 4px 2px 4px } td.comment {text-align: center ;} &quot;\r<br />\n<br />\nThanks.<br />\n",
    "PostedDate": "2014-03-19T07:07:34.527-07:00",
    "UserRole": null,
    "MarkedAsAnswerDate": null
  },
  {
    "Id": "1225497",
    "ThreadId": "539378",
    "Html": "will be fixed in next minor release.\r<br />\n<br />\nas a quick fix you can change the set of ToolTipSize in HtmlToolTip.OnToolTipPopup method to:<br />\n<pre><code>//Set the size of the tooltip\ne.ToolTipSize = new Size((int)Math.Ceiling(Math.Min(_htmlContainer.ActualSize.Width, MaximumSize.Width)),\n                                     (int)Math.Ceiling(Math.Min(_htmlContainer.ActualSize.Height, MaximumSize.Height)));</code></pre>\n\n",
    "PostedDate": "2014-03-22T04:16:01.93-07:00",
    "UserRole": null,
    "MarkedAsAnswerDate": null
  },
  {
    "Id": "1226006",
    "ThreadId": "539378",
    "Html": "Hi Arthur,\r<br />\n<br />\nDo you mean override Popup method? in my case it would be &quot;private void htmlToolTip1_Popup(object sender, PopupEventArgs e) {  }\r<br />\n<br />\nOn the other hand, when I add this code to that method I get this error:\r<br />\nError\t9\tThe name '_htmlContainer' does not exist in the current context.\r<br />\n<br />\nThanks.<br />\n",
    "PostedDate": "2014-03-24T06:56:07.117-07:00",
    "UserRole": null,
    "MarkedAsAnswerDate": null
  },
  {
    "Id": "1226067",
    "ThreadId": "539378",
    "Html": "Sorry, I mean to change the code of the HTML Renderer and recompile, there is no other way until I release an update.<br />\n",
    "PostedDate": "2014-03-24T09:14:23.187-07:00",
    "UserRole": null,
    "MarkedAsAnswerDate": null
  },
  {
    "Id": "1226092",
    "ThreadId": "539378",
    "Html": "I see. What version of Visual Studio are you using? I have 2010 and It cannot be opened.<br />\n",
    "PostedDate": "2014-03-24T10:04:59.277-07:00",
    "UserRole": null,
    "MarkedAsAnswerDate": null
  },
  {
    "Id": "1226364",
    "ThreadId": "539378",
    "Html": "I'm using 2012<br />\n",
    "PostedDate": "2014-03-25T02:34:26.987-07:00",
    "UserRole": null,
    "MarkedAsAnswerDate": null
  },
  {
    "Id": "1227117",
    "ThreadId": "539378",
    "Html": "Do you know by when the next release is going to be ready?<br />\n",
    "PostedDate": "2014-03-26T13:18:42.94-07:00",
    "UserRole": null,
    "MarkedAsAnswerDate": null
  },
  {
    "Id": "1227228",
    "ThreadId": "539378",
    "Html": "2-3 weeks<br />\n",
    "PostedDate": "2014-03-27T00:55:23.977-07:00",
    "UserRole": null,
    "MarkedAsAnswerDate": null
  },
  {
    "Id": "1231415",
    "ThreadId": "539378",
    "Html": "<strong>ArthurTep wrote:</strong><br />\n<blockquote>\nwill be fixed in next minor release.<br />\n<br />\nas a quick fix you can change the set of ToolTipSize in HtmlToolTip.OnToolTipPopup method to:<br />\n<pre><code>//Set the size of the tooltip\ne.ToolTipSize = new Size((int)Math.Ceiling(Math.Min(_htmlContainer.ActualSize.Width, MaximumSize.Width)),\n                                     (int)Math.Ceiling(Math.Min(_htmlContainer.ActualSize.Height, MaximumSize.Height)));</code></pre>\n\n</blockquote>\nDoes not work for me, because MaximumSize can be 0, so Size will be 0 x 0.\r<br />\n<br />\nSmall modification:<br />\n<pre><code>            //Set the size of the tooltip\n            var desiredWidth = (int)Math.Ceiling(MaximumSize.Width &gt; 0 ? Math.Min(_htmlContainer.ActualSize.Width, MaximumSize.Width) : _htmlContainer.ActualSize.Width);\n            var desiredHeight = (int)Math.Ceiling(MaximumSize.Height &gt; 0 ? Math.Min(_htmlContainer.ActualSize.Height, MaximumSize.Height) : _htmlContainer.ActualSize.Height);\n            e.ToolTipSize = new Size(desiredWidth, desiredHeight);</code></pre>\n\n",
    "PostedDate": "2014-04-07T09:49:12.717-07:00",
    "UserRole": null,
    "MarkedAsAnswerDate": null
  },
  {
    "Id": "1231862",
    "ThreadId": "539378",
    "Html": "Shit, I really need to pay more attention :(\r<br />\nThx, I will add the fix.<br />\n",
    "PostedDate": "2014-04-08T06:34:59.397-07:00",
    "UserRole": null,
    "MarkedAsAnswerDate": null
  },
  {
    "Id": "1238356",
    "ThreadId": "539378",
    "Html": "fixed in 1.4.14.0<br />\n",
    "PostedDate": "2014-04-26T09:10:37.593-07:00",
    "UserRole": null,
    "MarkedAsAnswerDate": "2014-04-26T09:11:10.453-07:00"
  }
]