[
  {
    "Id": "44232",
    "Title": "Minor grammar correction suggestion for home page",
    "LatestDate": "2009-01-30T06:43:24.237-08:00"
  },
  {
    "Id": "55227",
    "Title": "Plans for WPF",
    "LatestDate": "2009-07-24T17:04:34.36-07:00"
  },
  {
    "Id": "74802",
    "Title": "1 px difference on render",
    "LatestDate": "2009-11-11T07:51:10.393-08:00"
  },
  {
    "Id": "78270",
    "Title": "HTMLLabel transparent background",
    "LatestDate": "2012-11-13T06:48:48.373-08:00"
  },
  {
    "Id": "214529",
    "Title": "Can't handle br tag",
    "LatestDate": "2012-11-13T06:38:06.55-08:00"
  },
  {
    "Id": "220698",
    "Title": "clickable anchor link in tooltip",
    "LatestDate": "2012-11-13T06:42:52.783-08:00"
  },
  {
    "Id": "254395",
    "Title": "License & Maintenance",
    "LatestDate": "2012-11-13T06:40:37.093-08:00"
  },
  {
    "Id": "389920",
    "Title": "Code to handle image data URIs",
    "LatestDate": "2015-02-04T08:02:37.917-08:00"
  },
  {
    "Id": "390274",
    "Title": "Better handling of quoted attributes.",
    "LatestDate": "2012-11-13T06:50:07.843-08:00"
  },
  {
    "Id": "392411",
    "Title": "Not show vietnamese",
    "LatestDate": "2012-08-20T18:50:01.283-07:00"
  },
  {
    "Id": "396439",
    "Title": "Text Selection",
    "LatestDate": "2012-11-13T06:46:06.9-08:00"
  },
  {
    "Id": "400831",
    "Title": "Optimized version",
    "LatestDate": "2012-10-25T11:47:28.077-07:00"
  },
  {
    "Id": "405215",
    "Title": "Does suppurt for .NET 3.5 dropped?",
    "LatestDate": "2013-02-13T01:32:49.29-08:00"
  },
  {
    "Id": "406310",
    "Title": "Fantastic! \"Where've you been all my life...\" ",
    "LatestDate": "2012-12-11T00:33:57.563-08:00"
  },
  {
    "Id": "429375",
    "Title": "Managing external URLs in HtmlRenderer",
    "LatestDate": "2013-01-14T05:04:05.387-08:00"
  },
  {
    "Id": "429636",
    "Title": "Implementing different strategies",
    "LatestDate": "2013-01-15T01:58:08.623-08:00"
  },
  {
    "Id": "430073",
    "Title": "New version (1.3) looks great! Much appreciated.",
    "LatestDate": "2013-01-18T09:32:07.773-08:00"
  },
  {
    "Id": "431787",
    "Title": "Keep htmlPanel scrolled to bottom?",
    "LatestDate": "2013-02-03T02:23:05.1-08:00"
  },
  {
    "Id": "432761",
    "Title": ".net 2.0 target",
    "LatestDate": "2013-09-01T03:55:02.56-07:00"
  },
  {
    "Id": "434114",
    "Title": "HtmlLabel Rendering",
    "LatestDate": "2013-02-26T00:22:19.8-08:00"
  },
  {
    "Id": "434126",
    "Title": "BaseStylesheet",
    "LatestDate": "2013-02-25T19:41:15.003-08:00"
  },
  {
    "Id": "434664",
    "Title": "Borders and colors",
    "LatestDate": "2013-02-28T00:38:08.873-08:00"
  },
  {
    "Id": "435868",
    "Title": "percentage margin issue",
    "LatestDate": "2013-03-10T12:35:42.777-07:00"
  },
  {
    "Id": "436373",
    "Title": "Clipping of text",
    "LatestDate": "2013-03-14T01:27:19.607-07:00"
  },
  {
    "Id": "436743",
    "Title": "Thinking of Page Support?",
    "LatestDate": "2014-03-02T01:20:29.447-08:00"
  },
  {
    "Id": "437932",
    "Title": "Crash in DecodeHtmlCharByCode",
    "LatestDate": "2013-04-04T08:34:41.683-07:00"
  },
  {
    "Id": "438380",
    "Title": "fonts that aren't installed on system",
    "LatestDate": "2015-03-03T06:15:06.36-08:00"
  },
  {
    "Id": "438473",
    "Title": "selected color",
    "LatestDate": "2013-10-20T08:40:53.327-07:00"
  },
  {
    "Id": "439580",
    "Title": "GetStyleSheet Missing",
    "LatestDate": "2013-04-09T00:24:28.627-07:00"
  },
  {
    "Id": "439639",
    "Title": "CSS float problem",
    "LatestDate": "2013-04-09T08:13:54.433-07:00"
  },
  {
    "Id": "442448",
    "Title": "Scrolling to end",
    "LatestDate": "2013-05-05T00:17:45.647-07:00"
  },
  {
    "Id": "443011",
    "Title": "Editing",
    "LatestDate": "2014-01-05T04:37:00.62-08:00"
  },
  {
    "Id": "446222",
    "Title": "Image Load Handler",
    "LatestDate": "2013-06-11T00:15:03.003-07:00"
  },
  {
    "Id": "446721",
    "Title": "Using Html Renderer",
    "LatestDate": "2013-06-11T12:17:32.47-07:00"
  },
  {
    "Id": "446724",
    "Title": "SVG compatibility",
    "LatestDate": "2013-06-12T00:06:58.763-07:00"
  },
  {
    "Id": "448317",
    "Title": "Links to Anchors",
    "LatestDate": "2013-06-27T13:07:38.52-07:00"
  },
  {
    "Id": "448736",
    "Title": "Image Alignment (Centering) not working",
    "LatestDate": "2013-07-04T02:05:23.93-07:00"
  },
  {
    "Id": "449003",
    "Title": "Thanks",
    "LatestDate": "2013-07-04T02:06:30.263-07:00"
  },
  {
    "Id": "450587",
    "Title": "white-space: nowrap",
    "LatestDate": "2013-07-27T23:47:36.837-07:00"
  },
  {
    "Id": "452372",
    "Title": "Unicode in HTML with HEX representation",
    "LatestDate": "2013-08-10T23:36:30.64-07:00"
  },
  {
    "Id": "454560",
    "Title": "Unicode in HTML with HEX representation No. 2",
    "LatestDate": "2013-08-27T09:23:25.7-07:00"
  },
  {
    "Id": "454678",
    "Title": "Links to anchor support",
    "LatestDate": "2013-08-29T01:21:17.01-07:00"
  },
  {
    "Id": "455443",
    "Title": "Changing size does not re-layout html",
    "LatestDate": "2013-09-10T01:19:58.887-07:00"
  },
  {
    "Id": "456475",
    "Title": "Text align justify ignores background colors",
    "LatestDate": "2013-09-11T05:14:34.473-07:00"
  },
  {
    "Id": "456476",
    "Title": "CSS hover selector",
    "LatestDate": "2013-09-16T03:59:00.083-07:00"
  },
  {
    "Id": "456777",
    "Title": "Link text in LinkClicked event",
    "LatestDate": "2013-09-13T03:42:00.567-07:00"
  },
  {
    "Id": "457259",
    "Title": "Nested tables problem",
    "LatestDate": "2013-09-22T00:40:22.247-07:00"
  },
  {
    "Id": "458875",
    "Title": "Right aligned text in table cell",
    "LatestDate": "2013-09-24T06:27:51.833-07:00"
  },
  {
    "Id": "459668",
    "Title": "Image loading issue",
    "LatestDate": "2013-12-05T02:29:46.923-08:00"
  },
  {
    "Id": "460857",
    "Title": "Protruding Borders (Rounding Issue?)",
    "LatestDate": "2013-10-05T02:41:12.053-07:00"
  },
  {
    "Id": "460935",
    "Title": "No Text Antialiasing",
    "LatestDate": "2013-10-19T08:48:40.83-07:00"
  },
  {
    "Id": "461027",
    "Title": "the image is just black ",
    "LatestDate": "2014-03-10T07:05:37.327-07:00"
  },
  {
    "Id": "461356",
    "Title": "Render to Graphics",
    "LatestDate": "2013-10-07T23:44:04.803-07:00"
  },
  {
    "Id": "462100",
    "Title": "AltSketch Render",
    "LatestDate": "2014-07-26T06:54:17.577-07:00"
  },
  {
    "Id": "462484",
    "Title": "native form widgets?",
    "LatestDate": "2013-10-17T00:16:29.823-07:00"
  },
  {
    "Id": "462750",
    "Title": "HtmlRender.Render generates unformatted image",
    "LatestDate": "2014-05-04T08:11:36.99-07:00"
  },
  {
    "Id": "462925",
    "Title": "MinimumSize.Height ignored on HtmlLabel",
    "LatestDate": "2013-10-22T01:57:42.71-07:00"
  },
  {
    "Id": "462942",
    "Title": "XP Empty Display label",
    "LatestDate": "2013-10-22T04:43:55.34-07:00"
  },
  {
    "Id": "463492",
    "Title": "MHT support?",
    "LatestDate": "2013-10-25T00:35:53.353-07:00"
  },
  {
    "Id": "468710",
    "Title": "Value cannot be null.  Parameter name: parent",
    "LatestDate": "2013-11-16T04:45:52.54-08:00"
  },
  {
    "Id": "468725",
    "Title": "HtmlRender.Render - Pixilated Images",
    "LatestDate": "2014-03-10T07:08:00.657-07:00"
  },
  {
    "Id": "468832",
    "Title": "ScrollToEnd() / ScrollToBegin()?",
    "LatestDate": "2014-03-11T03:56:25.43-07:00"
  },
  {
    "Id": "470729",
    "Title": "htmlTooltip hide border",
    "LatestDate": "2013-11-30T08:29:17.58-08:00"
  },
  {
    "Id": "471600",
    "Title": "RTL Support",
    "LatestDate": "2013-12-01T01:20:08.87-08:00"
  },
  {
    "Id": "472305",
    "Title": "Images are incorrect size",
    "LatestDate": "2013-12-11T10:51:04.967-08:00"
  },
  {
    "Id": "473268",
    "Title": "Convert Html to image ",
    "LatestDate": "2013-12-12T03:03:37.867-08:00"
  },
  {
    "Id": "473317",
    "Title": "Retrieve selected text",
    "LatestDate": "2013-12-12T03:19:51.163-08:00"
  },
  {
    "Id": "473787",
    "Title": "Image loading: how?",
    "LatestDate": "2013-12-14T16:23:27.95-08:00"
  },
  {
    "Id": "474957",
    "Title": "SVG Image support",
    "LatestDate": "2014-11-27T09:09:21.88-08:00"
  },
  {
    "Id": "479170",
    "Title": "img and HtmlRenderer.GetAttributeAt",
    "LatestDate": "2014-01-18T03:31:47.727-08:00"
  },
  {
    "Id": "481056",
    "Title": "1.4.11.0 HtmlRender.RenderToImage : Problem",
    "LatestDate": "2014-01-18T03:32:25.503-08:00"
  },
  {
    "Id": "483811",
    "Title": "Configuring CSS",
    "LatestDate": "2014-01-06T07:11:39.017-08:00"
  },
  {
    "Id": "484135",
    "Title": "Screen location/size of specific element",
    "LatestDate": "2014-01-18T03:34:06.41-08:00"
  },
  {
    "Id": "489585",
    "Title": "External CSS",
    "LatestDate": "2014-02-24T06:48:51.803-08:00"
  },
  {
    "Id": "531614",
    "Title": "RENDERING TO Response Output Stream",
    "LatestDate": "2014-02-13T00:27:05.49-08:00"
  },
  {
    "Id": "533139",
    "Title": "javascript support",
    "LatestDate": "2014-02-23T00:01:35.797-08:00"
  },
  {
    "Id": "533166",
    "Title": "HTML to PDF conversion",
    "LatestDate": "2014-02-20T13:38:46.877-08:00"
  },
  {
    "Id": "534851",
    "Title": "External CSS background-image from external CSS stylesheet",
    "LatestDate": "2014-03-07T07:09:20.88-08:00"
  },
  {
    "Id": "535820",
    "Title": "Inline-block and block elements widths incorrect",
    "LatestDate": "2014-08-11T09:32:26.397-07:00"
  },
  {
    "Id": "537947",
    "Title": "Handling whitespace:pre-wrap",
    "LatestDate": "2014-03-07T11:08:44.293-08:00"
  },
  {
    "Id": "538391",
    "Title": "CSS: Line Height",
    "LatestDate": "2014-12-25T15:40:29.333-08:00"
  },
  {
    "Id": "538441",
    "Title": "button",
    "LatestDate": "2014-03-09T11:09:49.383-07:00"
  },
  {
    "Id": "538695",
    "Title": "HtmlRenderer.HtmlRender quality of text is not (so) good",
    "LatestDate": "2014-03-20T10:47:12.817-07:00"
  },
  {
    "Id": "538882",
    "Title": "Line spacing",
    "LatestDate": "2014-03-19T03:15:00.253-07:00"
  },
  {
    "Id": "539378",
    "Title": "htmltooltip size",
    "LatestDate": "2014-04-26T09:10:37.593-07:00"
  },
  {
    "Id": "539562",
    "Title": "How do I get the HTMLRenderer control to appear in the Toolbox?",
    "LatestDate": "2014-03-22T04:12:15.65-07:00"
  },
  {
    "Id": "539714",
    "Title": "Large Text issue (solved)",
    "LatestDate": "2014-03-22T04:23:04.003-07:00"
  },
  {
    "Id": "541313",
    "Title": "Loading Image in the html before converting to image",
    "LatestDate": "2014-04-08T09:14:30.657-07:00"
  },
  {
    "Id": "541434",
    "Title": "<br /> issues",
    "LatestDate": "2014-04-07T09:20:46.747-07:00"
  },
  {
    "Id": "541444",
    "Title": "NullReferenceException when parsing style tag",
    "LatestDate": "2014-04-07T09:18:19.407-07:00"
  },
  {
    "Id": "541880",
    "Title": "<STYLE><em> issue",
    "LatestDate": "2014-04-16T11:28:57.147-07:00"
  },
  {
    "Id": "542641",
    "Title": "Misplaced Single Quote at the end of a Word in an RTL Text",
    "LatestDate": "2014-04-26T09:10:06.78-07:00"
  },
  {
    "Id": "544671",
    "Title": "CSS not used while rendering an image",
    "LatestDate": "2014-05-09T03:39:10.493-07:00"
  },
  {
    "Id": "546177",
    "Title": "Can this control be used in an ASP.Net Application?",
    "LatestDate": "2014-05-22T00:42:17.793-07:00"
  },
  {
    "Id": "546197",
    "Title": "Table cell width",
    "LatestDate": "2014-05-28T12:33:58.2-07:00"
  },
  {
    "Id": "546738",
    "Title": "custom fonts and selection color",
    "LatestDate": "2014-05-28T13:15:23.88-07:00"
  },
  {
    "Id": "546822",
    "Title": "loss of font fidelity (missing ClearType?)",
    "LatestDate": "2014-05-29T07:09:26.557-07:00"
  },
  {
    "Id": "547000",
    "Title": "HtmlPanel flashing on click or selection drag (IsSelectionEnabled = true)",
    "LatestDate": "2014-05-30T01:50:18.09-07:00"
  },
  {
    "Id": "549157",
    "Title": "HtmlLabel transparent background",
    "LatestDate": "2014-06-20T02:45:25.443-07:00"
  },
  {
    "Id": "550337",
    "Title": "Increase render resolution for HtmlRender.RenderToImage",
    "LatestDate": "2015-01-30T15:28:13.62-08:00"
  },
  {
    "Id": "550768",
    "Title": "Using htmlRenderer HTML generated images.",
    "LatestDate": "2014-07-07T01:16:38.307-07:00"
  },
  {
    "Id": "551665",
    "Title": "css * wildcard",
    "LatestDate": "2014-07-17T07:54:25.1-07:00"
  },
  {
    "Id": "558405",
    "Title": "Get the screen location of one element",
    "LatestDate": "2014-08-05T05:53:53.11-07:00"
  },
  {
    "Id": "560944",
    "Title": "Azure Websites",
    "LatestDate": "2015-05-26T00:50:46.757-07:00"
  },
  {
    "Id": "561073",
    "Title": "MathML support?",
    "LatestDate": "2014-08-15T09:49:32.083-07:00"
  },
  {
    "Id": "567106",
    "Title": "Clear Selection",
    "LatestDate": "2014-09-16T00:44:41.357-07:00"
  },
  {
    "Id": "567352",
    "Title": "Render partial PDF",
    "LatestDate": "2014-09-14T01:06:35.35-07:00"
  },
  {
    "Id": "567369",
    "Title": "know when htmlpanel is fully rendered",
    "LatestDate": "2014-12-06T17:20:46.04-08:00"
  },
  {
    "Id": "567379",
    "Title": "Centering tables",
    "LatestDate": "2014-09-23T04:13:26.35-07:00"
  },
  {
    "Id": "569613",
    "Title": "How to stop loading system font? ",
    "LatestDate": "2014-10-14T04:54:12.527-07:00"
  },
  {
    "Id": "569965",
    "Title": "Select text programmatically",
    "LatestDate": "2014-10-18T04:44:19.163-07:00"
  },
  {
    "Id": "569986",
    "Title": "Absolute positioning not working",
    "LatestDate": "2014-12-19T03:05:32.167-08:00"
  },
  {
    "Id": "570140",
    "Title": "A generic error occurred in GDI+.",
    "LatestDate": "2014-11-07T00:28:11.297-08:00"
  },
  {
    "Id": "571723",
    "Title": "HTML / CSS parser",
    "LatestDate": "2014-11-14T00:41:59.323-08:00"
  },
  {
    "Id": "571891",
    "Title": "Is HTML Renderer suitable for measuring the size of rich text?",
    "LatestDate": "2014-11-14T10:49:22.163-08:00"
  },
  {
    "Id": "572998",
    "Title": "Rendering images in the HtmlPanel control",
    "LatestDate": "2014-12-05T02:28:56.377-08:00"
  },
  {
    "Id": "573324",
    "Title": "Unicode hindi text not showing in PDF",
    "LatestDate": "2014-12-07T01:41:57.687-08:00"
  },
  {
    "Id": "574122",
    "Title": "Generate image with background problem",
    "LatestDate": "2015-02-04T05:31:41.32-08:00"
  },
  {
    "Id": "574512",
    "Title": "Scroll when selection",
    "LatestDate": "2014-12-10T05:34:29.773-08:00"
  },
  {
    "Id": "574913",
    "Title": "Update Nuget Package (64bit target bug)",
    "LatestDate": "2014-12-14T08:32:52.29-08:00"
  },
  {
    "Id": "575515",
    "Title": "Publish HtmlContainer methods to the HtmlPanel",
    "LatestDate": "2014-12-15T13:36:24.637-08:00"
  },
  {
    "Id": "575832",
    "Title": "CssBox Factory",
    "LatestDate": "2014-12-19T03:07:23.777-08:00"
  },
  {
    "Id": "576056",
    "Title": "All Assemblies have the same GUID..?",
    "LatestDate": "2014-12-22T06:42:42.313-08:00"
  },
  {
    "Id": "577593",
    "Title": "WinRT-Support in future?",
    "LatestDate": "2015-01-13T02:16:00.55-08:00"
  },
  {
    "Id": "579942",
    "Title": "Render to Image with Transparent Backgroun",
    "LatestDate": "2015-02-10T13:09:20.81-08:00"
  },
  {
    "Id": "581108",
    "Title": "How to load PNG as `byte[]` to HtmlImageLoadEventArgs callback?",
    "LatestDate": "2015-02-19T03:27:02.9-08:00"
  },
  {
    "Id": "581355",
    "Title": "How to generate PDF with footer and page numbers?",
    "LatestDate": "2016-08-28T21:30:23.86-07:00"
  },
  {
    "Id": "581639",
    "Title": "TAG HTML inside the <TD> is not drawn.",
    "LatestDate": "2015-02-23T10:56:12.347-08:00"
  },
  {
    "Id": "581959",
    "Title": "How to have custom controls \"with-in\" the web page?",
    "LatestDate": "2015-05-06T22:17:29.737-07:00"
  },
  {
    "Id": "584670",
    "Title": "Generate PDF with custom Fonts",
    "LatestDate": "2015-03-05T05:52:15.077-08:00"
  },
  {
    "Id": "608790",
    "Title": "Barcode Not rendering when use RenderToImage",
    "LatestDate": "2015-03-23T09:06:28.16-07:00"
  },
  {
    "Id": "626288",
    "Title": "HtmlRender.RenderToImage crashing",
    "LatestDate": "2015-04-13T06:35:02-07:00"
  },
  {
    "Id": "637542",
    "Title": "Multiple pages from HTML",
    "LatestDate": "2015-05-09T08:13:29.973-07:00"
  },
  {
    "Id": "638836",
    "Title": "2 columns",
    "LatestDate": "2015-09-21T12:56:40.357-07:00"
  },
  {
    "Id": "639205",
    "Title": "PdfGenerator.GeneratePdf don't work",
    "LatestDate": "2015-06-04T12:23:17.69-07:00"
  },
  {
    "Id": "640140",
    "Title": "HtmlToolTip Scrollbars",
    "LatestDate": "2015-06-18T23:04:47.477-07:00"
  },
  {
    "Id": "640398",
    "Title": "HtmlPanel - Making OnScreen Keyboard popup on touching the panel",
    "LatestDate": "2015-06-24T05:17:35.327-07:00"
  },
  {
    "Id": "640559",
    "Title": "Title attribute support?",
    "LatestDate": "2015-07-07T15:08:19.16-07:00"
  },
  {
    "Id": "642626",
    "Title": "video in HtmlPanel",
    "LatestDate": "2015-08-12T15:02:01.637-07:00"
  },
  {
    "Id": "643982",
    "Title": "How to add page break throwgh HTML code",
    "LatestDate": "2016-02-25T09:14:54.407-08:00"
  },
  {
    "Id": "645086",
    "Title": "How to use custom fonts with HtmlRenderer? ",
    "LatestDate": "2015-09-17T09:31:31.123-07:00"
  },
  {
    "Id": "646489",
    "Title": "How to render checkbox in the pdf",
    "LatestDate": "2015-10-21T13:22:06.743-07:00"
  },
  {
    "Id": "646834",
    "Title": "CSS Property 'font-size' Ignored",
    "LatestDate": "2015-10-30T08:04:38.64-07:00"
  },
  {
    "Id": "646987",
    "Title": "Event for hover over links",
    "LatestDate": "2015-11-04T13:36:31.4-08:00"
  },
  {
    "Id": "647646",
    "Title": "Scrolling to end",
    "LatestDate": "2015-11-16T08:19:57.31-08:00"
  },
  {
    "Id": "648675",
    "Title": "Debugging Generated PDFs",
    "LatestDate": "2016-06-06T07:14:38.713-07:00"
  },
  {
    "Id": "650082",
    "Title": "Stop page breaks for certain tags",
    "LatestDate": "2016-01-15T02:07:41.207-08:00"
  },
  {
    "Id": "650959",
    "Title": "disabling text cursor on HtmlPanel",
    "LatestDate": "2016-02-05T11:56:18.047-08:00"
  },
  {
    "Id": "652314",
    "Title": "colspan cause RenderToImage() method generate the empty image result",
    "LatestDate": "2016-03-08T19:50:55.407-08:00"
  },
  {
    "Id": "652531",
    "Title": "Html  Generate  PDF  Display text garbled (chinese)",
    "LatestDate": "2016-03-20T23:26:28.743-07:00"
  },
  {
    "Id": "652906",
    "Title": "Html Generate Image Symbol sequence of confusion",
    "LatestDate": "2016-03-27T20:11:47.93-07:00"
  },
  {
    "Id": "652914",
    "Title": "None of the provided assemblies can be loaded in the Visual Studio Toolbox",
    "LatestDate": "2016-03-25T04:11:19.42-07:00"
  },
  {
    "Id": "653688",
    "Title": "How to use the HTML Renderer in Windows 10 UWP?",
    "LatestDate": "2016-04-18T02:42:01.08-07:00"
  },
  {
    "Id": "653760",
    "Title": "Pagination",
    "LatestDate": "2016-04-19T18:02:58.813-07:00"
  },
  {
    "Id": "656077",
    "Title": "Binding BaseStylesheet and updating it",
    "LatestDate": "2016-07-02T16:39:42.217-07:00"
  },
  {
    "Id": "656745",
    "Title": "How to embed fonts using HtmlRenderer.PDFSharp ?",
    "LatestDate": "2016-07-27T20:32:35.153-07:00"
  },
  {
    "Id": "657143",
    "Title": "Page Break Always is not functional ",
    "LatestDate": "2016-08-14T23:21:33.013-07:00"
  },
  {
    "Id": "657228",
    "Title": "Left margin applies to second line of bullet",
    "LatestDate": "2016-08-17T12:06:28.703-07:00"
  },
  {
    "Id": "657487",
    "Title": "CSS3 Support",
    "LatestDate": "2016-08-28T11:22:12.96-07:00"
  },
  {
    "Id": "659258",
    "Title": "Use an existing PDF as template",
    "LatestDate": "2016-11-08T05:17:07-08:00"
  },
  {
    "Id": "659944",
    "Title": "Script injection threat?",
    "LatestDate": "2016-12-05T19:07:14.42-08:00"
  },
  {
    "Id": "660531",
    "Title": "CSS word-break : break-word vs break-all",
    "LatestDate": "2017-01-06T13:41:24.183-08:00"
  },
  {
    "Id": "660791",
    "Title": "Images don't display in PDF",
    "LatestDate": "2017-01-20T08:26:19.4-08:00"
  },
  {
    "Id": "663741",
    "Title": "How to Select all text / copy like the right click context menu?",
    "LatestDate": "2017-09-10T12:56:30.673-07:00"
  },
  {
    "Id": "663888",
    "Title": "How to get access to path?",
    "LatestDate": "2017-10-15T03:25:52.13-07:00"
  }
]