[
  {
    "Id": "1230735",
    "ThreadId": "541313",
    "Html": "In the HTML to be converted to image using HTML renderer, I have a &lt;img src = &quot;&quot;/&gt; tag.\r<br />\nHow to load image to the html tag so that the image mentioned in the image tag of the html appears in the image of the converted html.<br />\n",
    "PostedDate": "2014-04-05T09:32:47.437-07:00",
    "UserRole": null,
    "MarkedAsAnswerDate": null
  },
  {
    "Id": "1230858",
    "ThreadId": "541313",
    "Html": "Do you use the methods described here: <a href=\"https://htmlrenderer.codeplex.com/wikipage?title=Image%20generation\" rel=\"nofollow\">Generate image from HTML markup</a>?<br />\n",
    "PostedDate": "2014-04-06T00:22:50.853-07:00",
    "UserRole": null,
    "MarkedAsAnswerDate": null
  },
  {
    "Id": "1231343",
    "ThreadId": "541313",
    "Html": "\r\n<div>\r\n<p><span lang=\"EN-US\" style=\"font-size:11.0pt; font-family:\">Hi Arthur,</span></p>\r\n<p><span lang=\"EN-US\" style=\"font-size:11.0pt; font-family:\"></span></p>\r\n<p><span lang=\"EN-US\" style=\"font-size:11.0pt; font-family:\">Thanks for the reply. I followed the link and was able to use the css. But the texts are shown bold even though i had specified the font-weight as normal.</span></p>\r\n<p><span lang=\"EN-US\" style=\"font-size:11.0pt; font-family:\"></span></p>\r\n<p><span lang=\"EN-US\" style=\"font-size:11.0pt; font-family:\">&lt;html&gt;&lt;head&gt;&lt;style type='text/css'&gt; .datatable{font-family: 'Arial Narrow', Arial, 'Helvetica Condensed', Helvetica, sans-serif;font-size:10px;font-weight:normal;color:#000;background-color:#ffffff;border:1px\r\n solid #7F7F7F; border-spacing: 0;margin:0;padding:0;width:100%;}&lt;/style&gt;&lt;/head&gt;&lt;body&gt;\r\n<table class=\"datatable\">\r\n<tbody>\r\n<tr>\r\n<th></th>\r\n<th>SALARIED</th>\r\n<th>SELF EMPLOYED</th>\r\n<th>Unknown</th>\r\n</tr>\r\n<tr>\r\n<td>No Of Approvals</td>\r\n<td>43648</td>\r\n<td>31479</td>\r\n<td>989</td>\r\n</tr>\r\n</tbody>\r\n</table>\r\n&lt;/body&gt;&lt;/html&gt;</span></p>\r\n<p><span lang=\"EN-US\" style=\"font-size:11.0pt; font-family:\"></span></p>\r\n<p><span lang=\"EN-US\" style=\"font-size:11.0pt; font-family:\">I tried changing the font family to Tahoma etc, then too the fonts are bold.</span></p>\r\n<p><span lang=\"EN-US\" style=\"font-size:11.0pt; font-family:\">Can you please let me know, if I am missing something.</span></p>\r\n<p><span lang=\"EN-US\" style=\"font-size:11.0pt; font-family:\"></span></p>\r\n<div>\r\n<p><span lang=\"EN-US\" style=\"font-size:11.0pt; font-family:\">Regards & thanks,</span></p>\r\n<p><span lang=\"EN-US\" style=\"font-size:11.0pt; font-family:\">Arumairaj Isaac.</span></p>\r\n</div>\r\n<p><span style=\"font-size:11.0pt; font-family:\"></span></p>\r\n<div>\r\n<div style=\"border:none; border-top:solid #E1E1E1 1.0pt; padding:3.0pt 0cm 0cm 0cm\">\r\n<p><b><span lang=\"EN-US\" style=\"font-size:11.0pt; font-family:\"></span></b></p>\r\n</div>\r\n</div>\r\n</div>\r\n",
    "PostedDate": "2014-04-07T07:59:34.373-07:00",
    "UserRole": null,
    "MarkedAsAnswerDate": null
  },
  {
    "Id": "1231396",
    "ThreadId": "541313",
    "Html": "can you attach the image you get and the code you use to generate it\r<br />\nthx<br />\n",
    "PostedDate": "2014-04-07T09:17:31.793-07:00",
    "UserRole": null,
    "MarkedAsAnswerDate": null
  },
  {
    "Id": "1231691",
    "ThreadId": "541313",
    "Html": "\r\n<div>\r\n<p><span lang=\"EN-US\" style=\"font-size:11.0pt; font-family:\">Arthur,</span></p>\r\n<p><span lang=\"EN-US\" style=\"font-size:11.0pt; font-family:\"></span></p>\r\n<p><span lang=\"EN-US\" style=\"font-size:11.0pt; font-family:\">Code I used to generate the image</span></p>\r\n<p><span lang=\"EN-US\" style=\"font-size:11.0pt; font-family:\"></span></p>\r\n<p><span lang=\"EN-US\" style=\"font-size:11.0pt; font-family:\">strHTML = &quot;&lt;html&gt;&lt;head&gt;&lt;style type='text/css'&gt; .datatable{font-family: 'Arial Narrow', Arial, 'Helvetica Condensed', Helvetica, sans-serif;font-size:10px;font-weight:normal;color:#000;background-color:#ffffff;border:1px\r\n solid #7F7F7F; border-spacing: 0;margin:0;padding:0;width:100%;}&lt;/style&gt;&lt;/head&gt;&lt;body&gt;\r\n<table class=\"datatable\">\r\n<tbody>\r\n<tr>\r\n<th></th>\r\n<th>SALARIED</th>\r\n<th>SELF EMPLOYED</th>\r\n<th>Unknown</th>\r\n</tr>\r\n<tr>\r\n<td>No Of Approvals</td>\r\n<td>43648</td>\r\n<td>31479</td>\r\n<td>989</td>\r\n</tr>\r\n</tbody>\r\n</table>\r\n&lt;/body&gt;&lt;/html&gt;&quot;;</span></p>\r\n<p><span lang=\"EN-US\" style=\"font-size:11.0pt; font-family:\"></span></p>\r\n<p><span lang=\"EN-US\" style=\"font-size:11.0pt; font-family:\">m_Bitmap = new Bitmap(intdatawidth, intdataheight);</span></p>\r\n<p><span lang=\"EN-US\" style=\"font-size:11.0pt; font-family:\">PointF point = new PointF(0, 0);</span></p>\r\n<p><span lang=\"EN-US\" style=\"font-size:11.0pt; font-family:\">SizeF maxSize = new System.Drawing.SizeF(intdatawidth-10, intdataheight);</span></p>\r\n<p><span lang=\"EN-US\" style=\"font-size:11.0pt; font-family:\">HtmlRenderer.HtmlRender.Render(Graphics.FromImage(m_Bitmap),strHTML,point, maxSize);</span></p>\r\n<p><span lang=\"EN-US\" style=\"font-size:11.0pt; font-family:\">string imgstroepath = Server.MapPath(&quot;~/log/&quot; &#43; strOutputfilename &#43; &quot;2.png&quot;);</span></p>\r\n<p><span lang=\"EN-US\" style=\"font-size:11.0pt; font-family:\">m_Bitmap.Save(imgstroepath, System.Drawing.Imaging.ImageFormat.Png);</span></p>\r\n<p><span lang=\"EN-US\" style=\"font-size:11.0pt; font-family:\">m_Bitmap.Dispose();)</span></p>\r\n<p><span lang=\"EN-US\" style=\"font-size:11.0pt; font-family:\"></span></p>\r\n<p><span lang=\"EN-US\" style=\"font-size:11.0pt; font-family:\">Attached herewith the image that is generated.</span></p>\r\n<p><span lang=\"EN-US\" style=\"font-size:11.0pt; font-family:\">In my previous mail also I attached the image.</span></p>\r\n<p><span lang=\"EN-US\" style=\"font-size:11.0pt; font-family:\">From the Discussion web page I am not able to attach the attachment. I am using my mail to attach the attachment. Please let me know in case if you are not getting the image.</span></p>\r\n<p><span lang=\"EN-US\" style=\"font-size:11.0pt; font-family:\"></span></p>\r\n<p><span lang=\"EN-US\" style=\"font-size:11.0pt; font-family:\"></span></p>\r\n<div>\r\n<p><span lang=\"EN-US\" style=\"font-size:11.0pt; font-family:\">Regards & thanks,</span></p>\r\n<p><span lang=\"EN-US\" style=\"font-size:11.0pt; font-family:\">Arumairaj Isaac.</span></p>\r\n</div>\r\n<p><span style=\"font-size:11.0pt; font-family:\"></span></p>\r\n<div>\r\n<div style=\"border:none; border-top:solid #E1E1E1 1.0pt; padding:3.0pt 0cm 0cm 0cm\">\r\n<p><b><span lang=\"EN-US\" style=\"font-size:11.0pt; font-family:\">From:</span></b><span lang=\"EN-US\" style=\"font-size:11.0pt; font-family:\"> Isaac A\r\n<br>\r\n<b>Sent:</b> 07 April 2014 20:28<br>\r\n<b>To:</b> '[email removed]'<br>\r\n<b>Subject:</b> RE: Loading Image in the html before converting to image [HtmlRenderer:541313]</span></p>\r\n</div>\r\n</div>\r\n<p></p>\r\n<p><span lang=\"EN-US\" style=\"font-size:11.0pt; font-family:\">Hi Arthur,</span></p>\r\n<p><span lang=\"EN-US\" style=\"font-size:11.0pt; font-family:\"></span></p>\r\n<p><span lang=\"EN-US\" style=\"font-size:11.0pt; font-family:\">Thanks for the reply. I followed the link and was able to use the css. But the texts are shown bold even though i had specified the font-weight as normal.</span></p>\r\n<p><span lang=\"EN-US\" style=\"font-size:11.0pt; font-family:\"></span></p>\r\n<p><span lang=\"EN-US\" style=\"font-size:11.0pt; font-family:\">&lt;html&gt;&lt;head&gt;&lt;style type='text/css'&gt; .datatable{font-family: 'Arial Narrow', Arial, 'Helvetica Condensed', Helvetica, sans-serif;font-size:10px;font-weight:normal;color:#000;background-color:#ffffff;border:1px\r\n solid #7F7F7F; border-spacing: 0;margin:0;padding:0;width:100%;}&lt;/style&gt;&lt;/head&gt;&lt;body&gt;\r\n<table class=\"datatable\">\r\n<tbody>\r\n<tr>\r\n<th></th>\r\n<th>SALARIED</th>\r\n<th>SELF EMPLOYED</th>\r\n<th>Unknown</th>\r\n</tr>\r\n<tr>\r\n<td>No Of Approvals</td>\r\n<td>43648</td>\r\n<td>31479</td>\r\n<td>989</td>\r\n</tr>\r\n</tbody>\r\n</table>\r\n&lt;/body&gt;&lt;/html&gt;</span></p>\r\n<p><span lang=\"EN-US\" style=\"font-size:11.0pt; font-family:\"></span></p>\r\n<p><span lang=\"EN-US\" style=\"font-size:11.0pt; font-family:\">I tried changing the font family to Tahoma etc, then too the fonts are bold.</span></p>\r\n<p><span lang=\"EN-US\" style=\"font-size:11.0pt; font-family:\">Can you please let me know, if I am missing something.</span></p>\r\n<p><span lang=\"EN-US\" style=\"font-size:11.0pt; font-family:\"></span></p>\r\n<div>\r\n<p><span lang=\"EN-US\" style=\"font-size:11.0pt; font-family:\">Regards & thanks,</span></p>\r\n<p><span lang=\"EN-US\" style=\"font-size:11.0pt; font-family:\">Arumairaj Isaac.</span></p>\r\n</div>\r\n<p><span style=\"font-size:11.0pt; font-family:\"></span></p>\r\n<div>\r\n<div style=\"border:none; border-top:solid #E1E1E1 1.0pt; padding:3.0pt 0cm 0cm 0cm\">\r\n<p><b><span lang=\"EN-US\" style=\"font-size:11.0pt; font-family:\"></span></b></p>\r\n</div>\r\n</div>\r\n</div>\r\n",
    "PostedDate": "2014-04-08T01:04:04.347-07:00",
    "UserRole": null,
    "MarkedAsAnswerDate": null
  },
  {
    "Id": "1231858",
    "ThreadId": "541313",
    "Html": "but.. but.. you don't use the recommended method described in the wiki (RenderToImage)... :'(\r<br />\n(the text is not bold, what you see is GDI inability to render text into image)\r<br />\nstill no attached image... I would use <a href=\"http://snag.gy/\" rel=\"nofollow\">snagy.gy</a> for that\r<br />\n<br />\n<a href=\"https://htmlrenderer.codeplex.com/wikipage?title=Image%20generation\" rel=\"nofollow\">Generate image from HTML markup</a>?<br />\n",
    "PostedDate": "2014-04-08T06:33:32.003-07:00",
    "UserRole": null,
    "MarkedAsAnswerDate": null
  },
  {
    "Id": "1231939",
    "ThreadId": "541313",
    "Html": "\r\n<div>\r\n<p><span style=\"font-size:11.0pt; font-family:\"></span></p>\r\n<p><span style=\"font-size:11.0pt; font-family:\">When I use the below code, the image is not created.</span></p>\r\n<p><span style=\"font-size:11.0pt; font-family:\"></span></p>\r\n<p><span style=\"font-size:10.0pt; font-family:Consolas; color:black\">String imgstroepath</span><span style=\"font-size:11.0pt; font-family:\"> = @“E:\\log\\22f39ab2-75dd-4960-a006-44196251d6042.png”;</span></p>\r\n<p style=\"background:white\"><span style=\"font-size:10.0pt; font-family:Consolas; color:#2B91AF\">Image</span><span style=\"font-size:10.0pt; font-family:Consolas; color:black\"> image =\r\n</span><span style=\"font-size:10.0pt; font-family:Consolas; color:#2B91AF\">Image</span><span style=\"font-size:10.0pt; font-family:Consolas; color:black\">.FromFile(imgstroepath);</span></p>\r\n<p style=\"background:white\"><span style=\"font-size:10.0pt; font-family:Consolas; color:#2B91AF\">HtmlRender</span><span style=\"font-size:10.0pt; font-family:Consolas; color:black\">.RenderToImage(image, strHTML,\r\n</span><span style=\"font-size:10.0pt; font-family:Consolas; color:blue\">new</span><span style=\"font-size:10.0pt; font-family:Consolas; color:black\">\r\n</span><span style=\"font-size:10.0pt; font-family:Consolas; color:#2B91AF\">Point</span><span style=\"font-size:10.0pt; font-family:Consolas; color:black\">(15, 10));</span></p>\r\n<p><span style=\"font-size:11.0pt; font-family:\"></span></p>\r\n<div>\r\n<p><span style=\"font-size:11.0pt; font-family:\">Regards & thanks,</span></p>\r\n<p><span style=\"font-size:11.0pt; font-family:\">Arumairaj Isaac.</span></p>\r\n</div>\r\n<p><span style=\"font-size:11.0pt; font-family:\"></span></p>\r\n<div>\r\n<div style=\"border:none; border-top:solid #E1E1E1 1.0pt; padding:3.0pt 0cm 0cm 0cm\">\r\n<p><b><span lang=\"EN-US\" style=\"font-size:11.0pt; font-family:\"></span></b></p>\r\n</div>\r\n</div>\r\n</div>\r\n",
    "PostedDate": "2014-04-08T09:01:24.277-07:00",
    "UserRole": null,
    "MarkedAsAnswerDate": null
  },
  {
    "Id": "1231944",
    "ThreadId": "541313",
    "Html": "Sending the attachment which was missing earlier.\r<br />\n<br />\n<a href=\"http://snag.gy/AlEQy.jpg\" rel=\"nofollow\">http://snag.gy/AlEQy.jpg</a><br />\n",
    "PostedDate": "2014-04-08T09:14:30.657-07:00",
    "UserRole": null,
    "MarkedAsAnswerDate": null
  }
]