[
  {
    "Id": "1248198",
    "ThreadId": "546177",
    "Html": "Can this control be used in an ASP.Net Application?  I'm looking for something that i can use to replace <a href=\"http://www.websitesscreenshot.com/\" rel=\"nofollow\">http://www.websitesscreenshot.com/</a>.  Because the performance of this control is terrible as it relies on spawning an instance of IE internally to create it's images.\r<br />\n<br />\nThanks!\r<br />\n<br />\nmkucera at whatcounts dot com<br />\n",
    "PostedDate": "2014-05-21T16:39:27.717-07:00",
    "UserRole": null,
    "MarkedAsAnswerDate": null
  },
  {
    "Id": "1248270",
    "ThreadId": "546177",
    "Html": "I don't think it can replace web site capture library, it doesn't extensive enough support for HTML/CSS/JavaScript to render general web pages.<br />\n",
    "PostedDate": "2014-05-22T00:42:17.793-07:00",
    "UserRole": null,
    "MarkedAsAnswerDate": null
  }
]