[
  {
    "Id": "1098389",
    "ThreadId": "458875",
    "Html": "I'm trying to get text right aligned in a table cell, but it doesn't seem to work as I would hope. Please see the following example:<br />\n<pre><code>&lt;html&gt;\n&lt;head&gt;\n  &lt;style type=&quot;text/css&quot;&gt;\n    table\n    {\n      border-spacing: 0px;\n    }\n\n    #right\n    {\n      text-align: right;\n      background-color: red;\n    }\n  &lt;/style&gt;\n&lt;/head&gt;\n\n&lt;body&gt;\n&lt;table&gt;\n  &lt;tr&gt;&lt;td id=&quot;right&quot;&gt;978&lt;/td&gt;&lt;td&gt;.3&lt;/td&gt;&lt;/tr&gt;\n  &lt;tr&gt;&lt;td id=&quot;right&quot;&gt;922&lt;/td&gt;&lt;td&gt;.4&lt;/td&gt;&lt;/tr&gt;\n  &lt;tr&gt;&lt;td id=&quot;right&quot;&gt;32&lt;/td&gt;&lt;td&gt;.554&lt;/td&gt;&lt;/tr&gt;\n  &lt;tr&gt;&lt;td id=&quot;right&quot;&gt;27&lt;/td&gt;&lt;td&gt;.963&lt;/td&gt;&lt;/tr&gt;\n  &lt;tr&gt;&lt;td id=&quot;right&quot;&gt;10&lt;/td&gt;&lt;td&gt;.782&lt;/td&gt;&lt;/tr&gt;\n&lt;/table&gt;\n&lt;/body&gt;\n\n&lt;/html&gt;</code></pre>\n\nIn the last tree rows, the text does not line up at the right edge of the cell.<br />\n",
    "PostedDate": "2013-09-24T00:36:01.437-07:00",
    "UserRole": null,
    "MarkedAsAnswerDate": null
  },
  {
    "Id": "1098407",
    "ThreadId": "458875",
    "Html": "I've found the following solution by changing this line in CssLayoutEngine.ApplyRightAlignment<br />\n<pre><code>float diff = right - lastWord.Right - lastWord.LeftGlyphPadding - lastWord.OwnerBox.ActualBorderRightWidth - lastWord.OwnerBox.ActualPaddingRight;</code></pre>\n\nto<br />\n<pre><code>float diff = right - lastWord.Right - lastWord.OwnerBox.ActualBorderRightWidth - lastWord.OwnerBox.ActualPaddingRight;</code></pre>\n\nIf this is the right correction, then that a similar change should be done in ApplyCenterAlignment, as it uses the same approach for calculating the position.<br />\n",
    "PostedDate": "2013-09-24T01:03:37.21-07:00",
    "UserRole": null,
    "MarkedAsAnswerDate": null
  },
  {
    "Id": "1098462",
    "ThreadId": "458875",
    "Html": "I pasted the html to the demo app and it works as expected...\r<br />\n<img src=\"http://snag.gy/XZfMW.jpg\" alt=\"Image\" /><br />\n",
    "PostedDate": "2013-09-24T03:52:28.393-07:00",
    "UserRole": null,
    "MarkedAsAnswerDate": null
  },
  {
    "Id": "1098465",
    "ThreadId": "458875",
    "Html": "I get the same result in the demo app as you illustrate. But as I see it, the numbers &quot;32&quot;, &quot;27&quot; and &quot;10&quot; are not completely right aligned. There are about 2 pixels space at the right edge. It's only the widest items in the column that go to the edge, all other items have this 2 pixels space at the end. Try for instance changing &quot;10&quot; to &quot;1010&quot;. The numbers &quot;978&quot; and &quot;922&quot; will now be moved and have 2 pixels space at the end.<br />\n<br />\nThe change I suggested above solves this. Also, I do not understand why some glyph padding should be included when aligning some texts and not others (it does for instance not affect &quot;928&quot; and &quot;922&quot;)<br />\n",
    "PostedDate": "2013-09-24T04:00:55.173-07:00",
    "UserRole": null,
    "MarkedAsAnswerDate": null
  },
  {
    "Id": "1098473",
    "ThreadId": "458875",
    "Html": "I just created an example on dabblet.com to see how the code renders in a browser. You should be able to try it on this link: <a href=\"http://dabblet.com/gist/6683271\" rel=\"nofollow\">http://dabblet.com/gist/6683271</a>. Both Firefox and Chrome renders the table so the numbers align above each other without additional space at the end for some cells.<br />\n",
    "PostedDate": "2013-09-24T04:14:12.053-07:00",
    "UserRole": null,
    "MarkedAsAnswerDate": null
  },
  {
    "Id": "1098520",
    "ThreadId": "458875",
    "Html": "You are correct and I believe the fix you suggested is good. \r<br />\nI think it's a left over from very old code that added glyph padding to every word.\r<br />\nThx, will commit it.<br />\n",
    "PostedDate": "2013-09-24T06:04:05.537-07:00",
    "UserRole": null,
    "MarkedAsAnswerDate": null
  },
  {
    "Id": "1098529",
    "ThreadId": "458875",
    "Html": "Great to hear. I'm looking forward for an update. No need to rush though, as I can use my custom build until then. Thanks.<br />\n",
    "PostedDate": "2013-09-24T06:27:51.833-07:00",
    "UserRole": null,
    "MarkedAsAnswerDate": null
  }
]