[
  {
    "Id": "186441",
    "ThreadId": "55227",
    "Html": "Are there any plans to upgrade (or provide alternative version) this control to Windows Presentation Framework?<br>\r\n<br>\r\nNote that this way you could skip adding own CSS styles and support a rich WPF styling possibilities.\r\n",
    "PostedDate": "2009-05-04T01:28:16.31-07:00",
    "UserRole": null,
    "MarkedAsAnswerDate": null
  },
  {
    "Id": "215899",
    "ThreadId": "55227",
    "Html": "<p>+1 for a WPF backend. There is a huge need for a WPF friendly HTML rendering component and not the crippled hack that is currently System.Windows.WebBrowser. For example, if we had an HTML renderer in WPF, we could apply basic WPF transformations (rotate and scale) as well as pixel shader effects to web pages. This would make your project really popular. &nbsp;</p>",
    "PostedDate": "2009-07-24T17:04:34.36-07:00",
    "UserRole": null,
    "MarkedAsAnswerDate": null
  }
]