[
  {
    "Id": "1314002",
    "ThreadId": "569965",
    "Html": "Hi,\r<br />\n<br />\nI've recently discovered HtmlRender and have a quick question.\r<br />\n<br />\nSpecifically I'm using HtmlPanel in a WinForms application. For my use case, I want to have a button on the form that automatically copies the text displayed in the HtmlPanel to the clipboard.\r<br />\n<br />\nIs there a way I can achieve that?\r<br />\n<br />\nI've looked at the control and can see there is a ClearSelection method, but I couldn't find any equivalent method for setting the selection. Nor could I find a method for copying to the clipboard.\r<br />\n<br />\nAm I missing something?\r<br />\n<br />\nIf not is it possible to add that kind of functionality? Either a SetSelection or SelectAll method, as well as a CopySelection method. Or maybe even a simple CopyToClipboard method to automatically copy all of the text.\r<br />\n<br />\nPeter<br />\n",
    "PostedDate": "2014-10-16T08:05:41.903-07:00",
    "UserRole": null,
    "MarkedAsAnswerDate": null
  },
  {
    "Id": "1314600",
    "ThreadId": "569965",
    "Html": "You can use GetHtml() to get the html in the control, then set it to clipboard.\r<br />\nSee <a href=\"http://theartofdev.com/2014/06/12/setting-htmltext-to-clipboard-revisited/\" rel=\"nofollow\">Setting HTML/Text to Clipboard revisited</a><br />\n",
    "PostedDate": "2014-10-18T04:44:19.163-07:00",
    "UserRole": null,
    "MarkedAsAnswerDate": null
  }
]