[
  {
    "Id": "1076515",
    "ThreadId": "452372",
    "Html": "Hello,\r<br />\n<br />\nif I put --- &amp; # x 4 1 ; --- (without spaces) as HEX value it dosen´t show an &quot;A&quot; but --- &amp; # 6 5 ; --- shows an &quot;A&quot;. Is it possible to fix this. I´m using a markdown processor which encode an email address with this representation (see <a href=\"http://daringfireball.net/projects/markdown/syntax#autolink\" rel=\"nofollow\">http://daringfireball.net/projects/markdown/syntax#autolink</a>).\r<br />\n<br />\nThank you<br />\n",
    "PostedDate": "2013-08-04T12:06:11.3-07:00",
    "UserRole": null,
    "MarkedAsAnswerDate": null
  },
  {
    "Id": "1079167",
    "ThreadId": "452372",
    "Html": "This discussion has been copied to a work item. Click <a href=\"https://htmlrenderer.codeplex.com/workitem/8941\" rel=\"nofollow\">here</a> to go to the work item and continue the discussion.<br />\n",
    "PostedDate": "2013-08-10T23:36:30.64-07:00",
    "UserRole": null,
    "MarkedAsAnswerDate": null
  }
]