[
  {
    "Id": "1088075",
    "ThreadId": "455443",
    "Html": "I have an issue regarding resizing the HtmlLabel control, which doesn't relayout the html after the control size changes.\r<br />\n<br />\nI have the HtmlLabel placed inside another control, docked to the top. It is set to only autosize the height. When the contents of the HtmlLabel changes, the width of the parent control might change (to accommodate room for a custom scrollbar). This will of course change the width of the HtmlLabel (through the docking), but the contents is still rendered using the previous with.\r<br />\n<br />\nI've debuged this a bit now and can see that the OnLayout method does not get called when the size changes. I've also implemented a the following workarround in the HtmlLabel, which makes it work - at least for my purpose.<br />\n<pre><code>private int lastwidth = 0;\nprotected override void OnResize(EventArgs e)\n{\n  base.OnResize(e);\n  if (lastwidth!=Width)\n  {\n    OnLayout(new LayoutEventArgs(this,&quot;&quot;));\n    lastwidth = Width;\n  }\n}\n</code></pre>\n\nI hope you can either add the above code in some way or maybe implement a better and more generic solution.<br />\n",
    "PostedDate": "2013-09-04T00:09:54.727-07:00",
    "UserRole": null,
    "MarkedAsAnswerDate": null
  },
  {
    "Id": "1089878",
    "ThreadId": "455443",
    "Html": "Are you sure AutoSizeHeightOnly property is set to 'true'?\r<br />\nI have just tested it and it works fine...<br />\n",
    "PostedDate": "2013-09-08T08:25:07.47-07:00",
    "UserRole": null,
    "MarkedAsAnswerDate": null
  },
  {
    "Id": "1089925",
    "ThreadId": "455443",
    "Html": "Yes, I'm positive that the AutoSizeHeightOnly is set to true (and AutoSize = false). Otherwise the label would never change height and thus never require the custom scroller to kick in.\r<br />\n<br />\nI works fine when then resize is caused by changing the window size. When the resize is tiggered by change of HtmlLabel.Text, I can see by debugging that the HtmlLabel changes width, precisely as it should, but it does not relayout the contents. Also, looking at the HtmlLabel code, I can't see how it handles resizing (there's no resizing methods other than the one I've added for my workarround). I might have missed something, I didn't spend that much time after I got the OnResize method to solve my issue - at least for the time being.<br />\n",
    "PostedDate": "2013-09-08T12:45:02.917-07:00",
    "UserRole": null,
    "MarkedAsAnswerDate": null
  },
  {
    "Id": "1090054",
    "ThreadId": "455443",
    "Html": "The label doesn't need to handle resize as it is a simple control, it is the parent control responsibility to call layout when appropriate.\r<br />\nMy guess is that in your custom control you override the OnLayout and don't call base.OnLayout.\r<br />\nIf not please provide a sample project as I'm unable to reproduce it myself.<br />\n",
    "PostedDate": "2013-09-09T00:16:50.867-07:00",
    "UserRole": null,
    "MarkedAsAnswerDate": null
  },
  {
    "Id": "1090095",
    "ThreadId": "455443",
    "Html": "My custom control do call the base function. Otherwise I would not see the HtmlLabel control changing size. As I wrote, the HtmlLabel gets the correct size but does not update the contents accordingly.\r<br />\n<br />\nI've made a small test application to illustrate, taking my original code and cutting out as much a possible. You can get it from the link below (binary and full source):\r<br />\n<br />\n<a href=\"ftp://ftp.greenwood.dk/download/HtmlRendererTest.zip\" rel=\"nofollow\">ftp://ftp.greenwood.dk/download/HtmlRendererTest.zip</a>\r<br />\n<br />\nRun the application and reduce the height of the window until a red bar appears (this bar is a placeholder for the custom scrollbar, which I've not included). Now press the &quot;Short text&quot; button. The only this it does, is assign HtmlLabel.Text with a shorter text, which do not require the scrollbar. You'll see that the red bar disappears, The HtmlLabel control fills out the entire width, but the text is layouted using the previous width yielding a white margin.\r<br />\n<br />\nIf you then press the &quot;Long text&quot; button, again the HtmlLabel.Text is changed (back to the original longer text), requiring the scrollbar. The red bar appears, but parts of the text is hidden behind the bar, even though the HtmlLabel gets the correct size (can be verified by debugging/breakpoints)<br />\n",
    "PostedDate": "2013-09-09T02:06:32.553-07:00",
    "UserRole": null,
    "MarkedAsAnswerDate": null
  },
  {
    "Id": "1090149",
    "ThreadId": "455443",
    "Html": "I get timeout from the ftp<br />\n",
    "PostedDate": "2013-09-09T05:07:46.173-07:00",
    "UserRole": null,
    "MarkedAsAnswerDate": null
  },
  {
    "Id": "1090173",
    "ThreadId": "455443",
    "Html": "Weird, I can download without problems.\r<br />\n<br />\nTry this instead: <a href=\"https://www.dropbox.com/s/vd6z98ushm87e71/HtmlRendererTest.zip\" rel=\"nofollow\">https://www.dropbox.com/s/vd6z98ushm87e71/HtmlRendererTest.zip</a><br />\n",
    "PostedDate": "2013-09-09T06:06:51.787-07:00",
    "UserRole": null,
    "MarkedAsAnswerDate": null
  },
  {
    "Id": "1090267",
    "ThreadId": "455443",
    "Html": "Ok... the issue is that you are changing the width of the label as a result of it's changing its height so its still inside the OnLayout method.\r<br />\n<br />\nUpdate the OnLayout method of HtmlLabel to this code (will include the fix in next version):\r<br />\nprotected override void OnLayout(LayoutEventArgs levent)\r<br />\n{<br />\n<pre><code>if (_htmlContainer != null)\n{\n    if (AutoSize)\n        _htmlContainer.MaxSize = SizeF.Empty;\n    else if (AutoSizeHeightOnly)\n        _htmlContainer.MaxSize = new SizeF(Width, 0);\n    else\n        _htmlContainer.MaxSize = Size;\n\n    using (Graphics g = CreateGraphics())\n    {\n        _htmlContainer.PerformLayout(g);\n\n        if (AutoSize || _autoSizeHight)\n        {\n            if (AutoSize)\n            {\n                Size = Size.Round(_htmlContainer.ActualSize);\n                if (MaximumSize.Width &gt; 0 &amp;&amp; MaximumSize.Width &lt; _htmlContainer.ActualSize.Width)\n                {\n                    // to allow the actual size be smaller than max we need to set max size only if it is really larger\n                    _htmlContainer.MaxSize = MaximumSize;\n                    _htmlContainer.PerformLayout(g);\n\n                    Size = Size.Round(_htmlContainer.ActualSize);\n                }\n                else if (MinimumSize.Width &gt; 0 &amp;&amp; MinimumSize.Width &gt; _htmlContainer.ActualSize.Width)\n                {\n                    // if min size is larger than the actual we need to re-lyout so all 100% layouts will be correct\n                    _htmlContainer.MaxSize = new SizeF(MinimumSize.Width, 0);\n                    _htmlContainer.PerformLayout(g);\n\n                    Size = Size.Round(_htmlContainer.ActualSize);\n                }\n            }\n            else if (_autoSizeHight)\n            {\n                var prevWidth = Width;\n                Height = (int) _htmlContainer.ActualSize.Height;\n\n                // handle if changing the height of the label affects the desired width and those require re-layout\n                if(prevWidth != Width)\n                    OnLayout(levent);\n            }\n        }\n    }\n}\nbase.OnLayout(levent);</code></pre>\n\n}<br />\n",
    "PostedDate": "2013-09-09T09:49:09.29-07:00",
    "UserRole": null,
    "MarkedAsAnswerDate": null
  },
  {
    "Id": "1090506",
    "ThreadId": "455443",
    "Html": "Thanks a lot. Works just as expected and definitely a more elegant solution than my workaround.<br />\n",
    "PostedDate": "2013-09-10T01:19:58.887-07:00",
    "UserRole": null,
    "MarkedAsAnswerDate": null
  }
]