[
  {
    "Id": "1332683",
    "ThreadId": "575515",
    "Html": "Hello,\r<br />\nin the HtmlContainer class are some methods like <code>GetLinkAt(Point location)</code>. Unfortunately these methods are not called via the HtmlPanel class. Only if i derive a new class from HtmlPanel and add a property <code>public HtmlContainer HtmlContainer { get { return _htmlContainer; } }</code> I can access the <code>GetLinkAt</code> method for e.g. to show MouseOver hyperlink text.<br />\n<pre><code>class Class1 : HtmlPanel\n{\n    public HtmlContainer HtmlContainer { get { return _htmlContainer; } }\n}\n...\nprivate void class1_MouseMove(object sender, MouseEventArgs e)\n{\n    txtStatus.Text= class1.HtmlContainer.GetLinkAt(e.Location);\n}</code></pre>\n\nCan you please add these methods into the HtmlPanel class.\r<br />\n<br />\nThank you.<br />\n",
    "PostedDate": "2014-12-15T13:36:24.637-08:00",
    "UserRole": null,
    "MarkedAsAnswerDate": null
  }
]