[
  {
    "Id": "1207615",
    "ThreadId": "531614",
    "Html": "I am able to capture the aspx into HTML, by overriding render in a page.\r<br />\n<br />\nI then use:\r<br />\n<br />\nimage IMG = HtmlRenderer.HtmlRender.RenderToImage(Pagehtml)\r<br />\n<br />\nwhere Pagehtml is a string containing all the page html code.\r<br />\n<br />\nI set\r<br />\nResponse.ContentType = &quot;image/Png&quot;\r<br />\n<br />\nI save to the output  buffer of the Response\r<br />\nIMG.Save(Response.OutputStream, ImageFormat.Png)\r<br />\n<br />\nI send it to the client screen\r<br />\nResponse.Flush()\r<br />\nresponse.End()\r<br />\n<br />\nBut I get a blanck page......    any other ideas?????<br />\n",
    "PostedDate": "2014-02-12T17:11:22.843-08:00",
    "UserRole": null,
    "MarkedAsAnswerDate": null
  },
  {
    "Id": "1207725",
    "ThreadId": "531614",
    "Html": "I'm not familiar with ASP, \r<br />\nif you save the image to disk can you see it correctly?\r<br />\nIf you use existing image (and not rendered by HTML Renderer) to save to response stream does it works correctly?\r<br />\nIt doesn't look like HTML Renderer issue, try posting on StackOverflow.<br />\n",
    "PostedDate": "2014-02-13T00:27:05.49-08:00",
    "UserRole": null,
    "MarkedAsAnswerDate": null
  }
]