[
  {
    "Id": "1455663",
    "ThreadId": "648675",
    "Html": "How should one go about debugging PDF errors?<br />\n<br />\nWhen I open the PDF I get &quot;an error exists on this page, Acrobat may not display the page correctly.  Please contact the person who created the PDF document to correct the problem&quot;<br />\n<br />\nI know what part of HTML is causing the issue (by removing chunks until it rendered), but I don't know WHY.  The HTML is totally valid.<br />\n<pre><code>    &lt;table width=&quot;100%&quot;&gt;\n        &lt;tr&gt;\n            &lt;td&gt;  \n                BUYER: &lt;br /&gt;\n                Buyers Name Here&lt;br /&gt;\n                Buyers Address Here&lt;br /&gt;\n                City, State ZIP\n            &lt;/td&gt;\n            &lt;td&gt;\n                SELLER:&lt;br /&gt;\n                Sellers Name Here&lt;br /&gt;\n                Sellers Address Here&lt;br /&gt;\n                City&lt;span&gt;, &lt;/span&gt;State&lt;span&gt;&amp;nbsp;&lt;/span&gt;ZIP&lt;br /&gt;&lt;br /&gt;\n            &lt;/td&gt;\n        &lt;/tr&gt; \n    &lt;/table&gt;</code></pre>\n\nWhen I remove this table from the rest of the document, the PDF renders fine.<br />\n<br />\nHow do I debug these errors?<br />\n<br />\nEdit:<br />\nThrough some more random thrashing around, I found the issue is caused by having a table cell that goes to more than one line.  So, if I remove the &lt;br /&gt; tags, it works fine...  I can replicate it using &lt;p&gt; and &lt;div&gt; tags within the cells as well.  Still need to know if there is a good way to debug this sort of stuff<br />\n",
    "PostedDate": "2015-12-11T15:28:08.203-08:00",
    "UserRole": null,
    "MarkedAsAnswerDate": null
  },
  {
    "Id": "1475061",
    "ThreadId": "648675",
    "Html": "Yes! that exatly the problem i having.\r<br />\nIt manifests only when generating the PDF.\r<br />\nIn the viewer it looks fine.\r<br />\n<br />\nIt just refuses to work :(<br />\n",
    "PostedDate": "2016-06-04T06:54:58.123-07:00",
    "UserRole": null,
    "MarkedAsAnswerDate": null
  },
  {
    "Id": "1475195",
    "ThreadId": "648675",
    "Html": "<strong>Chagui wrote:</strong><br />\n<blockquote>\nYes! that exatly the problem i having.<br />\nIt manifests only when generating the PDF.<br />\nIn the viewer it looks fine.<br />\n<br />\nIt just refuses to work :(<br />\n</blockquote>\nNevermind, it worked with the latest version from github.<br />\n",
    "PostedDate": "2016-06-06T07:14:38.713-07:00",
    "UserRole": null,
    "MarkedAsAnswerDate": null
  }
]