[
  {
    "Id": "1353938",
    "ThreadId": "581355",
    "Html": "<code>TheArtOfDev.HtmlRenderer.PdfSharp.PdfGenerator.GeneratePdf</code>only takes a HTML document and lets me set page size and margins. How can I also set a page footer or page numbers from HTML?<br />\n",
    "PostedDate": "2015-02-19T03:24:24.653-08:00",
    "UserRole": null,
    "MarkedAsAnswerDate": null
  },
  {
    "Id": "1482299",
    "ThreadId": "581355",
    "Html": "Hello!\r<br />\n<br />\nThank you for the geat work!\r<br />\nI too join the question, is there any tools to customize PDF (header, footer, pages etc)?<br />\n",
    "PostedDate": "2016-08-28T21:30:23.86-07:00",
    "UserRole": null,
    "MarkedAsAnswerDate": null
  }
]