[
  {
    "Id": "1061561",
    "ThreadId": "448317",
    "Html": "Is there a possibilty to get links to standard html anchors working? or how do i manage navigating in the same document? \r<br />\nthanks!\r<br />\n<br />\nvery nice project, by the way!<br />\n",
    "PostedDate": "2013-06-26T10:05:34.653-07:00",
    "UserRole": null,
    "MarkedAsAnswerDate": null
  },
  {
    "Id": "1062156",
    "ThreadId": "448317",
    "Html": "Currently it is not supported.\r<br />\nIt's not complicated but I'm not sure when I will be able to work on it.\r<br />\nAdded an issue for it: <a href=\"https://htmlrenderer.codeplex.com/workitem/8834\" rel=\"nofollow\">https://htmlrenderer.codeplex.com/workitem/8834</a><br />\n",
    "PostedDate": "2013-06-27T13:07:38.52-07:00",
    "UserRole": null,
    "MarkedAsAnswerDate": null
  }
]