[
  {
    "Id": "1466872",
    "ThreadId": "652531",
    "Html": "Hello everyone ! <br />\nWhen I tried the demo application on the Win 2012 server, the demo application was displaying chinese text correctly. When I converted it to PDF - I again got the rectangular boxes.<br />\nHow to solve?<br />\n",
    "PostedDate": "2016-03-15T06:31:38.487-07:00",
    "UserRole": null,
    "MarkedAsAnswerDate": null
  },
  {
    "Id": "1467452",
    "ThreadId": "652531",
    "Html": "May be you can write your own sample project and paste the primary code here : \r<br />\n<br />\n[your pdf-converting code here - include chinese chars]\r<br />\n<br />\nand not the demo application.\r<br />\n<br />\n:)<br />\n",
    "PostedDate": "2016-03-20T23:26:28.743-07:00",
    "UserRole": null,
    "MarkedAsAnswerDate": null
  }
]