[
  {
    "Id": "1356183",
    "ThreadId": "581959",
    "Html": "Is it possible to have winform controls &quot;embedded&quot; within the pages?\r<br />\n<br />\nThanks,\r<br />\nKris<br />\n",
    "PostedDate": "2015-02-26T17:42:29.85-08:00",
    "UserRole": null,
    "MarkedAsAnswerDate": null
  },
  {
    "Id": "1423694",
    "ThreadId": "581959",
    "Html": "I ended up doing this by exposing the DOM to get the cords of the element I wanted to put it in and doing it after the control was painted...\r<br />\n<br />\nDon't understand why the DOM not exposed?\r<br />\n<br />\nKris<br />\n",
    "PostedDate": "2015-05-06T22:17:29.737-07:00",
    "UserRole": null,
    "MarkedAsAnswerDate": null
  }
]