[
  {
    "Id": "1409494",
    "ThreadId": "626288",
    "Html": "I'm trying to integrate HtmlRenderer with an existing project. I have references to HtmlRenderer and to HtmlRenderer.WinForms. Right now I am producing some very simple HTML, for example:<br />\n<br />\nsHtml = &quot;&lt;P&gt;ComputerName&lt;/P&gt;&lt;P&gt;10.4.59.34&lt;/P&gt;&quot;;<br />\n<br />\nor slightly more complex, with html and body tags included:<br />\n<br />\nsHtml = &quot;&lt;html&gt;&lt;body&gt;&lt;P align=right&gt;&lt;FONT color=#ff8040 size=5 face=Arial&gt;&lt;STRONG&gt;DESKPC&lt;/STRONG&gt;&lt;/FONT&gt;&lt;/P&gt;\\r\\n&lt;P align=right&gt;&lt;FONT size=2 face=Arial&gt;10.58.4.13&lt;br /&gt;10.99.87.1&lt;/FONT&gt;&lt;/P&gt;\\r\\n&lt;P align=right&gt;&lt;FONT size=2 face=Arial&gt;DOMAIN\\Usernasme&lt;/FONT&gt;&lt;/P&gt;&lt;/body&gt;&lt;/html&gt;&quot;<br />\n<br />\nI also generate a background Bitmap on which I wish to render the HTML, this is produced using managed code (Graphics object) with various calls:<br />\n<br />\nBitmap B = new Bitmap (1024,768);<br />\n...<br />\n...<br />\n<br />\nWhen running in VS.Net, and I attempt to render the text to the Bitmap, I get a crash - specifically, &quot;vshost32-clr2.exe has stopped working&quot;. Here's the (sole) call into HtmlRenderer, which looks to me to be exactly like the documented example:<br />\n<br />\nHtmlRender.RenderToImage(B, sHtml, new Point(400, 200));<br />\n<br />\nIf I run the code outside of VS.Net, it doesn't seem to work, but it doesn't crash either. I'm a bit lost as to how to proceed!<br />\n<br />\nOne other observation:<br />\nIf I save the file to disk then load it straight back into an Image, no crash, but no rendered output is found:<br />\n<br />\nB.Save(&quot;D:\\D1.PNG&quot;);<br />\nImage I = Image.FromFile(&quot;D:\\D1.PNG&quot;);<br />\nHtmlRender.RenderToImage(I, sHtml, new Point(400, 200));<br />\n<br />\nEdit: Looks like this can be worked around for debugging by forcing to .NET 4 and reinstalling the HtmlRenderer packages. I'm guessing the original NuGet package loaded a 2.0 version to support the 3.5 project, and apparently this crash is a common issue with mixed .NET versions.<br />\n",
    "PostedDate": "2015-04-13T06:35:02-07:00",
    "UserRole": null,
    "MarkedAsAnswerDate": null
  }
]