[
  {
    "Id": "1314594",
    "ThreadId": "570140",
    "Html": "Hi,<br />\n<h2>Platform ASP.NET, C#. </h2>\nSystem.Runtime.InteropServices.ExternalException was caught\r<br />\n  HResult=-2147467259\r<br />\n  Message=A generic error occurred in GDI+.\r<br />\n  Source=System.Drawing\r<br />\n  ErrorCode=-2147467259\r<br />\n  StackTrace:<br />\n<pre><code>   at System.Drawing.Image.Save(String filename, ImageCodecInfo encoder, EncoderParameters encoderParams)\n   at System.Drawing.Image.Save(String filename, ImageFormat format)\n   at System.Drawing.Image.Save(String filename)\n   at PreTwitters.helper.Twitter.Tweet(String authorid, String poemJSON) in C:\\Projects\\Twitter\\PreTwitters\\PreTwitters\\helper\\Twitter.cs:line 33</code></pre>\n\n<h2>  InnerException: </h2>\nThis error is not related to the HTML Rendered. It happens when I use Image.Save to save the Image into a file.\r<br />\nI have checked everything the filename, directory..etc, everything is OK!\r<br />\n<br />\nActually, I have implemented and added this class &quot;Converter&quot; into the HTML Rendered in order to be able to use the &quot;RenderToImage&quot; function to renders the HTML into a new image of unknown size.<br />\n<pre><code>    public static class Converter\n    {\n        public static Image ToImage(string html)\n        {\n            Image result = HtmlRender.RenderToImage(html);\n            return result;\n\n        }\n    }</code></pre>\n\nAnd here the Coordinator class<br />\n<pre><code>    public class Coordinator\n    {\n        public static Image ToImage(string html)\n        {\n            Image result = TheArtOfDev.HtmlRenderer.WinForms.Converter.ToImage(html);\n            return result;\n        }\n    }\n</code></pre>\n\nAnd Finally here is the code to save the image into a file<br />\n<pre><code>        public static string Tweet(string authorid, string poemJSON)\n        {\n            \n            string PhysicalPath = HttpContext.Current.Server.MapPath(&quot;.&quot;) + &quot;\\\\authors\\\\&quot; + authorid;\n            string FileName = Poem.Base62Random() + &quot;.jpg&quot;;\n            string FilePathAndName = PhysicalPath + FileName;\n            \n            Poem poem = new System.Web.Script.Serialization.JavaScriptSerializer().Deserialize&lt;Poem&gt;(poemJSON);\n\n            string html = poem.GetHTML();\n\n\n\n            try\n            {\n\n                Image ToBeSaved = Coordinator.ToImage(html);\n                ToBeSaved.Save(FilePathAndName);//, System.Drawing.Imaging.ImageFormat.Jpeg);\n\n                /*\n                I have tried the below solutions:\n                1- Save it with specifing the image format\n                ToBeSaved.Save(FilePathAndName, System.Drawing.Imaging.ImageFormat.Jpeg);\n                2- Save it into a new image to mak sure we are able to access a free image. \n                Bitmap go = new Bitmap(ToBeSaved);\n                go.Save(FilePathAndName, System.Drawing.Imaging.ImageFormat.Jpeg);\n                */\n            }\n            catch (Exception ex)\n            {\n                FilePathAndName = null;\n            }\n\n            return &quot;http://localhost:62915/authors/123/&quot; + FileName;\n        }\n</code></pre>\n\nI appreciate your help.<br />\n",
    "PostedDate": "2014-10-18T03:57:03.52-07:00",
    "UserRole": null,
    "MarkedAsAnswerDate": null
  },
  {
    "Id": "1314602",
    "ThreadId": "570140",
    "Html": "make sure you have permission to write to the required path on the disk &quot;PhysicalPath&quot;, try &quot;File.WriteAllText(FilePathAndName,&quot;test&quot;)&quot; to see that it works.\r<br />\n<br />\nwhat is the purpose of &quot;Coordinator&quot; and &quot;Converter&quot; classes? It looks like direct delegate to &quot;HtmlRender.RenderToImage&quot; without any additional logic.<br />\n",
    "PostedDate": "2014-10-18T04:56:24.173-07:00",
    "UserRole": null,
    "MarkedAsAnswerDate": null
  },
  {
    "Id": "1314607",
    "ThreadId": "570140",
    "Html": "Thank you for your response.\r<br />\n<br />\nI forgot to say: a zero size file is created each time I use Image.Save ! In addition, I have the same error when trying to save the image to stream!!\r<br />\nSo, there is no permission issue.\r<br />\n<br />\nI have spent a hours googling and come up with two reasons:\r<br />\n1-permission (might be solved by giving write permission to a user).\r<br />\n2- image object issue (might be solved by creating a new image, then use the new image to save your image to a file). The idea here is that the first image sometimes for unknown reason is inaccessible!!!\r<br />\n<br />\nHowever, none of these solutions solved my issue.\r<br />\n<br />\nDo you have any idea or advices please?\r<br />\n<br />\nAbout The Coordinator class, You are right. I was too lazy to delete it :) .<br />\n",
    "PostedDate": "2014-10-18T05:23:20.457-07:00",
    "UserRole": null,
    "MarkedAsAnswerDate": null
  },
  {
    "Id": "1314613",
    "ThreadId": "570140",
    "Html": "try saving as png, no need to to copy &quot;ToBeSaved&quot; image to &quot;go&quot;<br />\n",
    "PostedDate": "2014-10-18T06:22:48.84-07:00",
    "UserRole": null,
    "MarkedAsAnswerDate": null
  },
  {
    "Id": "1314650",
    "ThreadId": "570140",
    "Html": "I have found a likely cause!<br />\n<br />\nI hope I am wrong. When rendering HTML under some conditions this might happens.<br />\nPlease try to render this HTML (Pass the HTML directly from your code to RenderToImage, do not use input component) you expect to face this error.<br />\n<pre><code>&lt;html dir='rtl'&gt;\n                            &lt;head&gt;\n                                &lt;title&gt;&lt;/title&gt;\n                                &lt;style type='text/css'&gt;\n                                \n        body\n        {\n            background-color: #FF0000 ; background-gradient: #FFFFFF; background-gradient-angle: 60; corner-radius: 10px; margin: 0; padding: 2px;\n        }\n        \n        .WhitePanel { background-color:white; corner-radius:10px; padding:15px; }\n\n        .Part1\n        {\n            clear: right;\n            display: block;\n            margin: 0px;\n            font-size: large;\n            font-color: #9ACD32;\n        }\n        .Part2\n        {\n            clear: right;\n            display: block;\n            float: left;\n            width: 75%;\n            margin-right: 3px;\n            margin-top: 0px;\n            white-space: nowrap;\n            font-size: large;\n            font-color: #9ACD32;\n        }\n                                &lt;/style&gt;\n                            &lt;/head&gt;\n                            &lt;body&gt;\n                            &lt;blockquote id='blkQsead' class='WhitePanel'&gt;\n                                &lt;p&gt;&lt;span class='Part1'&gt;Test&lt;/span&gt;&lt;span class='Part2'&gt;Test&lt;/span&gt;&lt;br&gt;&lt;/p&gt;\n                            &lt;/blockquote&gt;\n                                &lt;hr/&gt;\n                            &lt;blockquote&gt;\n                              &lt;span&gt;Test HTML Rendered&lt;/span&gt;\n                            &lt;/blockquote&gt;\n                            &lt;/body&gt;\n                        &lt;/html&gt;\n</code></pre>\n\nNow remove the first blockquote tag from the HTML code<br />\n<pre><code>&lt;blockquote id='blkQsead' class='WhitePanel'&gt;\n                                &lt;p&gt;&lt;span class='Part1'&gt;Test&lt;/span&gt;&lt;span class='Part2'&gt;Test&lt;/span&gt;&lt;br&gt;&lt;/p&gt;\n                            &lt;/blockquote&gt;</code></pre>\n\nTo be <br />\n<pre><code>&lt;html dir='rtl'&gt;\n                            &lt;head&gt;\n                                &lt;title&gt;&lt;/title&gt;\n                                &lt;style type='text/css'&gt;\n                                \n        body\n        {\n            background-color: #FF0000 ; background-gradient:#FFFFFF ; background-gradient-angle: 60; corner-radius: 10px; margin: 0; padding: 2px;\n        }\n        \n        .WhitePanel { background-color:white; corner-radius:10px; padding:15px; }\n\n        .Part1\n        {\n            clear: right;\n            display: block;\n            margin: 0px;\n            font-size: large;\n            font-color: #9ACD32;\n        }\n        .Part2\n        {\n            clear: right;\n            display: block;\n            float: left;\n            width: 75%;\n            margin-right: 3px;\n            margin-top: 0px;\n            white-space: nowrap;\n            font-size: large;\n            font-color: #9ACD32;\n        }\n                                &lt;/style&gt;\n                            &lt;/head&gt;\n                            &lt;body&gt;\n                                &lt;hr/&gt;\n                            &lt;blockquote&gt;\n                              &lt;span&gt;Test HTML Rendered&lt;/span&gt;\n                            &lt;/blockquote&gt;\n                            &lt;/body&gt;\n                        &lt;/html&gt;</code></pre>\n\nTry to render the new HTML code.<br />\n<br />\nWhen I did this the first one result in generic error. However, the error has gone After removing the tag!<br />\n<br />\nMight the Tab space causes this problem! Maybe!<br />\n",
    "PostedDate": "2014-10-18T10:10:45.51-07:00",
    "UserRole": null,
    "MarkedAsAnswerDate": null
  },
  {
    "Id": "1314652",
    "ThreadId": "570140",
    "Html": "For more accurate.\r<br />\n<br />\nThis issue can be clearly seen when you use more than one span element in the same block and each span has a different class name.<br />\n",
    "PostedDate": "2014-10-18T10:32:22.54-07:00",
    "UserRole": null,
    "MarkedAsAnswerDate": null
  },
  {
    "Id": "1318227",
    "ThreadId": "570140",
    "Html": "sorry for the late reply, didn't have time to check it.\r<br />\nfound the issue, the html snipped you are using has relative width of 75%, in this case the html layout tries to take as much space as possible and because image rendering, unlike control, has no width limit it tries to create image that is too large, resulting in GDI+ error.\r<br />\nthe simplest solution is to specify maxWidth as the second parameter to RenderToImage.\r<br />\nI will also add a safeguard in code so the final image will be limited to 4096, unless specific max width limit is provided.<br />\n",
    "PostedDate": "2014-11-01T08:37:57.08-07:00",
    "UserRole": null,
    "MarkedAsAnswerDate": null
  },
  {
    "Id": "1319914",
    "ThreadId": "570140",
    "Html": "Thank  you. I will try send you a complete example of this issue.<br />\n",
    "PostedDate": "2014-11-07T00:28:11.297-08:00",
    "UserRole": null,
    "MarkedAsAnswerDate": null
  }
]