[
  {
    "Id": "1211216",
    "ThreadId": "533139",
    "Html": "why doesn`t is javascript implemented?\r<br />\nyou can use clearscript from codeplex.com\r<br />\nand i need it because i would use image object from c# in html<br />\n",
    "PostedDate": "2014-02-20T08:15:39.527-08:00",
    "UserRole": null,
    "MarkedAsAnswerDate": null
  },
  {
    "Id": "1211399",
    "ThreadId": "533139",
    "Html": "It's not that simple and there are a few more things in the backlog...\r<br />\n<br />\nbut what javascript support has to do with image objects? can you explain please, maybe html already supports your scenario.<br />\n",
    "PostedDate": "2014-02-20T13:36:10.11-08:00",
    "UserRole": null,
    "MarkedAsAnswerDate": null
  },
  {
    "Id": "1211703",
    "ThreadId": "533139",
    "Html": "example:\r<br />\nImages is a List of image object\r<br />\n<br />\nhtmlpanel1.js.AddObject(&quot;Images&quot;, Images);\r<br />\n<br />\nand i would use a javascript menu<br />\n",
    "PostedDate": "2014-02-21T04:32:18.493-08:00",
    "UserRole": null,
    "MarkedAsAnswerDate": null
  },
  {
    "Id": "1212753",
    "ThreadId": "533139",
    "Html": "javascript menu sounds like a complex thing to add support for...\r<br />\n<br />\nIf I understand it correctly you need something like a dropdown menu on specific element...\r<br />\nI would do it using WinForms controls:<br />\n<ol>\n<li>add left mouse click handler on the panel/label.</li>\n<li>add id to the element you want the dropdown on</li>\n<li>on mouse click get the rectangle of the element by id and check if mouse was clicked in it</li>\n<li>\nshow the dropdown<br />\n</li>\n</ol>\nor you can use &quot;a&quot; element click override...\r<br />\n<br />\nhope it help.<br />\n",
    "PostedDate": "2014-02-23T00:01:35.797-08:00",
    "UserRole": null,
    "MarkedAsAnswerDate": null
  }
]