[
  {
    "Id": "1325563",
    "ThreadId": "572998",
    "Html": "I can't seem to get images that are referenced in the html code to render in the HtmlPanel.  Is this possible?  The images are stored in a subfolder of the folder where the html code is located.\r<br />\nThanks for any help...<br />\n",
    "PostedDate": "2014-11-24T07:56:46.123-08:00",
    "UserRole": null,
    "MarkedAsAnswerDate": null
  },
  {
    "Id": "1326828",
    "ThreadId": "572998",
    "Html": "if the images have relative path then it is relative to the application location, prefer using absolute or provide alternative loading via OnImageLoad event.<br />\n",
    "PostedDate": "2014-11-27T09:11:13.28-08:00",
    "UserRole": null,
    "MarkedAsAnswerDate": null
  },
  {
    "Id": "1327789",
    "ThreadId": "572998",
    "Html": "Why is the path relative to the application location?  That makes no sense.  I am using the HtmlPanel to render already existing HTML's that were created by an HTML editor, so the image paths are always relative to the HTML file location.  Can you make it look in both locations or make it an option?<br />\n",
    "PostedDate": "2014-12-01T11:09:44.337-08:00",
    "UserRole": null,
    "MarkedAsAnswerDate": null
  },
  {
    "Id": "1329045",
    "ThreadId": "572998",
    "Html": "it a rendering library, the html is loaded without path association.\r<br />\nrendering html created by an editor usually means you have the raw html as a string and not as a path to file.\r<br />\nnevertheless, see OnImageLoad event, converting relative to absolute path is a one line of code.<br />\n",
    "PostedDate": "2014-12-05T02:28:56.377-08:00",
    "UserRole": null,
    "MarkedAsAnswerDate": null
  }
]