[
  {
    "Id": "1146822",
    "ThreadId": "481056",
    "Html": "First, I have to say that this library is just about the most awesome thing I have ever found.  Being able to go directly from my complex HTML straight to an image without having to create an HTML File, then a PDF, then an image from the PDF.... is amazing.\r<br />\n<br />\nI ran into the the AA issues that others have brought up with the HtmlRender.Render method, so I wanted to give HtmlRender.RenderToImage a whirl.  No matter what I pass in, I get the following error message:\r<br />\n<br />\n_&quot;PInvokeStackImbalance was detected\r<br />\nMessage: A call to PInvoke function 'HtmlRenderer!HtmlRenderer.Utils.Win32Utils::BitBlt' has unbalanced the stack. This is likely because the managed PInvoke signature does not match the unmanaged target signature. Check that the calling convention and parameters of the PInvoke signature match the target unmanaged signature.&quot;_\r<br />\n<br />\nHERE IS MY METHOD INVOCATION:  (the html is valid html, and .Render and .RenderToImageGdiPlus work, only they have aliased text)<br />\n<h1>public void SaveHTMLToImage(string html, string filename)</h1>\n<pre><code>    {\n        Size MaxSize = new Size(500, 700);\n        var image = HtmlRender.RenderToImage(html, MaxSize);\n        image.Save(filename);\n    }\n</code></pre>\n\nAny ideas as to what I might need to do to resolve the issue?\r<br />\n<br />\nThank you!\r<br />\n-Andy<br />\n",
    "PostedDate": "2014-01-03T19:13:48.387-08:00",
    "UserRole": null,
    "MarkedAsAnswerDate": null
  },
  {
    "Id": "1146823",
    "ThreadId": "481056",
    "Html": "Oh boy... I have been sitting with this problem for about 6 hours straight now... and someone looking over my shoulder chuckled and told me to do the following:\r<br />\n<br />\n CTRL + ALT + E\r<br />\ndeselect the Managed Debugging Assistants--&gt; PInvokeStackImbalance option.\r<br />\n<br />\nThank you,\r<br />\nAndy<br />\n",
    "PostedDate": "2014-01-03T19:18:40.107-08:00",
    "UserRole": null,
    "MarkedAsAnswerDate": "2014-01-03T19:18:43.913-08:00"
  },
  {
    "Id": "1147028",
    "ThreadId": "481056",
    "Html": "Sorry about that the BitBlt function has incorrect signature.\r<br />\nThe proper way to fix it is to change the signature to:<br />\n<pre><code>public static extern bool BitBlt(IntPtr hdc, int nXDest, int nYDest, int nWidth, int nHeight, IntPtr hdcSrc, int nXSrc, int nYSrc, int dwRop);</code></pre>\n\n(the last argument needs to be int and not long)\r<br />\n<br />\nsorry.<br />\n",
    "PostedDate": "2014-01-04T09:46:33.847-08:00",
    "UserRole": null,
    "MarkedAsAnswerDate": null
  },
  {
    "Id": "1176828",
    "ThreadId": "481056",
    "Html": "fixed in 1.4.12.0<br />\n",
    "PostedDate": "2014-01-18T03:32:25.503-08:00",
    "UserRole": null,
    "MarkedAsAnswerDate": "2014-03-10T07:01:46.043-07:00"
  }
]