[
  {
    "Id": "1215798",
    "ThreadId": "535820",
    "Html": "Nested inline and block elements don't display correctly. In the example HTML below, the green div has the correct width in Chrome, IE and Firefox, but in HTMLRenderer it stretches to the width of the top-level div:\r<br />\n<br />\n&lt;html&gt;<br />\n&lt;head&gt;\r\n  &lt;style&gt;\r\n\t.inlineDiv {\r\n\t\tdisplay: inline-block;\r\n\t\tbackground-color: Yellow;\r\n\t}\r\n\r\n\t.normalDiv {\r\n\t\twidth:*;\r\n\t}\r\n  &lt;/style&gt;\r\n\r\n &lt;/head&gt;\r\n&lt;body&gt;<br />\n<pre><code>&lt;div class='normalDiv' style='width:2000px; background-color:LightGray;'&gt;\n    &lt;div class='inlineDiv'&gt;\n        &lt;div class='normalDiv' style='background-color: LightGreen;'&gt;111&lt;/div&gt;\n        &lt;div class='inlineDiv'&gt;222&lt;/div&gt;\n    &lt;/div&gt;\n&lt;/div&gt;\n</code></pre>\n\n&lt;/body&gt;\r<br />\n&lt;/html&gt;<br />\n",
    "PostedDate": "2014-02-27T12:22:30.57-08:00",
    "UserRole": null,
    "MarkedAsAnswerDate": null
  },
  {
    "Id": "1216839",
    "ThreadId": "535820",
    "Html": "Sorry, &quot;inline-block&quot; style is not supported. it's a bit complicated to support so it's waiting for some major work.<br />\n",
    "PostedDate": "2014-03-02T01:10:41.053-08:00",
    "UserRole": null,
    "MarkedAsAnswerDate": null
  },
  {
    "Id": "1220890",
    "ThreadId": "535820",
    "Html": "Thanks Arthur. Do you have any idea of a possible timeframe? ie: never, 1 year, 6 months, 1 month?<br />\n",
    "PostedDate": "2014-03-09T20:48:33.77-07:00",
    "UserRole": null,
    "MarkedAsAnswerDate": null
  },
  {
    "Id": "1220937",
    "ThreadId": "535820",
    "Html": "six months to a year is probably a good estimate<br />\n",
    "PostedDate": "2014-03-10T01:16:37.62-07:00",
    "UserRole": null,
    "MarkedAsAnswerDate": null
  },
  {
    "Id": "1288704",
    "ThreadId": "535820",
    "Html": "Hi Arthur. Any movement on this feature yet?<br />\n",
    "PostedDate": "2014-08-10T19:16:19.753-07:00",
    "UserRole": null,
    "MarkedAsAnswerDate": null
  },
  {
    "Id": "1288934",
    "ThreadId": "535820",
    "Html": "Sorry, unfortunately I won't be able to work on major features in the near future.\r<br />\nI'm going to finish 1.5 that is focused on cross-platform support and then lower (not that I was able to really work on for the past months) my contribution to this project.\r<br />\nI encourage you to fork the project and add the support yourself, pull request will be greatly appreciated.<br />\n",
    "PostedDate": "2014-08-11T09:32:26.397-07:00",
    "UserRole": null,
    "MarkedAsAnswerDate": null
  }
]