[
  {
    "Id": "1111861",
    "ThreadId": "463492",
    "Html": "Does the HTML renderer support MHT files?<br />\n",
    "PostedDate": "2013-10-24T14:54:56.95-07:00",
    "UserRole": null,
    "MarkedAsAnswerDate": null
  },
  {
    "Id": "1111966",
    "ThreadId": "463492",
    "Html": "No, it is something more suitable for another project that uses HTML Renderer.\r<br />\nWant to throw your hat over the fence?<br />\n",
    "PostedDate": "2013-10-25T00:35:53.353-07:00",
    "UserRole": null,
    "MarkedAsAnswerDate": null
  }
]