[
  {
    "Id": "1251077",
    "ThreadId": "547000",
    "Html": "Hey there,\r<br />\n<br />\nAfter migrating to the latest version, I found another issue in which OnPaint triggers another OnPaint and causes flashing when IsSelelectionEnable is true (as well as repeating message loop). \r<br />\n<br />\nThe flashing is only noticeable when composited drawing and double-buffering are enabled, but ideally you don't want this kind of redundant messaging going on.  In my case, it leads to flashing that makes the control unusable.\r<br />\n<br />\nHowever, you can easily see this yourself even with the Demo.  Bring up Perfmon or Task Manager &gt; Performance tab and monitor CPU cores.  Click in the Demo in HtmlPanel and hold mouse down.  Watch the CPU usage!  You will burn one full core as the application spins away pumping WM_PAINTS which result in more WM_PAINT's.  There is a endless message loop going on for as long as you hold the mouse down, even if you don't move it one pixel.\r<br />\n<br />\nThe code which introduced this behavior is the following which was added to OnPaint:<br />\n<pre><code>            // call mouse move to handle paint after scroll or html change affecting mouse cursor.\n            var mp = PointToClient(MousePosition);\n            _htmlContainer.HandleMouseMove(this, new MouseEventArgs(MouseButtons.None, 0, mp.X, mp.Y, 0));\n</code></pre>\n\nThe HandleMouseMove is the culprt.  When IsSelectionEnabled is true, it will result in another full control invalidation and repaint.\r<br />\n<br />\nThis code did not exist in 1.4.1.  To work around the issue, I have simply commented it out, as the issue it addressed was far less critical than the bug it introduces.  Perhaps there is a way this can be modified so that both goals can be achieved.\r<br />\n<br />\nI believe the issue is when the clicks (or holds mouse down, drag-selects, etc) on the control you get the following callstack:<br />\n<ul>\n<li>OnMouseDown in HtmlPanel</li>\n<li>HandleMouseDown in HtmlContainer</li>\n<li>HandleMouseDown in SelectionHandler</li>\n<li>parent.Invalidate in SelectionHandler</li>\n<li>OnPaint in HtmlPanel</li>\n<li>HandleMouseMove in HtmlContainer</li>\n<li>HandleMouseMove in SelectionHandler</li>\n<li>HandleSelection in SelectionHandler</li>\n<li>\ncontrol.Invalidate (which results in another full invalidation and repaint)<br />\n</li>\n</ul>\nI believe the core issue is that inner control.Invalidate should not be called in this callstack.  When HandleMouseMove is being called as part of OnMouseMove, then it should be.  But when it is being called as part of the OnPaint, it shouldn't be, right?  Otherwise, every time you click in the control, it immediately causes two full Invalidate's, the second of which is triggered from within the OnPaint of the first.  This is what leads to the message pump chain that persists until user lifts the mouse.\r<br />\n<br />\nMy theory is that since you do not have window compositing or double-buffering enabled you aren't noticing the extra repaints because ethey don't need to actually happen.  But they are there, and the CPU cycles are being burnt.  However, when compositing and double-buffering are enabled, the repaints have to actually happen, and the result is unusable flashing.\r<br />\n<br />\nNot sure the best way to fix this, you are closer to the code an I am, but as I said for now I've just commented out this new code in HtmlPanel.OnPaint.<br />\n\r<br />\nWhat I think is needed is a different version of HandleMouseMove, or some flag that controls it's behavior so that the inner repaint doesn't happen in this case.\r<br />\n<br />\nHopefully this helps and make sense. ;-)\r<br />\n<br />\nThanks,\r<br />\nRyan<br />\n",
    "PostedDate": "2014-05-29T21:32:35.087-07:00",
    "UserRole": null,
    "MarkedAsAnswerDate": null
  },
  {
    "Id": "1251150",
    "ThreadId": "547000",
    "Html": "Awesome details!\r<br />\nWill find a fix.\r<br />\nMany thanks.<br />\n",
    "PostedDate": "2014-05-30T01:50:18.09-07:00",
    "UserRole": null,
    "MarkedAsAnswerDate": null
  }
]