[
  {
    "Id": "1027816",
    "ThreadId": "439639",
    "Html": "Hi,\r<br />\n<br />\nI've been trying to right float an image for a few hours, but can't get it to work.\r<br />\n<br />\n<strong>HTML</strong><br />\n<pre><code>&lt;div style=&quot;width:250px; background-color:#FFFF80&quot;&gt;&lt;img src=&quot;c:\\temp\\rik1.png&quot; style=&quot;float: right; width:100px; height:100px;&quot;&gt;Lorem ipsum dolor sit amet, consectetur adipisicing elit, sed do eiusmod tempor incididunt ut labore et dolore magna aliqua. Ut enim ad minim veniam, quis nostrud exercitation ullamco laboris nisi ut aliquip ex ea commodo consequat. Duis aute irure dolor in reprehenderit in voluptate velit esse cillum dolore eu fugiat nulla pariatur. Excepteur sint occaecat cupidatat non proident, sunt in culpa qui officia deserunt mollit anim id est laborum&lt;/div&gt;</code></pre>\n\n<strong>C#</strong><br />\n<pre><code>        private void rtb1_TextChanged(object sender, EventArgs e)\n        {\n            var img = new Bitmap(280, 280);\n            using (var g = Graphics.FromImage(img))\n            {\n                g.Clear(Color.Beige);\n                HtmlRender.Render(g, rtb1.Text, new PointF(0, 0), new SizeF(280, 280) );\n            }\n            pictureBox1.Image = (System.Drawing.Image)img;\n        }</code></pre>\n\n<strong>Results</strong>\r<br />\n<img src=\"http://login.instorebroadcast.com/previews/htmlrender.png\" alt=\"Image\" />\r<br />\n<br />\nAny idea what I'm doing wrong?<br />\n",
    "PostedDate": "2013-04-09T05:33:45.607-07:00",
    "UserRole": null,
    "MarkedAsAnswerDate": null
  },
  {
    "Id": "1027873",
    "ThreadId": "439639",
    "Html": "It's currently not support by HtmlRenderer.\r<br />\nUnfortunately it's a very hard feature to support so I don't know when I will be able to add it.<br />\n",
    "PostedDate": "2013-04-09T07:18:27.85-07:00",
    "UserRole": null,
    "MarkedAsAnswerDate": null
  },
  {
    "Id": "1027906",
    "ThreadId": "439639",
    "Html": "Ah that's unfortunate. I'll try to figure out a workaround. Thanks for your fast reply!<br />\n",
    "PostedDate": "2013-04-09T08:13:54.433-07:00",
    "UserRole": null,
    "MarkedAsAnswerDate": null
  }
]