[
  {
    "Id": "1055536",
    "ThreadId": "446721",
    "Html": "Hello everyone,<br />\n<br />\nI would like to use Html Renderer to convert .html to .jpg file. But i'm begginer with C#, and i dont know how to do that.<br />\nI want to use System.Drawing.Html in my project, but it cant find it. How do i install/use downloaded files/library ?<br />\nThanks for the help<br />\n",
    "PostedDate": "2013-06-11T11:48:03.28-07:00",
    "UserRole": null,
    "MarkedAsAnswerDate": null
  },
  {
    "Id": "1055542",
    "ThreadId": "446721",
    "Html": "Nevermind problem solved ! :)<br />\n",
    "PostedDate": "2013-06-11T12:17:32.47-07:00",
    "UserRole": null,
    "MarkedAsAnswerDate": null
  }
]