[
  {
    "Id": "1144213",
    "ThreadId": "479170",
    "Html": "Hi, I'm trying to use GetAttributeAt method to get the &quot;alt&quot; attribute of an img tag.\r<br />\nFor testing purpose, I used a very simple peace of html:<br />\n<div style=\"color:Black;background-color:White;\"><pre>\r\n<span style=\"color:Blue;\">&lt;</span><span style=\"color:#A31515;\">html</span><span style=\"color:Blue;\">&gt;</span><span style=\"color:Blue;\">&lt;</span><span style=\"color:#A31515;\">body</span><span style=\"color:Blue;\">&gt;</span><span style=\"color:Blue;\">&lt;</span><span style=\"color:#A31515;\">img</span> <span style=\"color:Red;\">src</span><span style=\"color:Blue;\">=</span><span style=\"color:Blue;\">&quot;human.png&quot;</span> <span style=\"color:Red;\">alt</span><span style=\"color:Blue;\">=</span><span style=\"color:Blue;\">&quot;human&quot;</span><span style=\"color:Blue;\">/&gt;</span><span style=\"color:Blue;\">&lt;/</span><span style=\"color:#A31515;\">body</span><span style=\"color:Blue;\">&gt;</span><span style=\"color:Blue;\">&lt;/</span><span style=\"color:#A31515;\">html</span><span style=\"color:Blue;\">&gt;</span>\r\n</pre></div>The image is provided to the HtmlContainer via <em>ImageLoad</em> event.\r<br />\nI also set  AvoidImagesLateLoading to True.\r<br />\n<br />\nThe problem is that GetAttributeAt never works.\r<br />\nthe DomUtils.GetCssBox test <code>else if (childBox.Bounds.Contains(location))</code> fails. It seems the actual size of the image is not recorded in the CSSBoxes tree.\r<br />\n<br />\nAm I doing something wrong? Should I tell the container at one moment to store the actual size of the image?\r<br />\n<br />\nAnd thanks for this awesome library!<br />\n",
    "PostedDate": "2013-12-31T05:30:59.77-08:00",
    "UserRole": null,
    "MarkedAsAnswerDate": null
  },
  {
    "Id": "1149890",
    "ThreadId": "479170",
    "Html": "I fixed the problem by modifying DomUtils.GetCssBox.\r<br />\nIt was also unable to work with td.\r<br />\n<br />\nHere is the code in case anyone faces the same problem:<br />\n<pre><code>    /// &lt;summary&gt;\n    /// Get css box under the given sub-tree at the given x,y location, get the inner most.&lt;br/&gt;\n    /// the location must be in correct scroll offset.\n    /// &lt;/summary&gt;\n    /// &lt;param name=&quot;box&quot;&gt;the box to start search from&lt;/param&gt;\n    /// &lt;param name=&quot;location&quot;&gt;the location to find the box by&lt;/param&gt;\n    /// &lt;param name=&quot;visible&quot;&gt;Optional: if to get only visible boxes (default - true)&lt;/param&gt;\n    /// &lt;returns&gt;css link box if exists or null&lt;/returns&gt;\n    public static CssBox GetCssBox(CssBox box, Point location, bool visible = true)\n    {\n\n      if (box != null)\n      {\n        if ((!visible || box.Visibility == CssConstants.Visible) &amp;&amp; (box.Bounds.IsEmpty || box.Bounds.Contains(location)))\n        {\n          foreach (var childBox in box.Boxes)\n          {\n            var bounds = (childBox.IsImage ? childBox.FirstWord.Rectangle : childBox.Bounds);\n            if (bounds.Contains(location) || (bounds.IsEmpty &amp;&amp; childBox.Boxes.Count != 0))\n            {\n              return GetCssBox(childBox, location) ?? childBox;\n            }\n          }\n        }\n      }\n\n      return null;\n    }</code></pre>\n\nSorry if this isn't the perfect implementation ; I don't really know if that's the good way things should be done but at least it works better than the original.<br />\n",
    "PostedDate": "2014-01-06T03:20:19.03-08:00",
    "UserRole": null,
    "MarkedAsAnswerDate": null
  },
  {
    "Id": "1149937",
    "ThreadId": "479170",
    "Html": "Looks like a bug, I will look into it, and your suggested fix, and add it to next minor release. Thx for investing the time.\r<br />\n<br />\nMay I ask the scenario you are using it for? \r<br />\nI wonder if there is a better way (regardless of the actual bug).<br />\n",
    "PostedDate": "2014-01-06T06:28:54.483-08:00",
    "UserRole": null,
    "MarkedAsAnswerDate": null
  },
  {
    "Id": "1149992",
    "ThreadId": "479170",
    "Html": "Sure.\r<br />\nI use your HtmlContainer to display some small pieces of html in a winforms datagridview.\r<br />\nI have to display a tooltip whenever the mouse cursor hovers an image (img) or a piece of text (span) with an 'alt' or 'title' attribute, just like in a regular browser.\r<br />\nHence my use of the GetAttributeAt method.<br />\n",
    "PostedDate": "2014-01-06T08:35:43.357-08:00",
    "UserRole": null,
    "MarkedAsAnswerDate": null
  },
  {
    "Id": "1176827",
    "ThreadId": "479170",
    "Html": "Cool usage, fixed in 1.4.12.0<br />\n",
    "PostedDate": "2014-01-18T03:31:47.727-08:00",
    "UserRole": null,
    "MarkedAsAnswerDate": null
  }
]