[
  {
    "Id": "1027602",
    "ThreadId": "439580",
    "Html": "In previous versions there used to be a GetStyleSheet function.  This allowed for tooltips to use html with links to stylesheets.\r<br />\n<br />\nExample:<br />\n<pre><code>&lt;head&gt;\n    &lt;title&gt;Day Info: {0}&lt;/title&gt;\n    &lt;link rel=&quot;Stylesheet&quot; href=&quot;property:CCalLib.HtmlSettings.StyleSheet&quot; /&gt;\n  &lt;/head&gt;</code></pre>\n\nWith this function missing how do HtmlToolTips access CSS?<br />\n",
    "PostedDate": "2013-04-08T18:37:07.607-07:00",
    "UserRole": null,
    "MarkedAsAnswerDate": null
  },
  {
    "Id": "1027692",
    "ThreadId": "439580",
    "Html": "See 'StylesheetLoad' event<br />\n",
    "PostedDate": "2013-04-09T00:24:28.627-07:00",
    "UserRole": null,
    "MarkedAsAnswerDate": null
  }
]