[
  {
    "Id": "1005262",
    "ThreadId": "434126",
    "Html": "Is BaseStylesheet working properly? I have the following defined in a BaseStylesheet property in the designer:<br />\n<pre><code>.dataHighlight { font-weight:bold; text-transform:uppercase; }</code></pre>\n\nwith a data template set up as:<br />\n<pre><code>const string _dataTemplate = &quot;&lt;center&gt;Attach the &lt;span class='dataHighlight'&gt;{0}&lt;/span&gt; frob to connector &lt;span class='dataHighlight'&gt;{1}&lt;/span&gt; on the device.&lt;/center&gt;&quot;;</code></pre>\n\nin both this const declaration and within the Text property in the designer. The population of the content in my test is as follows:<br />\n<pre><code>var html = string.Format(_dataTemplate, &quot;rubber ducky&quot;, &quot;W1&quot;);\nhtmlLabel1.Text = html;</code></pre>\n\nThe text is neither transformed nor bolded in either the designer or when I run the test. If I include the style elements inline, I get the expected formatting. Seems like a bug, but it might just be an unimplemented (but planned) functionality.<br />\n",
    "PostedDate": "2013-02-22T07:37:08.177-08:00",
    "UserRole": null,
    "MarkedAsAnswerDate": null
  },
  {
    "Id": "1005852",
    "ThreadId": "434126",
    "Html": "There is a bug that class name is case sensitive but is converted lower case when parsed in BaseStylesheet. it will be fixed in v1.4 (2 weeks)\r<br />\nA workaround is to change the class name &quot;dataHighlight&quot; to &quot;datahighlight&quot;.\r<br />\nAlso the &quot;text-transform&quot; style is currently not supported.<br />\n",
    "PostedDate": "2013-02-24T02:21:41.563-08:00",
    "UserRole": null,
    "MarkedAsAnswerDate": null
  },
  {
    "Id": "1006066",
    "ThreadId": "434126",
    "Html": "<blockquote>\nAlso the &quot;text-transform&quot; style is currently not supported.<br />\n</blockquote>\nAt all or just in css defined in BaseStylesheet? If you mean the former, I guess you missed the part where I said<br />\n<blockquote>\nIf I include the style elements inline, I get the expected formatting.<br />\n</blockquote>\nOtherwise, how does it avoid including the style into the definition.<br />\n",
    "PostedDate": "2013-02-24T17:56:25.84-08:00",
    "UserRole": null,
    "MarkedAsAnswerDate": null
  },
  {
    "Id": "1006118",
    "ThreadId": "434126",
    "Html": "It is not supported at all.\r<br />\nI will add it in the future. <br />\n",
    "PostedDate": "2013-02-24T23:49:16.287-08:00",
    "UserRole": null,
    "MarkedAsAnswerDate": null
  },
  {
    "Id": "1006656",
    "ThreadId": "434126",
    "Html": "Interesting. Not sure how it's working now, then. I won't look too closely to figure it out. :)<br />\n",
    "PostedDate": "2013-02-25T19:41:15.003-08:00",
    "UserRole": null,
    "MarkedAsAnswerDate": null
  }
]