[
  {
    "Id": "995724",
    "ThreadId": "431787",
    "Html": "Is there any way to keep the htmlPanel scrolled to the bottom of the page?\r<br />\nI'm attempting to use this as a continuous logging window and as a chat window and would like this to keep the bottom row of the HTML in view.\r<br />\n<br />\nWith a normal textbox or rtb you would set your selection as the last char and scrollToCaret, but that doesn't appear to be a method for that on htmlPanel.\r<br />\n<br />\nThanks. <br />\n",
    "PostedDate": "2013-02-03T01:20:53.843-08:00",
    "UserRole": null,
    "MarkedAsAnswerDate": null
  },
  {
    "Id": "995730",
    "ThreadId": "431787",
    "Html": "Ok, I'll go ahead and answer my own question. ;)\r<br />\n<br />\nI can use the AutoScrollPosition to get me started.\r<br />\n<br />\nhtmlPanel1.AutoScrollPosition = new Point(0, 10000); // keeps my bottom row in view\r<br />\n<br />\nThis does create an annoying &quot;feature&quot; which drives me insane in other apps, is that when you scroll back (or up), any new data added to the panel forcibly scrolls you to the bottom. Very annoying when there's is constant data coming in. I'll have to write something up that will only do the autoscroll if the scroll bar is at it's bottom most position. <br />\n",
    "PostedDate": "2013-02-03T02:23:05.1-08:00",
    "UserRole": null,
    "MarkedAsAnswerDate": null
  }
]