[
  {
    "Id": "1103140",
    "ThreadId": "461027",
    "Html": "When I tried htmlrenderer with the following code to render html as an image, it does not render the html, but just show a black image.<br />\n<pre><code>Bitmap m_Bitmap = new Bitmap(1000, 682);\nPointF point = new PointF(0, 0);\nSizeF maxSize = new System.Drawing.SizeF(674, 690);\n\nHtmlRenderer.HtmlRender.Render(Graphics.FromImage(m_Bitmap), htmlMessage, point, maxSize); // htmlMessage is html string with background-url \n\nm_Bitmap.Save(stream, ImageFormat.Jpeg);\n                                        \nstream.Seek(0, SeekOrigin.Begin); \n \n                                        \nbyte[] data = new byte[stream.Length];\n                                        \nstream.Read(data, 0, ConvertSafe.ToInt32(stream.Length, 0));</code></pre>\n\nafter this piece of code I got the stream and save as a jpg file. When I try to open it as I just stated before it is a whole black image.<br />\n",
    "PostedDate": "2013-10-03T05:08:22.377-07:00",
    "UserRole": null,
    "MarkedAsAnswerDate": null
  },
  {
    "Id": "1103558",
    "ThreadId": "461027",
    "Html": "Working with jpeg is different, I don't know how to make jpeg work but it's not HTML Renderer issue.<br />\nIf you use png image format it will work.<br />\n",
    "PostedDate": "2013-10-04T03:15:43.843-07:00",
    "UserRole": null,
    "MarkedAsAnswerDate": null
  },
  {
    "Id": "1103579",
    "ThreadId": "461027",
    "Html": "Thank you so much for your help,\r<br />\n<br />\nI updated the content type to the png format, but now the background-url does not show.  What can I do to solve the  problem ? Also, It is possible use URL to get html of it, if yes how I can do it ? İf you can help me I will be so appreciated.<br />\n",
    "PostedDate": "2013-10-04T04:20:10.16-07:00",
    "UserRole": null,
    "MarkedAsAnswerDate": null
  },
  {
    "Id": "1103594",
    "ThreadId": "461027",
    "Html": "For image generation you can't provide URI as image source it can either be a file path or provided manually with ImageLoad event (you will have to use HtmlContainer directly).\r<br />\n<br />\nI don't understand the question regarding getting html of an uri.<br />\n",
    "PostedDate": "2013-10-04T05:16:33.507-07:00",
    "UserRole": null,
    "MarkedAsAnswerDate": null
  },
  {
    "Id": "1131661",
    "ThreadId": "461027",
    "Html": "Hello ArthurTep, <br />\n<br />\nI did what you said in the post above, but still the background image can not be seen correctly. The code  I wrote and the result are below. No matter what I tried, I could not load the bottom part of image. The original image for background-url is  also below. <br />\n<br />\nThank you so much again for your help.<br />\n<pre><code>MemoryStream stream = new MemoryStream();\nBitmap m_Bitmap = new Bitmap(755, 461);\nPointF point = new PointF(0, 0);\nSizeF maxSize = new System.Drawing.SizeF(755, 461);\nstring path = &quot; C://Users//venus//Desktop//6.jpg&quot;;\n\nsertifikaMesaji = &quot;&lt;html&gt;&lt;body style=\\&quot;background-image:url(&quot; + path + &quot;);height:240px;background-repeat:no-repeat;background-size:755px 460px;\\&quot;&gt;&lt;h1 style=\\&quot; margin-top:40px;margin-left:150px;\\&quot;&gt;&quot; \n+  &quot;&lt;span style=\\&quot;font-family:Monotype Corsiva;\\&quot;&gt;&lt;em&gt;Test HTML&lt;/em&gt;&lt;/span&gt;&lt;/h1&gt;&lt;div style=\\&quot;width:560px;height:200px;margin-top:120px;margin-right:55px;margin-left:150px;\\&quot;&gt;&lt;em&gt;&quot; \n+ &quot;&lt;span style=\\&quot;font-family:Monotype Corsiva;\\&quot;&gt;&lt;span style=\\&quot;font-size:22px;\\&quot;&gt;Some Text Here&lt;/span&gt;&lt;/span&gt;&lt;/em&gt;&lt;/div&gt;&lt;/body&gt;&lt;/html&gt;&quot;; \n\nHtmlRenderer.HtmlRender.Render(Graphics.FromImage(m_Bitmap), sertifikaMesaji, point, maxSize); // sertifikaMesaji is html string with background-url \nm_Bitmap.Save(stream, ImageFormat.Png);\nstream.Seek(0, SeekOrigin.Begin);\nbyte[] data = new byte[stream.Length];\nstream.Read(data, 0, ConvertSafe.ToInt32(stream.Length, 0));</code></pre>\n\nThe result :<br />\n<img src=\"http://i.tinyuploads.com/t22N7m.png\" alt=\"Image\" /><br />\n<br />\nThe original image:<br />\n<img src=\"http://i.tinyuploads.com/Co66A2.jpg\" alt=\"Image\" /><br />\n",
    "PostedDate": "2013-12-04T05:08:03.913-08:00",
    "UserRole": null,
    "MarkedAsAnswerDate": null
  },
  {
    "Id": "1132074",
    "ThreadId": "461027",
    "Html": "I changed your code a little and the result is almost perfect, I think there is a bug where the height of the body is not respected, will check it in a few days.\r<br />\nNote, I have added &quot;margin: 0px; height: 461px;&quot; to body style and used &quot;HtmlRender.RenderToImage&quot; method.<br />\n<pre><code>Size maxSize = new Size(755, 461);\nstring path = &quot; D://OriginalImage.png&quot;;\nstring newPath = &quot;D://NewImage.png&quot;;\n\nvar sertifikaMesaji = &quot;&lt;html&gt;&lt;body style=\\&quot;margin: 0px; height: 461px; background-image:url(&quot; + path + &quot;);background-repeat:no-repeat;\\&quot;&gt;&lt;h1 style=\\&quot; margin-top:40px;margin-left:150px;\\&quot;&gt;&quot;\n+ &quot;&lt;span style=\\&quot;font-family:Monotype Corsiva;\\&quot;&gt;&lt;em&gt;Test HTML&lt;/em&gt;&lt;/span&gt;&lt;/h1&gt;&lt;div style=\\&quot;width:560px;height:200px;margin-top:120px;margin-right:55px;margin-left:150px;\\&quot;&gt;&lt;em&gt;&quot;\n+ &quot;&lt;span style=\\&quot;font-family:Monotype Corsiva;\\&quot;&gt;&lt;span style=\\&quot;font-size:22px;\\&quot;&gt;Some Text Here&lt;/span&gt;&lt;/span&gt;&lt;/em&gt;&lt;/div&gt;&lt;/body&gt;&lt;/html&gt;&quot;;\n\nvar img = HtmlRenderer.HtmlRender.RenderToImage(sertifikaMesaji, maxSize);\nimg.Save(newPath, ImageFormat.Png);</code></pre>\n\nResult:\r<br />\n<img src=\"http://snag.gy/qr5gR.jpg\" alt=\"Image\" /><br />\n",
    "PostedDate": "2013-12-05T02:54:30.333-08:00",
    "UserRole": null,
    "MarkedAsAnswerDate": null
  },
  {
    "Id": "1221038",
    "ThreadId": "461027",
    "Html": "In case it is still relevant, all you need to know is described here: <a href=\"https://htmlrenderer.codeplex.com/wikipage?title=Image%20generation\" rel=\"nofollow\">Generate image from HTML markup</a><br />\n",
    "PostedDate": "2014-03-10T07:05:37.327-07:00",
    "UserRole": null,
    "MarkedAsAnswerDate": "2014-03-10T07:05:42.74-07:00"
  }
]