[
  {
    "Id": "147190",
    "ThreadId": "44232",
    "Html": "Under Background, may I suggest the first paragraph read as follows:<br>\r\n<p>For years, I have been planning for a project like this. I prepared myself quite well. I went through the entire CSS Level 2 specification along with the HTML 4.01 specification.</p>\r\n<p></p>\r\n<br>\r\n",
    "PostedDate": "2009-01-14T14:55:01.633-08:00",
    "UserRole": null,
    "MarkedAsAnswerDate": null
  },
  {
    "Id": "152518",
    "ThreadId": "44232",
    "Html": "Corrected. Thanks a lot",
    "PostedDate": "2009-01-30T06:43:24.237-08:00",
    "UserRole": null,
    "MarkedAsAnswerDate": null
  }
]