[
  {
    "Id": "1250466",
    "ThreadId": "546822",
    "Html": "I found another issue with upgrading to latest and using the new custom fonts mechanism (which appears to work great, this is a rendering issue). \r<br />\n<br />\nYou can see the issue here in the image below.  Both are using a custom font, and the rendering changes (possibly moving to GDI+ / disabling ClearType) have introduced this somewhere along the way:\r<br />\n<br />\n<img src=\"http://www.ryanrogers.com/HtmlRenderChanges.png\" alt=\"Image\" />\r<br />\n<br />\nThat image on the right is 1.4.1.0 (my build).  That image on the left is 1.4.14 (latest build).  As you can see, there is a big problem with rendering the fonts.  The same exact font is used in both cases.  The same code.  The only difference is the control.  My guess is ClearType is somehow disabled / not being specified as a text drawing hint.\r<br />\n<br />\nI do not believe the loss in fidelity has anything to do with my changes to 1.4.1.0.  All I did was add support for ::selection and CssFontFactory.  I didn't change anything with the actual rendering.\r<br />\n<br />\nIs there any way to enable ClearType for the control?  It is enabled for my system, but the control is ignoring it.\r<br />\n<br />\nDid this change as part of moving to GDI+?\r<br />\n<br />\nUnfortunately, if there is no workaround, I will have to stay with my current version of the control, as the customers will not be able to settle for this.\r<br />\n<br />\nThanks,\r<br />\nRyan<br />\n",
    "PostedDate": "2014-05-28T07:01:36.45-07:00",
    "UserRole": null,
    "MarkedAsAnswerDate": null
  },
  {
    "Id": "1250601",
    "ThreadId": "546822",
    "Html": "The change was from GDI+ to GDI not the other way around and you can still use GDI+ text rendering by setting &quot;UseGdiPlusTextRendering=true;&quot;\r<br />\nand clear-type should work and as far as I know there is no way to disable it.\r<br />\n<br />\nInteresting... maybe the font doesn't support GDI hinting... can you send me the font?<br />\n",
    "PostedDate": "2014-05-28T12:29:21.647-07:00",
    "UserRole": null,
    "MarkedAsAnswerDate": null
  },
  {
    "Id": "1250621",
    "ThreadId": "546822",
    "Html": "Hi Arthur,\r<br />\n<br />\nThanks for the prompt reply!\r<br />\n<br />\nI tried that setting both ways, no luck.  It is behaving like it isn't setting the hinting, is that possible?\r<br />\n<br />\nIn all of my other controls, I'm using GDI+, and am having no problems with ClearType.\r<br />\n<br />\nAnd as I said, 1.4.1 is working as well.  And I use exactly the same font in that case.\r<br />\n<br />\nYou can find the fonts here:\r<br />\n<br />\n<a href=\"http://www.ryanrogers.com/fonts.zip\" rel=\"nofollow\">http://www.ryanrogers.com/fonts.zip</a>\r<br />\n<br />\nThanks,\r<br />\nRyan<br />\n",
    "PostedDate": "2014-05-28T13:14:07.753-07:00",
    "UserRole": null,
    "MarkedAsAnswerDate": null
  },
  {
    "Id": "1250753",
    "ThreadId": "546822",
    "Html": "Weird... it works perfectly for me:\r<br />\n<img src=\"http://snag.gy/A7cXF.jpg\" alt=\"Image\" />\r<br />\n<br />\nLet's try to reproduce it in HTML Renderer demo app.\r<br />\n<strong>Add your fonts to the custom fonts loading in DemoForm.LoadCustomFonts method:</strong><br />\n<pre><code>private void LoadCustomFonts()\n{\n    // load custom font font into private fonts collection\n    var file = Path.GetTempFileName();\n    File.WriteAllBytes(file, Resources.CustomFont);\n    _privateFont.AddFontFile(file);\n\n    _privateFont.AddFontFile(@&quot;D:\\fonts\\ModerneFraktur.ttf&quot;);\n    _privateFont.AddFontFile(@&quot;D:\\fonts\\AppleGaramond.ttf&quot;);\n            \n    // add the fonts to renderer\n    foreach (var fontFamily in _privateFont.Families)\n        HtmlRender.AddFontFamily(fontFamily);\n}</code></pre>\n\n<strong><strong>Run the demo and paste the html snippet in the editor:</strong></strong><br />\n<pre><code>&lt;div style=&quot;font: 30px 'Moderne fraktur'&quot;&gt;\n  This is a custom font that is not installed on the system.\n&lt;/div&gt;\n&lt;div style=&quot;font: 30px 'Apple Garamond'&quot;&gt;\n  This is a custom font that is not installed on the system.\n&lt;/div&gt; </code></pre>\n\nLet me know whats the result.<br />\n",
    "PostedDate": "2014-05-29T00:54:48.627-07:00",
    "UserRole": null,
    "MarkedAsAnswerDate": null
  },
  {
    "Id": "1250790",
    "ThreadId": "546822",
    "Html": "It is possibly a difference in the font point size, or transparency?\r<br />\n<br />\nI'm using these styles:<br />\n<pre><code>        builder.AppendLine(&quot;div.date { font-family:\\&quot;Apple Garamond\\&quot;; font-size:13px; color:&quot;).Append(rgb).Append(&quot;; }&quot;);\n        builder.AppendLine(&quot;div.title { font-family:\\&quot;Moderne Fraktur\\&quot;; font-size:20px; color:&quot;).Append(rgb).Append(&quot;; }&quot;);\n        builder.AppendLine(&quot;div.body { font-family:\\&quot;Times New Roman\\&quot;; font-size:13px; color:black; }&quot;)\n</code></pre>\n\nSo those sizes are much smaller.\r<br />\n<br />\nSecond, the HtmlPanel has transparency enabled ( BackColor = Color.Transparent;).  The background also has an image as you can see in he original graphic.  So the text is being rendered over that other image.\r<br />\n<br />\nThird, this I the GUI / GDI init stuff I'm using:<br />\n<pre><code>        // standard visual stuff\n        System.Windows.Forms.Application.EnableVisualStyles();\n        System.Windows.Forms.Application.SetCompatibleTextRenderingDefault(true);\n</code></pre>\n\nI can't think off hand anything else that would cause a discrepancy?  And either way, the same exact code and font files shows the fonts rendering perfectly with 1.4.1, and not with 1.4.14, so by definition something changed between those two.  We just need to figure out what. ;-)\r<br />\n<br />\nThanks,\r<br />\nRyan<br />\n",
    "PostedDate": "2014-05-29T03:23:29.793-07:00",
    "UserRole": null,
    "MarkedAsAnswerDate": null
  },
  {
    "Id": "1250801",
    "ThreadId": "546822",
    "Html": "None of this made any difference for me, as expected.\r<br />\nA lot has changed in a year...\r<br />\nWhat do you see if you use the demo app?<br />\n",
    "PostedDate": "2014-05-29T04:02:10.283-07:00",
    "UserRole": null,
    "MarkedAsAnswerDate": null
  },
  {
    "Id": "1250805",
    "ThreadId": "546822",
    "Html": "Demo apps looks the same as what you sent.  There is some visible aliasing when you crank it up to 50px, but nothing nearly as bad as what is shown in the original post.\r<br />\n<br />\nThis definitely reeks of a ClearType issue, where something resident in the program is telling Windows to not use ClearType rendering for that window.  However, all of the other controls on the form are being rendered fine with ClearType, as evidenced by the labels (news, forums, Patch Notes, etc.).  Those are all using my TransparentLabel control, which renders using this:<br />\n<pre><code>        // draw the text using cleartype hint\n        e.Graphics.TextRenderingHint = TextRenderingHint.ClearTypeGridFit;\n        TextRenderer.DrawText(e.Graphics, Text, font, point, foreColor);\n</code></pre>\n\nAre you specifically setting the ClearType hint in the rendering logic?\r<br />\n<br />\nThanks,\r<br />\nRyan<br />\n",
    "PostedDate": "2014-05-29T04:21:10.463-07:00",
    "UserRole": null,
    "MarkedAsAnswerDate": null
  },
  {
    "Id": "1250810",
    "ThreadId": "546822",
    "Html": "Good, so it's not a machine issue.\r<br />\n<br />\nI think you are mixing GDI and GDI+ text rendering in you application.\r<br />\n&quot;Application.SetCompatibleTextRenderingDefault(true);&quot; will set WinForms controls to use GDI+ text rendering but &quot;TextRenderer&quot; uses GDI text rendering, also setting &quot;e.Graphics.TextRenderingHint&quot; is for GDI+ it has no effect on &quot;TextRenderer.DrawText&quot;.\r<br />\nyou should probably use &quot;Application.SetCompatibleTextRenderingDefault(false);&quot;.\r<br />\nBut all this have nothing to do with HtmlRenderer...\r<br />\n<br />\nAre you sure setting &quot;UseGdiPlusTextRendering=true&quot; did nothing?\r<br />\n<br />\ncan you create a new plain form, add HtmlPanel to it and see what happens.<br />\n",
    "PostedDate": "2014-05-29T04:36:20.857-07:00",
    "UserRole": null,
    "MarkedAsAnswerDate": null
  },
  {
    "Id": "1250838",
    "ThreadId": "546822",
    "Html": "Yeah my SetCompatibleTextRendering should have no impact as I use no stock controls.  Every control is either mine built from scratch and does it's own rendering, or HtmlPanel.  As I suspexcted, changing it to false made no difference.  It's holdover code from the prototype back when I used to still use some standard controls.<br />\n<br />\nHowever, you said:<br />\n<blockquote>\n&quot;TextRenderer&quot; uses GDI text rendering, also setting &quot;e.Graphics.TextRenderingHint&quot; is for GDI+ it has no effect on &quot;TextRenderer.DrawText&quot;. <br />\n</blockquote>\nThat is simply not true, despite what the docs may say.  Not setting the hint makes the label text look EXACTLY like your text.  Exactly.  TextRenderer.DrawText definitely is affected by this hint. <br />\n<br />\n.Net 2.0 target runtime, FYI.<br />\n<br />\nAs I said before, if you aren't using this hint, and you are using TextRenderer.DrawText, then this quite possibly why it is not working.<br />\n<br />\nI will go back to my modified 1.4.1 code and see if I added that hint by chance, and perhaps that is why it is working in my build...<br />\n<br />\nRyan<br />\n",
    "PostedDate": "2014-05-29T05:54:32.54-07:00",
    "UserRole": null,
    "MarkedAsAnswerDate": null
  },
  {
    "Id": "1250840",
    "ThreadId": "546822",
    "Html": "Strange... please let me know if adding the hint the HtmlPanel OnPaint helps.\r<br />\nBut what is so special about this application?  Why does it works in demo? <br />\n",
    "PostedDate": "2014-05-29T06:10:37.673-07:00",
    "UserRole": null,
    "MarkedAsAnswerDate": null
  },
  {
    "Id": "1250853",
    "ThreadId": "546822",
    "Html": "I fixed it by adding the hinting into your latest code:  ;-)\r<br />\n<br />\nThe new HtmlPanel.OnPaint:<br />\n<pre><code>        /// &lt;summary&gt;\n        /// Perform paint of the html in the control.\n        /// &lt;/summary&gt;\n        protected override void OnPaint(PaintEventArgs e)\n        {\n            base.OnPaint(e);\n\n            if (_htmlContainer != null)\n            {\n                e.Graphics.TextRenderingHint = System.Drawing.Text.TextRenderingHint.ClearTypeGridFit;  // this is the line I added\n\n                _htmlContainer.ScrollOffset = AutoScrollPosition;\n                _htmlContainer.PerformPaint(e.Graphics);\n\n                // call mouse move to handle paint after scroll or html change affecting mouse cursor.\n                var mp = PointToClient(MousePosition);\n                _htmlContainer.HandleMouseMove(this, new MouseEventArgs(MouseButtons.None, 0, mp.X, mp.Y, 0));\n            }\n        }</code></pre>\n\nI went back and looked at my 1.4.1 code, and this was what was there:<br />\n<pre><code>    /// &lt;summary&gt;\n    /// Perform paint of the html in the control.\n    /// &lt;/summary&gt;\n    protected override void OnPaint(PaintEventArgs e)\n    {\n        base.OnPaint(e);\n\n        if (_htmlContainer != null)\n        {\n            _htmlContainer.ScrollOffset = AutoScrollPosition;\n            e.Graphics.TextRenderingHint = System.Drawing.Text.TextRenderingHint.ClearTypeGridFit;\n            _htmlContainer.PerformPaint(e.Graphics);\n        }\n    }\n</code></pre>\n\nMy guess is I added it there as well, but forgot.  It was 15-16 months ago. ;-)  Or else it used to be there and you got rid of it.  Either way, that is why it wasn't working now.\r<br />\n<br />\nSo mystery solved I think.  If you could please make sure this fix makes it into the next build that would be great so that I can start (and keep) using the official builds so I don't have to manage my own code stream would be great.\r<br />\n<br />\nOf course, this only has an affect when UseGdiPlusRendering is true.  If I set it to false, the text goes back to ugly.  But if I set it to true and use the official build, it stays ugly.  It is only actually rendering with ClearType when the Hint is set.\r<br />\n<br />\nLet me know if any questions.\r<br />\n<br />\nThanks,\r<br />\nRyan<br />\n",
    "PostedDate": "2014-05-29T06:26:41.04-07:00",
    "UserRole": null,
    "MarkedAsAnswerDate": null
  },
  {
    "Id": "1250856",
    "ThreadId": "546822",
    "Html": "Will add it. \r<br />\nAnd you sure the demo works fine? How that can be? <br />\n",
    "PostedDate": "2014-05-29T06:34:20.88-07:00",
    "UserRole": null,
    "MarkedAsAnswerDate": null
  },
  {
    "Id": "1250858",
    "ThreadId": "546822",
    "Html": "Our posts crossed...sorry I hadn't gotten the email notification of your post.\r<br />\n<br />\nAs far as differences, it could be lots of stuff.  I do a lot of tricks to get transparency to with my Transparent Windows Forms and Controls library.  And also some double-buffer stuff with compositing for performance and accuracy with the pseudo-transparency.  In fact, now that I think about it, that might be it.  This is in my main window form:<br />\n<pre><code>    protected override CreateParams CreateParams\n    {\n        get\n        {\n            CreateParams cp = base.CreateParams;\n\n            // turn on form compositing (double buffering) if Vista or higher\n            // we can't do this on XP due to GDI+ issue in that case\n            OperatingSystem OS = Environment.OSVersion;\n            if ((OS.Platform == PlatformID.Win32NT) &amp;&amp; (OS.Version.Major &gt;= 6))\n            {\n                cp.ExStyle |= Native.WS_EX_COMPOSITED;\n            }\n\n            return cp;\n        }\n    }\n</code></pre>\n\nI'm guessing that when the window style is WS_EX_COMPOSITED, that GDI+ requires the hint in order to use ClearType!!!\r<br />\n<br />\nThat would certainly explain it...\r<br />\n<br />\nRyan<br />\n",
    "PostedDate": "2014-05-29T06:46:28.99-07:00",
    "UserRole": null,
    "MarkedAsAnswerDate": null
  },
  {
    "Id": "1250867",
    "ThreadId": "546822",
    "Html": "nope... not it.\r<br />\nthe only way I found to get what you are seeing is either disable clear type in control panel&gt;fonts or disable smooth edges for screen fonts in System properties.\r<br />\ni can't find a way to do that for a single application...<br />\n",
    "PostedDate": "2014-05-29T07:09:26.557-07:00",
    "UserRole": null,
    "MarkedAsAnswerDate": null
  }
]