[
  {
    "Id": "1250210",
    "ThreadId": "546738",
    "Html": "Hi Arthur, upgrading to the latest version from my old hacked up version where I added custom font support myself back in April '13.  Ho do you specify custom fonts, and how do you load them yourself if bundled with my application?\r<br />\n<br />\nAlso, how do you specify selection text color (fore and back color). Did you ever add that feature?<br />\n\r<br />\nThanks!\r<br />\nRyan<br />\n",
    "PostedDate": "2014-05-27T13:38:46.303-07:00",
    "UserRole": null,
    "MarkedAsAnswerDate": null
  },
  {
    "Id": "1250220",
    "ThreadId": "546738",
    "Html": "FYI for custom selection color this is what I added support for in style sheets (this simply gets added to the BaseStyleSheet):<br />\n<pre><code>        builder.Append(&quot;::-moz-selection { background: saddlebrown; }&quot;);\n        builder.Append(&quot;::selection { background: saddlebrown; }&quot;);\n\n</code></pre>\n\n::moz-selection and ::selection are &quot;standards&quot; already established by various browsers.\r<br />\n<br />\nMore info here:\r<br />\n<br />\n<a href=\"http://css-tricks.com/overriding-the-default-text-selection-color-with-css/\" rel=\"nofollow\">http://css-tricks.com/overriding-the-default-text-selection-color-with-css/</a>\r<br />\n<br />\nAll I did was update the sylesheet code in the control so that it would honor these.\r<br />\n<br />\nHoping something like this has been added since I requested it back in April 2013. ;-)<br />\n",
    "PostedDate": "2014-05-27T14:13:13.303-07:00",
    "UserRole": null,
    "MarkedAsAnswerDate": null
  },
  {
    "Id": "1250317",
    "ThreadId": "546738",
    "Html": "Both were added in v1.4.3.0 more than a year ago, shortly after you asked for it here: <a href=\"https://htmlrenderer.codeplex.com/discussions/438380\" rel=\"nofollow\">fonts that aren't installed on system</a>.\r<br />\nBoth exists in the demo app as can be seen in &quot;Text&quot; sample.\r<br />\n<br />\n<strong>Custom fonts</strong> <br />\n<pre><code>privateFont = new PrivateFontCollection();\nprivateFont.AddFontFile(file);\nforeach (var fontFamily in privateFont.Families)\n    HtmlRender.AddFontFamily(fontFamily);</code></pre>\n\n<strong>Selection</strong> <br />\n<pre><code>::selection {\n    color: #bb5555;\n    background-color: #aaddaa;\n}</code></pre>\n\n",
    "PostedDate": "2014-05-28T00:10:53.763-07:00",
    "UserRole": null,
    "MarkedAsAnswerDate": "2014-05-29T04:03:57.49-07:00"
  },
  {
    "Id": "1250391",
    "ThreadId": "546738",
    "Html": "Awesome, thanks!  I knew the font stuff was added, but wasn't sure how to access it.    I'll give it a whirl later today!<br />\n",
    "PostedDate": "2014-05-28T03:38:18.487-07:00",
    "UserRole": null,
    "MarkedAsAnswerDate": null
  },
  {
    "Id": "1250448",
    "ThreadId": "546738",
    "Html": "Unfortunately, it appears ::selection doesn't work when assigned into a BaseStyleSheet style.  That or else I'm missing something or something else has changed since the days of 1.4.10.   Your &quot;Text&quot; example has the style basked into the HTML.  Mine does not.  That could be the difference.  Shouldn't ::selection style work as part of the BaseStyleSheet?<br />\n<br />\nHere is formerly working code from my app which used to use my 1.4.10 custom build which enabled ::selection.  In this case, NewsPanel is the HtmlPanel.<br />\n<pre><code>        // build and append the CSS to use\n        string rgb = string.Format(&quot;rgb({0},{1},{2})&quot;, NewsCaptionLabel.ForeColor.R, NewsCaptionLabel.ForeColor.G, NewsCaptionLabel.ForeColor.B);\n        builder.AppendLine(&quot;&lt;style&gt;&quot;);\n        builder.AppendLine(&quot;::selection { color: #FFFF00; background-color: #3E3526; }&quot;);\n        builder.AppendLine(&quot;p.large { margin-top:20px; }&quot;);\n        builder.AppendLine(&quot;p.small { margin-top:10px; }&quot;);\n        builder.AppendLine(&quot;p { margin-top:0px; }&quot;);\n        builder.AppendLine(&quot;div.date { font-family:\\&quot;Apple Garamond\\&quot;; font-size:13px; color:&quot;).Append(rgb).Append(&quot;; }&quot;);\n        builder.AppendLine(&quot;div.title { font-family:\\&quot;Moderne Fraktur\\&quot;; font-size:20px; color:&quot;).Append(rgb).Append(&quot;; }&quot;);\n        builder.AppendLine(&quot;div.body { font-family:\\&quot;Times New Roman\\&quot;; font-size:13px; color:black; }&quot;);\n        builder.AppendLine(&quot;&lt;/style&gt;&quot;);\n\n        // set the stylesheet\n        NewsPanel.BaseStyleSheet = builder.ToString();\n        builder.Length = 0;\n\n</code></pre>\n\nThe same exact code works with my custom build of 1.4.10.   I get yellow on to of saddle brown when selected, not white on light blue.<br />\n<br />\nI tried using color names (old code) as well as RGB hex values (new code) and this had no effect..<br />\n<br />\nIs there something I have to do to get the control to &quot;refresh&quot; and use the new CSS?<br />\n<br />\nThe HTML I am inserting into the panel does not have any styles defined which would override this.  In fact, the HTML inserted has zero styles whatsoever.  That's why I'm using the BaseStyleSheet, so I can simplify the whole thing and ignore styles of the content I insert, and just define it once.<br />\n<br />\nAny help would be most appreciated!<br />\n<br />\nThanks,<br />\nRyan<br />\n<br />\nP.S. For reference, I tried adding type=&quot;text/css&quot; to the style, that didn't make a difference.  That is the only difference I see from your &quot;Text&quot; example, vs. what I am doing in code, other than the use of BaseStyleSheet...<br />\n",
    "PostedDate": "2014-05-28T06:32:22.403-07:00",
    "UserRole": null,
    "MarkedAsAnswerDate": null
  },
  {
    "Id": "1250599",
    "ThreadId": "546738",
    "Html": "No need for &lt;style&gt; element, just the CSS (remove the first and last &quot;AppendLine&quot; lines)<br />\n",
    "PostedDate": "2014-05-28T12:21:09.37-07:00",
    "UserRole": null,
    "MarkedAsAnswerDate": null
  },
  {
    "Id": "1250622",
    "ThreadId": "546738",
    "Html": "That was indeed the issue, thanks!  The old code would accept the &lt;style&gt; element, but the new code appears to get tripped up by it.\r<br />\n<br />\nNow if I can just get ClearType to work, I'll be all set!<br />\n",
    "PostedDate": "2014-05-28T13:15:23.88-07:00",
    "UserRole": null,
    "MarkedAsAnswerDate": null
  }
]