[
  {
    "Id": "1136004",
    "ThreadId": "473787",
    "Html": "How can I load images on HTML panel?\r<br />\n<br />\nMy HTML:<br />\n&lt;img src=&quot;logo.jpg&quot; class=&quot;image-logo&quot; /&gt;\r\nlogo.jpg is in the same folder as html file.\r<br />\n<br />\nI use code template from samples:\r<br />\n<br />\n// initializaion\r<br />\n_htmlPanel.ImageLoad += HtmlPanelOnImageLoad;\r<br />\n<br />\n// handler<br />\n<pre><code>    private void HtmlPanelOnImageLoad( object sender, HtmlImageLoadEventArgs args )\n    {            \n        args.Callback( args.Src );\n    }\n</code></pre>\n\nBut image not shown. What's wrong?<br />\n",
    "PostedDate": "2013-12-14T16:15:41.277-08:00",
    "UserRole": null,
    "MarkedAsAnswerDate": null
  },
  {
    "Id": "1136009",
    "ThreadId": "473787",
    "Html": "Problem solved :-)<br />\nYou need to spesify full image file path:<br />\n<br />\nargs.Callback( Path.Combine( path, args.Src ) );<br />\n<br />\nMy bin is in one folder, image file in other.<br />\n",
    "PostedDate": "2013-12-14T16:23:27.95-08:00",
    "UserRole": null,
    "MarkedAsAnswerDate": null
  }
]