[
  {
    "Id": "1231208",
    "ThreadId": "541444",
    "Html": "Hello,\r<br />\n<br />\nThere is NullReferenceException when HTML text contains structure like this:<br />\n<pre><code>&lt;v:shape style=&quot;color: Red&quot; /&gt;</code></pre>\n\nStack Trace:<br />\n<pre><code>System.NullReferenceException: Object reference not set to an instance of an object.\n\n   at HtmlRenderer.Parse.DomParser.AssignCssBlock(CssBox box, CssBlock block) in HtmlRenderer 1.4.13.0\\Source\\HtmlRenderer\\Parse\\DomParser.cs:line 297\n\n   at HtmlRenderer.Parse.DomParser.CascadeStyles(CssBox box, HtmlContainer htmlContainer, CssData&amp; cssData, Boolean&amp; cssDataChanged) in HtmlRenderer 1.4.13.0\\Source\\HtmlRenderer\\Parse\\DomParser.cs:line 105\n\n   at HtmlRenderer.Parse.DomParser.CascadeStyles(CssBox box, HtmlContainer htmlContainer, CssData&amp; cssData, Boolean&amp; cssDataChanged) in HtmlRenderer 1.4.13.0\\Source\\HtmlRenderer\\Parse\\DomParser.cs:line 140\n\n   at HtmlRenderer.Parse.DomParser.GenerateCssTree(String html, HtmlContainer htmlContainer, CssData&amp; cssData) in HtmlRenderer 1.4.13.0\\Source\\HtmlRenderer\\Parse\\DomParser.cs:line 43\n\n   at HtmlRenderer.HtmlContainer.SetHtml(String htmlSource, CssData baseCssData) in HtmlRenderer 1.4.13.0\\Source\\HtmlRenderer\\HtmlContainer.cs:line 419</code></pre>\n\nTo fix that I added null check to CascadeStyles method of DomParser.\r<br />\n<br />\nExisting code:<br />\n<pre><code>                // Check for the style=&quot;&quot; attribute\n                if (box.HtmlTag.HasAttribute(&quot;style&quot;))\n                {\n                    var block = CssParser.ParseCssBlock(box.HtmlTag.Name, box.HtmlTag.TryGetAttribute(&quot;style&quot;));\n                    AssignCssBlock(box, block);\n                }</code></pre>\n\nReplaced to:<br />\n<pre><code>                // Check for the style=&quot;&quot; attribute\n                if (box.HtmlTag.HasAttribute(&quot;style&quot;))\n                {\n                    var block = CssParser.ParseCssBlock(box.HtmlTag.Name, box.HtmlTag.TryGetAttribute(&quot;style&quot;));\n                    if (block != null)\n                    {\n                        AssignCssBlock(box, block);\n                    }\n                }</code></pre>\n\nBecause ParseCssBlock is able to return null, I added also null check to WriteHtmlTag method of DomUtils class.\r<br />\n<br />\nExisting code:<br />\n<pre><code>                    else if (styleGen == HtmlGenerationStyle.Inline &amp;&amp; att.Key == HtmlConstants.Style)\n                    {\n                        // if inline style add the styles to the collection\n                        var block = CssParser.ParseCssBlock(box.HtmlTag.Name, box.HtmlTag.TryGetAttribute(&quot;style&quot;));\n                        foreach (var prop in block.Properties)\n                            tagStyles[prop.Key] = prop.Value;\n                    }</code></pre>\n\nReplaced to:<br />\n<pre><code>                    else if (styleGen == HtmlGenerationStyle.Inline &amp;&amp; att.Key == HtmlConstants.Style)\n                    {\n                        // if inline style add the styles to the collection\n                        var block = CssParser.ParseCssBlock(box.HtmlTag.Name, box.HtmlTag.TryGetAttribute(&quot;style&quot;));\n\n                        if (block != null)\n                        {\n                            foreach (var prop in block.Properties)\n                                tagStyles[prop.Key] = prop.Value;\n                        }\n                    }</code></pre>\n\nIt's just a quick fix.\r<br />\n<br />\nIt will be perfect if developer have a look into this bug =)\r<br />\n<br />\nThank you!<br />\n",
    "PostedDate": "2014-04-07T04:02:35.99-07:00",
    "UserRole": null,
    "MarkedAsAnswerDate": null
  },
  {
    "Id": "1231398",
    "ThreadId": "541444",
    "Html": "This discussion has been copied to a work item. Click <a href=\"https://htmlrenderer.codeplex.com/workitem/9031\" rel=\"nofollow\">here</a> to go to the work item and continue the discussion.<br />\n",
    "PostedDate": "2014-04-07T09:18:19.407-07:00",
    "UserRole": null,
    "MarkedAsAnswerDate": null
  }
]