[
  {
    "Id": "1314074",
    "ThreadId": "569986",
    "Html": "Is absolute positioning supported? Here's basically what I'm trying to do, but the text is not getting overlaid.  (Sorry, I didn't know whether to put this under discussions or issues)<br />\n<pre><code>&lt;div id=&quot;thisisrelative&quot;&gt;\n    &lt;img /&gt;\n    &lt;div id=&quot;thisisabsolute&quot;&gt;text i want overlaid&lt;/div&gt;\n&lt;/div&gt;</code></pre>\n\nWhat else can I try? Thanks!<br />\n",
    "PostedDate": "2014-10-16T11:42:11.283-07:00",
    "UserRole": null,
    "MarkedAsAnswerDate": null
  },
  {
    "Id": "1314603",
    "ThreadId": "569986",
    "Html": "absolute and relative positions are currently not supported.\r<br />\nyou can play with the html, if you have control over it, by setting the image as background.<br />\n",
    "PostedDate": "2014-10-18T04:57:56.307-07:00",
    "UserRole": null,
    "MarkedAsAnswerDate": null
  },
  {
    "Id": "1315831",
    "ThreadId": "569986",
    "Html": "Thanks! That is what I ended up doing, and it seems to work pretty well.<br />\n",
    "PostedDate": "2014-10-22T15:44:27.72-07:00",
    "UserRole": null,
    "MarkedAsAnswerDate": null
  },
  {
    "Id": "1334831",
    "ThreadId": "569986",
    "Html": "Is it planned to implement absolute positioning?\r<br />\nIf it is not on your roadmap, is it possible to join the dev team and do the development?\r<br />\n<br />\nDo you hava a clou about, if it fits in your libary-design?<br />\n",
    "PostedDate": "2014-12-19T03:05:32.167-08:00",
    "UserRole": null,
    "MarkedAsAnswerDate": null
  }
]