[
  {
    "Id": "1014141",
    "ThreadId": "436373",
    "Html": "Just updated to the latest 1.4.0.0 to be able to to control text selection (disable it). Thanks for that. Then I noticed that certain texts within table got the first pixel clipped off. I've constructed a simple example, HTML and CSS:<br />\n<pre><code>&lt;body&gt;\n&lt;table&gt;\n&lt;tr&gt;&lt;td&gt;A brown dog jumped over a lazy fox&lt;/td&gt;&lt;/tr&gt;\n&lt;/table&gt;\n&lt;/body&gt;\n\nbody {  font: 8pt Tahoma; color: #eee; margin: 0px; padding: 0px; }\ntable { border: none; border-collapse: collapse; }\ntr,td { border: none; padding: 0px; spacing: 0px; }</code></pre>\n\nUsing this (some of the CSS may be irrelevant) it fails displaying correctly:\r<br />\n<img src=\"http://www.rodi.dk/htmlrenderer-pixelerror.jpg\" alt=\"Image\" />\r<br />\n<br />\nIt looks like only some letter get clipped (for instance A, V and W) and others still display fine (like I and P).<br />\n",
    "PostedDate": "2013-03-12T12:50:07.7-07:00",
    "UserRole": null,
    "MarkedAsAnswerDate": null
  },
  {
    "Id": "1014445",
    "ThreadId": "436373",
    "Html": "I have upload v1.4.1 with a fix, it's a painful problem so let me know if it still happens.\r<br />\nThx.<br />\n",
    "PostedDate": "2013-03-13T02:31:39.793-07:00",
    "UserRole": null,
    "MarkedAsAnswerDate": null
  },
  {
    "Id": "1015061",
    "ThreadId": "436373",
    "Html": "Thanks for the update. I can not reproduce the problem with this build so It looks like it's solved.<br />\n",
    "PostedDate": "2013-03-14T01:27:19.607-07:00",
    "UserRole": null,
    "MarkedAsAnswerDate": null
  }
]