[
  {
    "Id": "1221647",
    "ThreadId": "538695",
    "Html": "Hello I'm using wpf and include the Forms library while i can not get to run the wpf library.\r<br />\nNow when I use the function HtmlRenderer.HtmlRender.RenderToImage() I get a nice Image with Text, Images also Table. It is very nice.\r<br />\nBut the quality of the font is not so good. When I put this Image in my report and print it, the fonts are little blurred. Comes that that I use the Forms library instead the WPF library or do I some mistake?\r<br />\nThank your for a little help.<br />\n",
    "PostedDate": "2014-03-11T16:38:08.683-07:00",
    "UserRole": null,
    "MarkedAsAnswerDate": null
  },
  {
    "Id": "1224332",
    "ThreadId": "538695",
    "Html": "Do the fonts look blurred when you save the image to disk?\r<br />\n<br />\nI don't know if you can get a good result using this method as image has much lower definition than print.\r<br />\nIt is best to render directly into print device and to use GDI+ text rendering as it works better for high DPI devices.\r<br />\n<br />\nAlso in v1.5 I'm planning to add native support for WPF so it may help you (don't have deadline yet).<br />\n",
    "PostedDate": "2014-03-19T03:08:08.177-07:00",
    "UserRole": null,
    "MarkedAsAnswerDate": null
  },
  {
    "Id": "1224920",
    "ThreadId": "538695",
    "Html": "Thank you for your answer.\r<br />\nNow I render my Control direkt on my gui and save it with 300 dpi on a image.\r<br />\nGreetings<br />\n",
    "PostedDate": "2014-03-20T10:47:12.817-07:00",
    "UserRole": null,
    "MarkedAsAnswerDate": null
  }
]