[
  {
    "Id": "1224683",
    "ThreadId": "539562",
    "Html": "Hi,\r<br />\n<br />\nHow do I get the HTMLRenderer control to appear in the Toolbox?<br />\n",
    "PostedDate": "2014-03-20T00:43:11.197-07:00",
    "UserRole": null,
    "MarkedAsAnswerDate": null
  },
  {
    "Id": "1225494",
    "ThreadId": "539562",
    "Html": "The core component of HTML Renderer - HtmlContainer is agnostic of where it is rendered so you can use it on any control.\r<br />\nYou will have to do something similar to what HtmlLabel/HtmlPanel is doing: extend the proper WinForms control and overwrite the layout and draw methods.\r<br />\nIt will be great if you can contribute the control to the project.<br />\n",
    "PostedDate": "2014-03-22T04:12:15.65-07:00",
    "UserRole": null,
    "MarkedAsAnswerDate": null
  }
]