[
  {
    "Id": "470935",
    "ThreadId": "220698",
    "Html": "Hi there! \r\n\r\nFirstly, wow!! This is just what I was looking for however I am having an issue being able to click a anchor that is setup when displayed in the tooltip class. When you click the link it just closes the tooltip window. Can you think of anyway around this so I am able to process the link. It of course works in the HtmlPanle and HtmlLabel class.\r\n\r\nThanks in advance.\r\n\r\nAdrian.",
    "PostedDate": "2010-07-22T04:48:59.78-07:00",
    "UserRole": null,
    "MarkedAsAnswerDate": null
  },
  {
    "Id": "940981",
    "ThreadId": "220698",
    "Html": "\r\n<p>added as an feature request issue, will look into it</p>\r\n",
    "PostedDate": "2012-11-13T06:42:52.783-08:00",
    "UserRole": null,
    "MarkedAsAnswerDate": null
  }
]