[
  {
    "Id": "1462155",
    "ThreadId": "650959",
    "Html": "This seems like a stupid question, but:\r<br />\n<br />\nWhen I downloaded the demo found on CodeProject, the HTMLPanel was ReadOnly and selecting the text was not an option.  On the demo from CodePlex the cursor changed to Text and selecting the text was an option.\r<br />\n<br />\nMy users will be dragging and dropping and double-clicking on my panels, but I don't want them to think they can change the text.  Any way to make the text non-selectable and keep the cursor default?  I'd rather not downgrade because I'm using Framework 4.0.\r<br />\n<br />\nThanks in advance.<br />\n",
    "PostedDate": "2016-02-05T07:20:24.54-08:00",
    "UserRole": null,
    "MarkedAsAnswerDate": null
  },
  {
    "Id": "1462196",
    "ThreadId": "650959",
    "Html": "Found it.  It's the IsSelectionEnabled property.<br />\n",
    "PostedDate": "2016-02-05T11:56:18.047-08:00",
    "UserRole": null,
    "MarkedAsAnswerDate": null
  }
]