[
  {
    "Id": "1326677",
    "ThreadId": "573324",
    "Html": "Hi,\r<br />\n<br />\nFirst - thanks a lot for this wonderful library. \r<br />\n<br />\nI have run into a peculiar problem. I have developed an ASP.Net application that requires generating PDF from an HTML. This is where your HTML Renderer comes into picture.\r<br />\n<br />\nThe HTML contains Unicode text (Hindi text). For this I am using MS Arial Unicode font. My application runs fine on Win8 desktop (64bit), and generates PDF that properly shows the hindi text. When I deploy the same application on a Windows 2012 server (std) (64bit), the generated PDF shows rectangular boxes in place of hindi text. I have double checked - the server does have MS Arial unicode font installed on it.\r<br />\n<br />\nIn either scenario, I am not storing the PDF to a disk file, instead I am streaming it to the response.\r<br />\n<br />\nHere is the code fragment I am using to convert HTML to PDF:<br />\n<pre><code>using TheArtOfDev.HtmlRenderer.Core.Entities;\nusing TheArtOfDev.HtmlRenderer.PdfSharp;\n\nPdfGenerateConfig config = new PdfGenerateConfig();\nconfig.PageSize = PdfSharp.PageSize.A4;\nconfig.SetMargins(20);\n\nPdfSharp.Pdf.PdfDocument doc = PdfGenerator.GeneratePdf(html, config, null, null, null);\n\nusing (MemoryStream stream = new MemoryStream())\n{\n   doc.Save(stream, true);\n   byte[] pdfBytes = stream.ToArray();\n   return pdfBytes;\n}</code></pre>\n\nHere is code fragment that I am using to stream the PDF:<br />\n<pre><code>string html=&quot;some html text&quot;;  // GetReportHtml();\nbyte[] pdfBytes = PdfGenerator.GetPdfBytes(html);\n\nstring fileName = &quot;test.pdf&quot;;\nHttpResponseMessage response = Request.CreateResponse(HttpStatusCode.OK);\n\nMemoryStream pdfStream = new MemoryStream(pdfBytes);\nresponse.Content = new StreamContent(pdfStream);\n\nresponse.Content.Headers.ContentType = new MediaTypeHeaderValue(&quot;application/pdf&quot;);\nresponse.Content.Headers.ContentDisposition = new ContentDispositionHeaderValue(&quot;inline&quot;);\nresponse.Content.Headers.ContentDisposition.FileName = fileName;\n\nreturn response;</code></pre>\n\nAny suggestions/ideas regarding what could be causing this?\r<br />\n<br />\nRegards,\r<br />\nVikram <br />\n",
    "PostedDate": "2014-11-26T20:07:38.587-08:00",
    "UserRole": null,
    "MarkedAsAnswerDate": null
  },
  {
    "Id": "1326684",
    "ThreadId": "573324",
    "Html": "This appears to be an issue related to PDF alone.\r<br />\n<br />\nWhen I tried the demo application on the Win 2012 server, the demo application was displaying hindi text correctly. When I converted it to PDF - I again got the rectangular boxes.\r<br />\n<br />\nScreenshot of demo application\r<br />\n<br />\n<img src=\"http://mediexpert.in/HindiOK.png\" alt=\"Image\" />\r<br />\n<br />\nScreenshot of PDF generated from demo application\r<br />\n<br />\n<img src=\"http://mediexpert.in/HindiError.png\" alt=\"Image\" />\r<br />\n<br />\nUnfortunately converting image to PDF is not an option that would work for my requirements.\r<br />\n<br />\nAny suggesting?\r<br />\n<br />\nThanks,\r<br />\n<br />\nVikram<br />\n",
    "PostedDate": "2014-11-26T21:11:52.103-08:00",
    "UserRole": null,
    "MarkedAsAnswerDate": null
  },
  {
    "Id": "1326829",
    "ThreadId": "573324",
    "Html": "looks like PdfSharp issue, please try to use pdf sharp directly and if so post to <a href=\"https://pdfsharp.codeplex.com/workitem/list/basic\" rel=\"nofollow\">PdfSharp page</a>.<br />\n",
    "PostedDate": "2014-11-27T09:13:09.25-08:00",
    "UserRole": null,
    "MarkedAsAnswerDate": null
  },
  {
    "Id": "1328390",
    "ThreadId": "573324",
    "Html": "Thanks Arthur. Yes, it does appear to be a PDFSharp issue.\r<br />\n<br />\nIt appears that PDFSharp cannot handle hindi font :-(\r<br />\n<br />\nNow if I want to go with HTMLRenderer-&gt;image-&gt;PDF, how do I achieve pagination. Any suggestions?\r<br />\n<br />\nThanks,\r<br />\n<br />\nVikram<br />\n",
    "PostedDate": "2014-12-03T06:14:06.703-08:00",
    "UserRole": null,
    "MarkedAsAnswerDate": null
  },
  {
    "Id": "1329049",
    "ThreadId": "573324",
    "Html": "check the code for pagination in <a href=\"https://github.com/ArthurHub/HTML-Renderer/blob/master/Source/HtmlRenderer.PdfSharp/PdfGenerator.cs\" rel=\"nofollow\">PdfGenerator.cs</a> it should be easy to convert it into image generation per page (basically a game of setting ScrollOffset).\r<br />\nNote, the quality of the PDF is lower when the content is image.\r<br />\n<br />\nAlso, if you have the time and it is important enough for you, you may check iTextSharp, using it instead of PdfSharp shouldn't be to hard to achieve.\r<br />\n<br />\nBest of luck.<br />\n",
    "PostedDate": "2014-12-05T02:34:34.057-08:00",
    "UserRole": null,
    "MarkedAsAnswerDate": null
  },
  {
    "Id": "1329480",
    "ThreadId": "573324",
    "Html": "Thanks Arthur.<br />\n<br />\nI will try that.<br />\n<br />\nI also see this post <a href=\"https://htmlrenderer.codeplex.com/discussions/436743\" rel=\"nofollow\">Thinking of Page Support?</a> which could be useful.<br />\n<br />\nVikram<br />\n",
    "PostedDate": "2014-12-07T01:41:57.687-08:00",
    "UserRole": null,
    "MarkedAsAnswerDate": null
  }
]