[
  {
    "Id": "1085465",
    "ThreadId": "454678",
    "Html": "Hello,\r<br />\ngreat job for the links to anchor support. It works if the target ID is in an &quot;a&quot; tag. According to the HTML 4.01 specification you can create an anchor at the start tag of <strong>any</strong> element. See <a href=\"http://www.w3.org/TR/html401/struct/links.html#anchors-with-id\" rel=\"nofollow\">http://www.w3.org/TR/html401/struct/links.html#anchors-with-id</a>\r<br />\n<br />\nHere is an example:<br />\n<pre><code>&lt;p&gt;&lt;a href=&quot;#link1&quot;&gt;Internal Link 1&lt;/a&gt;&lt;/p&gt;\n&lt;p&gt;&lt;a href=&quot;#link2&quot;&gt;Internal Link 2&lt;/a&gt;&lt;/p&gt;\n&lt;p&gt;&lt;br/&gt;&lt;br/&gt;&lt;br/&gt;&lt;br/&gt;&lt;br/&gt;&lt;br/&gt;&lt;/p&gt;\n&lt;p&gt;&lt;a id=&quot;link1&quot;&gt;Anchor 1 works&lt;/a&gt;&lt;/p&gt;\n&lt;h1 id=&quot;link2&quot;&gt;Anchor 2 not works&lt;/h1&gt;</code></pre>\n\nIs it possible to change this?\r<br />\n<br />\nThank you<br />\n",
    "PostedDate": "2013-08-27T09:32:39.31-07:00",
    "UserRole": null,
    "MarkedAsAnswerDate": null
  },
  {
    "Id": "1086065",
    "ThreadId": "454678",
    "Html": "Done (1.4.6.1)<br />\n",
    "PostedDate": "2013-08-29T01:21:17.01-07:00",
    "UserRole": null,
    "MarkedAsAnswerDate": null
  }
]