[
  {
    "Id": "1220583",
    "ThreadId": "538391",
    "Html": "Is &quot;line-height&quot; currently being considered for inclusion for the next release?\r<br />\n<br />\nI'm prototyping a screenshot capture where I generate html with a css background image and dynamic text vertically aligned in the center before saving as an image.<br />\n",
    "PostedDate": "2014-03-08T05:04:36.893-08:00",
    "UserRole": null,
    "MarkedAsAnswerDate": null
  },
  {
    "Id": "1220639",
    "ThreadId": "538391",
    "Html": "For the record... this is one hell of an awesome project and you have saved me from having to start messing around drawing images in C#.\r<br />\n<br />\nThank you!!!<br />\n",
    "PostedDate": "2014-03-08T10:17:55.42-08:00",
    "UserRole": null,
    "MarkedAsAnswerDate": null
  },
  {
    "Id": "1220792",
    "ThreadId": "538391",
    "Html": "thx, line-height is supported, currently there is a limitation that it is not allowed to be lower than the normal line height.<br />\n",
    "PostedDate": "2014-03-09T11:07:09.017-07:00",
    "UserRole": null,
    "MarkedAsAnswerDate": null
  },
  {
    "Id": "1337199",
    "ThreadId": "538391",
    "Html": "Arthur, If i wanted to implement line height less than one, where should I start? I really want this feature for a digital sign project i am working on.<br />\n",
    "PostedDate": "2014-12-25T15:40:29.333-08:00",
    "UserRole": null,
    "MarkedAsAnswerDate": null
  }
]