[
  {
    "Id": "1038971",
    "ThreadId": "442448",
    "Html": "How can I programmatically scroll the HtmlPanel to the beginning/to the end?\r<br />\n<br />\nThanks!<br />\n",
    "PostedDate": "2013-05-03T03:51:44.19-07:00",
    "UserRole": null,
    "MarkedAsAnswerDate": null
  },
  {
    "Id": "1039474",
    "ThreadId": "442448",
    "Html": "Set vertical scroll to top and horizontal to left:\r<br />\n_htmlPanel.AutoScrollPosition = new Point(_htmlPanel.HorizontalScroll.Minimum, _htmlPanel.VerticalScroll.Minimum);\r<br />\n<br />\nSet vertical to bottom and horizontal to right:\r<br />\n_htmlPanel.AutoScrollPosition = new Point(_htmlPanel.HorizontalScroll.Maximum - _htmlPanel.HorizontalScroll.LargeChange, _htmlPanel.VerticalScroll.Maximum - _htmlPanel.VerticalScroll.LargeChange);<br />\n",
    "PostedDate": "2013-05-05T00:17:45.647-07:00",
    "UserRole": null,
    "MarkedAsAnswerDate": "2014-03-10T01:18:19.863-07:00"
  }
]