[
  {
    "Id": "954179",
    "ThreadId": "406310",
    "Html": "\r\n<p>This is great, thank you very much.</p>\r\n<p>I love using Html output for logging or progress reports or small data reports in my apps. I've got a little HTML writer class to output basic report headers, lines, icons, etc.&nbsp;</p>\r\n<p>Previously I've tried to use various browser integrations or a 3rd party HTML control - all of which worked but had shortcomings I couldn't fix.&nbsp;(And before HTML I did the same with RTF - but it has other problems like images and links!)</p>\r\n<p>Here at a new company I thought I'd look around again and found you. Amazing, wow! Please keep it up, it is a very neglected and necessary niche. Thanks for providing a great working HTML display, and thanks for making it in an easily extendible/customizable\r\n project for those niche features I might need.</p>\r\n<p>---</p>\r\n<p>I don't know if you are interested in contributors or feature requests, but doing a little acceptance testing, I've added two features that are useful for my report writing use:</p>\r\n<ul>\r\n<li>GetImage() callback to let the parent &quot;bridge&quot; object resolve the image link. (The property and method features are really cool, on top of the embedded data link!) I needed a way to get misc images from a database, so I added an interface, and\r\n if the bridge object implements the interface, it has first dibs to provide the image object. It can also return an &quot;unhandled&quot; value and let the usual process take place.\r\n</li><li>.NET Colors - since I'm creating the Html from c# color and font objects, I added a call to&nbsp;Color.FromName(colorValue) before CssValueParser.GetActualColor() gives up and returns an error vale.\r\n</li><li>Also, I didn't see a way to specify an error image, so I'll probably add that before too long.\r\n</li></ul>\r\n<p>Not to meddle, and I'm happy to either share the few lines of code or let you put it on the &quot;mabye&quot; feature list. I'm just so happy you made it this easy!</p>\r\n",
    "PostedDate": "2012-12-10T13:32:53.467-08:00",
    "UserRole": null,
    "MarkedAsAnswerDate": null
  },
  {
    "Id": "954375",
    "ThreadId": "406310",
    "Html": "\r\n<p>Really glad to hear, most of the credit belong to Mendez I only improve his&nbsp;amazing&nbsp;work.</p>\r\n<p>I had the same frustrating&nbsp;problem for years, very happy it's helping you too.</p>\r\n<p>Regarding the features:</p>\r\n<ul>\r\n<li>GetImage() is something I'm working for 1.3.0.0, it will have much more complete image handling including the ability to replace the image using event. It will be available in a week or so.\r\n</li><li>.NET Colors - excellent feature, post the code snippet and i will add it to the project.\r\n</li><li>Error image - 1.3.0.0 will have basic error icon if failed to load image or did you have something else in mind.\r\n</li></ul>\r\n<p>I really want to improve this project so file any bug or feature request in the Issue Tracker and I will work on it.</p>\r\n",
    "PostedDate": "2012-12-11T00:33:57.563-08:00",
    "UserRole": null,
    "MarkedAsAnswerDate": null
  }
]