[
  {
    "Id": "1242905",
    "ThreadId": "544671",
    "Html": "Hi,\r<br />\n<br />\nFirst of all, thank you so much for this piece of software, it already saved me tons of work!\r<br />\nI have a issue while rendering an image from an html snippet. Below is the code that generates the image.<br />\n<pre><code>string barHTML = GetBarHTML(actionID, homepointID, actionScope);\nSystem.Drawing.Image image = HtmlRender.RenderToImage(barHTML);\niTextSharp.text.Image sharpImage = iTextSharp.text.Image.GetInstance(image, System.Drawing.Imaging.ImageFormat.Png);\nreturn sharpImage;</code></pre>\n\nThe html that is rendered is valid html and gives me the result in Google Chrome that I'm looking for. However the image that is generated doesn't show any css rendered div's which compose an bar-graph. I've tried to link to an external CSS stylesheet in the html snippet and putting all of the css between &lt;style&gt;-tags but both didn't gave me the result I was hoping to see.\r<br />\n<br />\nHtml snippet:<br />\n<pre><code>&lt;html&gt;\n  &lt;head&gt;\n    &lt;link rel='stylesheet' href='&lt;link to CSS 1&gt;' type='text/cs' /&gt;\n    &lt;link rel='stylesheet' href='&lt;link to CSS 2&gt;' type='text/cs' /&gt;\n  &lt;/head&gt;\n&lt;/body&gt;\n&lt;div class='action clearfix' style='width:1600px; margin: 0px; padding: 0px; margin-left: 0px;'&gt;\n  &lt;div class='actionInfo' style='margin-left: -80px;' &gt;\n    &lt;div class='rides'&gt;\n      &lt;div class='rideInfo'&gt;\n        &lt;strong&gt;\n          bar title\n        &lt;/strong&gt;\n        &lt;span style='width: 256px; right:-251px;'&gt;\n        &lt;/span&gt;\n      &lt;/div&gt;\n    &lt;/div&gt;\n    &lt;div class='actionGraph' style='width: 800px;'&gt;\n        &lt;a class='actionBar begin' href='javascript:void(0);' style='left: 77px;'&gt;\n            &lt;span&gt;&lt;/span&gt;\n        &lt;/a&gt;\n        &lt;a class='actionBar startLimit' href='javascript:void(0);' style='left: 385px;'&gt;\n            &lt;span&gt;&lt;/span&gt;\n        &lt;/a&gt;\n        &lt;a class='actionBar end' href='javascript:void(0);' style='left: 1100px;'&gt;\n            &lt;span&gt;&lt;/span&gt;\n        &lt;/a&gt;\n        &lt;div class='rides'&gt;\n            &lt;div class='rideContainer clearfix' style='width: 918px; left: 251px;'&gt;               \n                &lt;div class='road begin'&gt;&lt;/div&gt;\n                &lt;div class='road middle' style='width: 898px;'&gt;&lt;/div&gt;\n                &lt;div class='road end'&gt;&lt;/div&gt;\n                &lt;a class='ride begin' href='javascript:void(0);' style='left: -18px;'&gt;&lt;/a&gt;\n                &lt;a class='ride start' href='javascript:void(0);' style='left: -8px;'&gt;&lt;/a&gt;\n                &lt;a class='ride stop' href='javascript:void(0);' style='left: 828px;'&gt;&lt;/a&gt;\n                &lt;a class='ride end' href='javascript:void(0);' style='left: 900px;'&gt;&lt;/a&gt;\n            &lt;/div&gt;\n        &lt;/div&gt;\n    &lt;/div&gt;\n   &lt;/div&gt;\n&lt;/body&gt;\n&lt;/html&gt;</code></pre>\n\nAnd the CSS that is inserted<br />\n<pre><code>/* action graph */\n.action { margin: 15px 0; padding: 15px; border: 0px solid #FFF; margin-left:-50px; }\n.actionInfo { float: left; position: relative; width: 15%; }\n.rideInfo { position: relative; top: 5px; height: 23px; margin: 20px 0; padding: 0 10px 0 0; text-align: right; }\n.rideInfo strong { padding: 0 0 0 5px; }\n.rideInfo img { position: relative; top: -3px; }\n.rideInfo span { position: absolute; top: 11px; height: 1px; background: #bbb; }\n.actionGraph { float: left; position: relative; width: 85%; }\n.actionBar { position: absolute; width: 15px; height: 100%; margin: 0 0 0 -7px; }\n.actionBar span { display: block; width: 2px; height: 100%; margin: 0 auto; }\n.actionBar.begin span { background: #0daf66; }\n.actionBar.startLimit span { background: #e2b848; }\n.actionBar.end span { background: #d74234; }\n.rideContainer { position: relative; margin: 20px 0; }\n.road { display: inline-block; float: left; height: 23px; }\n.road.begin { width: 10px; background: url(&quot;&lt;link to image&gt;&quot;); }\n.road.middle { background: url(&quot;&lt;link to image&gt;&quot;); }\n.road.end { width: 10px; background: url(&quot;&lt;link to image&gt;&quot;); }\n.ride { display: block; position: absolute; width: 36px; height: 23px; }\n.ride.begin { background: url(&quot;&lt;link to image&gt;&quot;); }\n.ride.end { background: url(&quot;&lt;link to image&gt;&quot;); }\n.ride.start { background: url(&quot;&lt;link to image&gt;&quot;); }\n.ride.stop { background: url(&quot;&lt;link to image&gt;&quot;); }</code></pre>\n\nAny idea why this might not work?<br />\n",
    "PostedDate": "2014-05-07T23:57:01.663-07:00",
    "UserRole": null,
    "MarkedAsAnswerDate": null
  },
  {
    "Id": "1243134",
    "ThreadId": "544671",
    "Html": "The call to RenderToImage has an optional parameter of type CssData. Turn your stylesheet into a CssData object by calling the static CssData.Parse method and passing it the stylesheet (as a string). I have a couple of suggestions. I would remove all the inline styles and put all of the style information into the CssData object. That would make it much easier to debug. You might also want to start off with a simple stylesheet just to make sure you have everything set up properly. \r<br />\n<br />\nAlso, and this is probably unrelated to your real issue, but if you use the type attribute on a link element for a stylesheet, I'm pretty sure the values should be &quot;text/css&quot;.<br />\n",
    "PostedDate": "2014-05-08T08:37:51.257-07:00",
    "UserRole": null,
    "MarkedAsAnswerDate": null
  },
  {
    "Id": "1243437",
    "ThreadId": "544671",
    "Html": "Is the stylesheet is not loaded at all or is some of the styles do not work?\r<br />\nI see you have float/position styles, sorry but they are not currently supported.\r<br />\nIf the issue is in loading of the stylesheet, can you provide a simple example including the value of the &quot;href&quot;.\r<br />\nThx.<br />\n",
    "PostedDate": "2014-05-09T03:39:10.493-07:00",
    "UserRole": null,
    "MarkedAsAnswerDate": null
  }
]