[
  {
    "Id": "1109897",
    "ThreadId": "462942",
    "Html": "Hi,\r<br />\n<br />\nI'm using the HTML display panel to render some basic text. On some XP machines the panel displays nothing. We have no problems with windows 7 and generally windows XP. Is this something anyone else has seen?\r<br />\n<br />\nThanks in advance for any help.\r<br />\n<br />\nScott<br />\n",
    "PostedDate": "2013-10-21T02:25:05.973-07:00",
    "UserRole": null,
    "MarkedAsAnswerDate": null
  },
  {
    "Id": "1110026",
    "ThreadId": "462942",
    "Html": "Never had a problem like that\r<br />\nDo you use HtmlLabel or HtmlPanel?\r<br />\nIf you run the demo app on the machine what do you see?<br />\n",
    "PostedDate": "2013-10-21T07:49:10.15-07:00",
    "UserRole": null,
    "MarkedAsAnswerDate": null
  },
  {
    "Id": "1110492",
    "ThreadId": "462942",
    "Html": "I'll try and get hold of a machine to test it on. Its running on several client machines that i can't easily get access to.<br />\n",
    "PostedDate": "2013-10-22T04:43:55.34-07:00",
    "UserRole": null,
    "MarkedAsAnswerDate": null
  }
]