[
  {
    "Id": "255999",
    "ThreadId": "74802",
    "Html": "<p>hi,</p>\r\n<p>when using:</p>\r\n<p>System.Drawing.Html.HtmlRenderer.Render(<br>&nbsp;&nbsp;&nbsp;&nbsp;&nbsp;&nbsp;&nbsp;&nbsp;&nbsp;&nbsp;&nbsp;&nbsp;&nbsp;&nbsp;&nbsp;&nbsp;&nbsp;&nbsp;&nbsp;&nbsp;&nbsp;&nbsp;&nbsp; g,<br>&nbsp;&nbsp;&nbsp;&nbsp;&nbsp;&nbsp;&nbsp;&nbsp;&nbsp;&nbsp;&nbsp;&nbsp;&nbsp;&nbsp;&nbsp;&nbsp;&nbsp;&nbsp;&nbsp;&nbsp;&nbsp;&nbsp;&nbsp; &quot;&lt;html&gt;&lt;head&gt;&lt;/head&gt;&lt;body&gt;$&lt;font style=\\&quot;font:24px Verdana; color:red;\\&quot;&gt;99,457&lt;/font&gt;.55&lt;/b&gt;&lt;/body&gt;&lt;/html&gt;&quot;,<br>&nbsp;&nbsp;&nbsp;&nbsp;&nbsp;&nbsp;&nbsp;&nbsp;&nbsp;&nbsp;&nbsp;&nbsp;&nbsp;&nbsp;&nbsp;&nbsp;&nbsp;&nbsp;&nbsp;&nbsp;&nbsp;&nbsp;&nbsp; new RectangleF(new PointF(0.0F, 0.0F),new SizeF(500.0F,500.0F)), <br>&nbsp;&nbsp;&nbsp;&nbsp;&nbsp;&nbsp;&nbsp;&nbsp;&nbsp;&nbsp;&nbsp;&nbsp;&nbsp;&nbsp;&nbsp;&nbsp;&nbsp;&nbsp;&nbsp;&nbsp;&nbsp;&nbsp;&nbsp; false);</p>\r\n<p>the image generated has the following problem: the larger text part's baseline (99,457) is placed 1 or 2 pixels above the smaller text baseline.</p>\r\n<p>i myself tried to figure out a way to equalize the baselines for all sizes, with no success.</p>\r\n<p>i've rounded the resulting size up and down, tried to extract some consistent logic for adding or subtracting pixels - no success.&nbsp; do u have any idea of how to solve that?</p>\r\n<p>the 1 px mismatch drives me crazy.</p>\r\n<p>i thought of working with the web-browser control, grabbing the non-transparent region. the baseline problem wont happen there, but then i remembered that there will be no text antialiasing there.</p>\r\n<p>this is where i am out of ideas.</p>\r\n<p>this is the fn, which causes the iritating baseline diff:</p>\r\n<p>private static SizeF Get_concatSize(String s, Font f, StringFormat sformat, Graphics g)<br>&nbsp;&nbsp;&nbsp;&nbsp;&nbsp;&nbsp;&nbsp; {<br>&nbsp;&nbsp;&nbsp;&nbsp;&nbsp;&nbsp;&nbsp;&nbsp;&nbsp;&nbsp;&nbsp; SizeF size = new SizeF();<br><br>&nbsp;&nbsp;&nbsp;&nbsp;&nbsp;&nbsp;&nbsp;&nbsp;&nbsp;&nbsp;&nbsp; if (String.IsNullOrEmpty(s)) return size;<br>&nbsp;&nbsp;&nbsp;&nbsp;&nbsp;&nbsp;&nbsp;&nbsp;&nbsp;&nbsp; &nbsp;<br>&nbsp;&nbsp;&nbsp;&nbsp;&nbsp;&nbsp;&nbsp;&nbsp;&nbsp;&nbsp;&nbsp; CharacterRange[] characterRanges = { <br>&nbsp;&nbsp;&nbsp;&nbsp;&nbsp;&nbsp;&nbsp;&nbsp;&nbsp;&nbsp;&nbsp;&nbsp;&nbsp;&nbsp;&nbsp; new CharacterRange(0, s.Length) };<br><br>&nbsp;&nbsp;&nbsp;&nbsp;&nbsp;&nbsp;&nbsp;&nbsp;&nbsp;&nbsp;&nbsp; StringFormat sf = new StringFormat(sformat);<br><br>&nbsp;&nbsp;&nbsp;&nbsp;&nbsp;&nbsp;&nbsp;&nbsp;&nbsp;&nbsp;&nbsp; sf.SetMeasurableCharacterRanges(characterRanges);<br><br>&nbsp;&nbsp;&nbsp;&nbsp;&nbsp;&nbsp;&nbsp;&nbsp;&nbsp;&nbsp;&nbsp; // Measure whole string.<br>&nbsp;&nbsp;&nbsp;&nbsp;&nbsp;&nbsp;&nbsp;&nbsp;&nbsp;&nbsp;&nbsp; Region[] stringRegions = new Region[1];<br>&nbsp;&nbsp;&nbsp;&nbsp;&nbsp;&nbsp;&nbsp;&nbsp;&nbsp;&nbsp; &nbsp;<br>&nbsp;&nbsp;&nbsp;&nbsp;&nbsp;&nbsp;&nbsp;&nbsp;&nbsp;&nbsp;&nbsp; stringRegions = g.MeasureCharacterRanges(<br>&nbsp;&nbsp;&nbsp;&nbsp;&nbsp;&nbsp;&nbsp;&nbsp;&nbsp;&nbsp;&nbsp;&nbsp;&nbsp;&nbsp;&nbsp; s, f, new RectangleF(), sf);<br><br>&nbsp;&nbsp;&nbsp;&nbsp;&nbsp;&nbsp;&nbsp;&nbsp;&nbsp;&nbsp;&nbsp; RectangleF measureRect = stringRegions[0].GetBounds(g);<br><br>&nbsp;&nbsp;&nbsp;&nbsp;&nbsp;&nbsp;&nbsp;&nbsp;&nbsp;&nbsp;&nbsp; Single fontHeight = f.GetHeight(g);<br>&nbsp;&nbsp;&nbsp;&nbsp;&nbsp;&nbsp;&nbsp;&nbsp;&nbsp;&nbsp;&nbsp; Single fontAscentHeight =<br>&nbsp;&nbsp;&nbsp;&nbsp;&nbsp;&nbsp;&nbsp;&nbsp;&nbsp;&nbsp;&nbsp;&nbsp;&nbsp;&nbsp;&nbsp; (fontHeight / f.FontFamily.GetLineSpacing(f.Style)) *<br>&nbsp;&nbsp;&nbsp;&nbsp;&nbsp;&nbsp;&nbsp;&nbsp;&nbsp;&nbsp;&nbsp;&nbsp;&nbsp;&nbsp;&nbsp; f.FontFamily.GetCellAscent(f.Style);<br><br>&nbsp;&nbsp;&nbsp;&nbsp;&nbsp;&nbsp;&nbsp;&nbsp;&nbsp;&nbsp;&nbsp; size.Width = measureRect.Width;<br>&nbsp;&nbsp;&nbsp;&nbsp;&nbsp;&nbsp;&nbsp;&nbsp;&nbsp;&nbsp;&nbsp; size.Height = fontAscentHeight;<br><br>&nbsp;&nbsp;&nbsp;&nbsp;&nbsp;&nbsp;&nbsp;&nbsp;&nbsp;&nbsp;&nbsp; return size;<br>&nbsp;&nbsp;&nbsp;&nbsp;&nbsp;&nbsp;&nbsp; }</p>",
    "PostedDate": "2009-11-11T07:51:10.393-08:00",
    "UserRole": null,
    "MarkedAsAnswerDate": null
  }
]