[
  {
    "Id": "1109858",
    "ThreadId": "462925",
    "Html": "It seems that the MinimumSize.Height value is ignored for the HtmlLabel, at least when the control is in AutoSizeHeightOnly mode. Looking at the OnLayout code I think that the following change fixes this.\r<br />\n<br />\nReplace:<br />\n<pre><code>Height = (int)_htmlContainer.ActualSize.Height;</code></pre>\n\nwith<br />\n<pre><code>if (MinimumSize.Height &gt; 0 &amp;&amp; MinimumSize.Height &gt; _htmlContainer.ActualSize.Height) \n  Height = MinimumSize.Height;\n  else Height = (int)_htmlContainer.ActualSize.Height;\n</code></pre>\n\n",
    "PostedDate": "2013-10-21T01:24:16.367-07:00",
    "UserRole": null,
    "MarkedAsAnswerDate": null
  },
  {
    "Id": "1110023",
    "ThreadId": "462925",
    "Html": "Setting the MinimumSize in the &quot;Sample Form&quot; for the label works...\r<br />\nI think the label knows how to handle MinimumSize layout itself...<br />\n",
    "PostedDate": "2013-10-21T07:47:24.85-07:00",
    "UserRole": null,
    "MarkedAsAnswerDate": null
  },
  {
    "Id": "1110392",
    "ThreadId": "462925",
    "Html": "I've tried to reproduce this in a simple test example. So far I get it working runtime, but then I see issues design time, similar to what I experience at runtime in the project where I use HtmlRenderer.\r<br />\n<br />\nI have the HtmlLabel in a TableLayout cell with autosize rowstyle, docked to the top. Without the above modification, the row doesn't always change size, even if the label does. Try the the following with the test example below:\r<br />\n<br />\n<a href=\"https://www.dropbox.com/s/cnszm55koxmri0g/HtmlRendererMinHeightTest.zip\" rel=\"nofollow\">https://www.dropbox.com/s/cnszm55koxmri0g/HtmlRendererMinHeightTest.zip</a><br />\n<ul>\n<li>Open the form in the designer.</li>\n<li>Change MinimumSize for the HtmlLabel to &quot;0;250&quot;</li>\n<li>\nRight click on the table and insert a column<br />\n</li>\n</ul>\nYou should see that changing the minimum height to 250 makes the label and row higher. After inserting the column the label remains 250 in height but the row itself reverts back to the previous height, which is much less.\r<br />\n<br />\nThe suggested correction corrects this behavior both runtime and designtime. It is similar to what is already being done to support MinimumSize.Width and MaximumSize...<br />\n",
    "PostedDate": "2013-10-22T00:18:51.723-07:00",
    "UserRole": null,
    "MarkedAsAnswerDate": null
  },
  {
    "Id": "1110430",
    "ThreadId": "462925",
    "Html": "k, I will add it<br />\nthx<br />\n",
    "PostedDate": "2013-10-22T01:57:42.71-07:00",
    "UserRole": null,
    "MarkedAsAnswerDate": null
  }
]