[
  {
    "Id": "1220776",
    "ThreadId": "538441",
    "Html": "hi, why is a button or input tag not implement?<br />\n",
    "PostedDate": "2014-03-09T09:01:02.297-07:00",
    "UserRole": null,
    "MarkedAsAnswerDate": null
  },
  {
    "Id": "1220793",
    "ThreadId": "538441",
    "Html": "it is complicated to implement while less important (for most) than other features.<br />\n",
    "PostedDate": "2014-03-09T11:09:49.383-07:00",
    "UserRole": null,
    "MarkedAsAnswerDate": null
  }
]