[
  {
    "Id": "1424385",
    "ThreadId": "637542",
    "Html": "I have a number of seperate HTML pages that I would like to convert to one single PDF Document. How can I do that? <br />\n<br />\nAt the moment I'm creating a seperate PDF for every page, save it to MemoryStream, open it again with PdfSharp PdfDocumentOpenMode.Import and add the pages to the &quot;main&quot; document.<br />\n<pre><code>var pdf = new PdfSharp.Pdf.PdfDocument();\n// .. snip\n\n                        foreach (var s in sheets)\n                        {\n                            // ... snip - sheetContent is the page HTML\n\n                            if (!string.IsNullOrEmpty(sheetContent))\n                            {\n                                var pagePDF = TheArtOfDev.HtmlRenderer.PdfSharp.PdfGenerator.GeneratePdf(sheetContent, PdfSharp.PageSize.A4);\n                                using (var pageStream = new MemoryStream())\n                                {\n                                    pagePDF.Save(pageStream, false);\n                                    pageStream.Position = 0;\n\n                                    var importPagePDF = PdfSharp.Pdf.IO.PdfReader.Open(pageStream, PdfSharp.Pdf.IO.PdfDocumentOpenMode.Import);\n\n                                    pdf.AddPage(importPagePDF.Pages[0]);\n\n                                    importPagePDF.Close();\n                                    pagePDF.Close();\n                                }\n                            }\n                        }\n</code></pre>\n\n",
    "PostedDate": "2015-05-09T08:13:29.973-07:00",
    "UserRole": null,
    "MarkedAsAnswerDate": null
  }
]