[
  {
    "Id": "1360075",
    "ThreadId": "584670",
    "Html": "Hi,\r<br />\n<br />\nI am really interested in using HTML Renderer to produce PDF files out of my html reports.\r<br />\n<br />\nAfter searching through the code and exemples, I couldn't find any code sample that shows how could I generate an pdf from a html file that uses custom fonts.\r<br />\n<br />\nI use barcode fonts on my reports and really need it to get exported.\r<br />\n<br />\nCould anyone guide me in the right direction?\r<br />\n<br />\nThanks<br />\n",
    "PostedDate": "2015-03-05T05:52:15.077-08:00",
    "UserRole": null,
    "MarkedAsAnswerDate": null
  }
]