[
  {
    "Id": "1104373",
    "ThreadId": "461356",
    "Html": "Hi, I would like to use HtmlRender.Measure and HtmlRender.Render static functions to render html code to my Graphics object. Everything is ok, but the result is too small. For example, I use this rendered Graphics for printing, and the result covers just about 5% of page, text is too small. I have tried to set different kinds of max width, but it has no effect on how the output is scaled. Is there any way how to set proper rendering scale? My ciode looks like this:<br />\n<pre><code>SizeF size = HtmlRender.Measure(e.Graphics, TextToPrint, printWidth);\nsize = HtmlRender.Render(e.Graphics, TextToPrint, leftMargin, topMargin, printWidth);</code></pre>\n\nI have also tried to render first into a bitmap image (as described in demo application), but the same problem appeared. The output image resolution was too tiny or no antialias was used, so that the text was nearly unreadable. Result looks like <a href=\"http://imageshack.us/photo/my-images/600/07ts.png/\" rel=\"nofollow\">this</a>. <br />\n",
    "PostedDate": "2013-10-06T23:34:32.553-07:00",
    "UserRole": null,
    "MarkedAsAnswerDate": null
  },
  {
    "Id": "1104453",
    "ThreadId": "461356",
    "Html": "Image rendering is a known issue that I'm working on.\r<br />\nI'm not sure hot rendering into different graphics object will work as I never done it, if you use WinForms TextRenderer does it works properly?<br />\n",
    "PostedDate": "2013-10-07T04:04:28.633-07:00",
    "UserRole": null,
    "MarkedAsAnswerDate": null
  },
  {
    "Id": "1104868",
    "ThreadId": "461356",
    "Html": "I have switched to the version 1.4.3 which solved the problem. I am using HtmlRender.Render function in System.Drawing.Printing.PrintDocument.OnPrintPage method since I need to render and print html. <br />\n",
    "PostedDate": "2013-10-07T23:44:04.803-07:00",
    "UserRole": null,
    "MarkedAsAnswerDate": null
  }
]