[
  {
    "Id": "1304471",
    "ThreadId": "567369",
    "Html": "Hello,\r<br />\n<br />\nFirst let me say I love this project!\r<br />\nI'm wanting to load an HTML page in an HTMLPanel and immediately scroll to an element. The problem is that it only seems to work after the entire page is loaded and rendered. Is there an event raised that I can then immediately call scrolltoelement?\r<br />\nThanks for any help.<br />\n",
    "PostedDate": "2014-09-13T20:06:35.11-07:00",
    "UserRole": null,
    "MarkedAsAnswerDate": null
  },
  {
    "Id": "1304486",
    "ThreadId": "567369",
    "Html": "Thq!\r<br />\nThere is no event now, but it's a good scenario so I will add it in the coming v1.5 release in a week or so.<br />\n",
    "PostedDate": "2014-09-14T01:11:14.353-07:00",
    "UserRole": null,
    "MarkedAsAnswerDate": null
  },
  {
    "Id": "1304592",
    "ThreadId": "567369",
    "Html": "That's great thank you, and thank you for this awesome tool!<br />\n",
    "PostedDate": "2014-09-14T12:52:37.753-07:00",
    "UserRole": null,
    "MarkedAsAnswerDate": null
  },
  {
    "Id": "1306623",
    "ThreadId": "567369",
    "Html": "<a href=\"https://github.com/ArthurHub/HTML-Renderer/commit/013a36cb42b935a8247c3321ec65ce2ab96b8c39\" rel=\"nofollow\">committed</a><br />\n",
    "PostedDate": "2014-09-20T04:50:30.487-07:00",
    "UserRole": null,
    "MarkedAsAnswerDate": null
  },
  {
    "Id": "1329425",
    "ThreadId": "567369",
    "Html": "That's for adding this. I'm not having success with it right now unfortunately. \r<br />\n<br />\nI'm trying to use ScrollToElement to jump to specific section as soon as the HTML loads. However if I call ScrollToelement with the Loaded event is raised nothing happens. If I call the same ScrollToElement method manually after the control has loaded the HTML it works fine. Any idea what's going on here?<br />\n",
    "PostedDate": "2014-12-06T17:20:46.04-08:00",
    "UserRole": null,
    "MarkedAsAnswerDate": null
  }
]