[
  {
    "Id": "1127537",
    "ThreadId": "470729",
    "Html": "Hello,\r<br />\n<br />\nI am trying to use htmlTooltip in one of my project. I want to make it completely custom look so I want to pass everything as html. The problem is it shows the border/edges and my html has some padding from every position. Is there a way to make that border area of tooltip disappear and just show my content as tooltip? Followint is the screen shot of current and desired output.\r<br />\n<br />\n<img src=\"http://postimg.org/image/ybcftlwmf/\" alt=\"Image\" />\r<br />\n<br />\nThanks.<br />\n",
    "PostedDate": "2013-11-21T06:15:38.067-08:00",
    "UserRole": null,
    "MarkedAsAnswerDate": null
  },
  {
    "Id": "1127930",
    "ThreadId": "470729",
    "Html": "The HtmlToolTip uses <em>htmltooltip</em> CSS class for its style defined like so:<br />\n<pre><code>.htmltooltip {\n    border:solid 1px #767676;\n    background-color:white;\n    background-gradient:#E4E5F0;\n    padding: 8px; \n    Font: 9pt Tahoma;\n}</code></pre>\n\nif you want to change that you need to provide <em>BaseStylesheet</em> and use <em>htmltooltip</em> class like so:<br />\n<pre><code>_htmlToolTip.BaseStylesheet = &quot;.htmltooltip { border:none; background-color:lightblue; background-gradient:none; padding: 0px; }&quot;;</code></pre>\n\nNote: You must overwrite all the properties you want to change.\r<br />\n<br />\nCheers.<br />\n",
    "PostedDate": "2013-11-22T07:22:20.953-08:00",
    "UserRole": null,
    "MarkedAsAnswerDate": null
  },
  {
    "Id": "1128431",
    "ThreadId": "470729",
    "Html": "Hello ArthurTep,\r<br />\n<br />\nIt did work thanks. Now I am facing another problem. The tooltip is not aligned properly. It shows alot far from the mouse cursor. Here is the image.\r<br />\n<br />\n<img src=\"http://postimg.org/image/wwmmilfrr/\" alt=\"Image\" />\r<br />\n<br />\nHere is the html that I am trying to display<br />\n<pre><code>&lt;div style = &quot;font-family:'Trebuchet MS'; width:300px;&quot;;&gt;\n    &lt;div id = &quot;header&quot; style = &quot;background-color:#0085C3;color:#ffffff;font-size:12px;height:18px;padding-top:3px;text-align:center;&quot;&gt;\n        More Information\n    &lt;/div&gt;\n\n    &lt;div id = &quot;content&quot; style = &quot;background-color:#ffffff;color:#0085C3;font-size:12px;padding:5px;&quot;&gt;\n        %CONTENT%\n    &lt;/div&gt;\n&lt;/div&gt;</code></pre>\n\nNow if I remove the width:300px from the top div, it works fine but my tooltip text is too big and I need to make it multiple lines, like the one in the screenshot. Do you have any solution for it?\r<br />\n<br />\nThanks very much.<br />\n",
    "PostedDate": "2013-11-24T11:07:45.343-08:00",
    "UserRole": null,
    "MarkedAsAnswerDate": null
  },
  {
    "Id": "1128577",
    "ThreadId": "470729",
    "Html": "weird, will look into it.\r<br />\nBTW, your images don't show<br />\n",
    "PostedDate": "2013-11-25T00:59:35.853-08:00",
    "UserRole": null,
    "MarkedAsAnswerDate": null
  },
  {
    "Id": "1128643",
    "ThreadId": "470729",
    "Html": "Here is the direct link to the image\r<br />\n<br />\n<a href=\"http://s23.postimg.org/4jr4s4u1n/Untitled.png\" rel=\"nofollow\">http://s23.postimg.org/4jr4s4u1n/Untitled.png</a>\r<br />\n<br />\nThanks.<br />\n",
    "PostedDate": "2013-11-25T04:16:37.777-08:00",
    "UserRole": null,
    "MarkedAsAnswerDate": null
  },
  {
    "Id": "1128649",
    "ThreadId": "470729",
    "Html": "Here is another example. Try to set the tooltip text to following text<br />\n<pre><code>The Database Timeout setting affects every node in this cluster. You can set:&lt;br/&gt;&lt;br/&gt;Connection Timeout&lt;br/&gt;The amount of time allowed to establish a connection to the database.&lt;br/&gt;&lt;br/&gt;Command Timeout&lt;br/&gt;Command timeout – The amount of time allowed for the database to process requests. If you are getting timeout error messages during data collection, increase this setting.</code></pre>\n\nNow move the window (that contains the element which is going to show this tooltip) to the extreme right. You will see that tooltip will popup on extreme left side. It is something to do with the calculation of the width of tooltip I believe.<br />\n",
    "PostedDate": "2013-11-25T04:37:40.15-08:00",
    "UserRole": null,
    "MarkedAsAnswerDate": null
  },
  {
    "Id": "1130521",
    "ThreadId": "470729",
    "Html": "It was WinForms bug not correcting the tooltip show position when the size is dynamic.\r<br />\nUpdate to 1.4.10.0 for the fix.\r<br />\nLet me know if you have issues.<br />\n",
    "PostedDate": "2013-11-30T08:29:17.58-08:00",
    "UserRole": null,
    "MarkedAsAnswerDate": null
  }
]