[
  {
    "Id": "1232838",
    "ThreadId": "541880",
    "Html": "Hello,\r<br />\n<br />\nI'm testing your brilliant control on huge DB with more 110 000 records.\r<br />\n<br />\nI've found bug. If HTML data contains structure like:<br />\n<pre><code>&lt;STYLE&gt;&lt;em&gt;</code></pre>\n\nThen it will bomb with NullReferenceException.\r<br />\n<br />\nTo fix that you should add null check to CascadeStyles method of HtmlRenderer.Parse.DomParser class.\r<br />\n<br />\nReplace string<br />\n<pre><code>if (box.HtmlTag.Name.Equals(&quot;style&quot;, StringComparison.CurrentCultureIgnoreCase) &amp;&amp; box.Boxes.Count == 1)</code></pre>\n\nto:<br />\n<pre><code>if (box.HtmlTag.Name.Equals(&quot;style&quot;, StringComparison.CurrentCultureIgnoreCase) &amp;&amp; box.Boxes.Count == 1 &amp;&amp; box.Boxes[0].Text != null)</code></pre>\n\nThanks.<br />\n",
    "PostedDate": "2014-04-10T08:07:17.497-07:00",
    "UserRole": null,
    "MarkedAsAnswerDate": null
  },
  {
    "Id": "1233220",
    "ThreadId": "541880",
    "Html": "Thx, will be fixed.\r<br />\nI'm planning to do a minor release in a few days so if you found more issues (110000 is a lot of samples) please share so I can fix them in this release.<br />\n",
    "PostedDate": "2014-04-11T07:57:41.763-07:00",
    "UserRole": null,
    "MarkedAsAnswerDate": null
  },
  {
    "Id": "1233254",
    "ThreadId": "541880",
    "Html": "Can I contact you directly via email?\r<br />\nI'll send you code which causes StackOverflowException.<br />\n",
    "PostedDate": "2014-04-11T09:14:07.243-07:00",
    "UserRole": null,
    "MarkedAsAnswerDate": null
  },
  {
    "Id": "1234717",
    "ThreadId": "541880",
    "Html": "hi <br />\ni have created a sample<br />\n public void ConvertHtmlToImage()<br />\n<pre><code>    {\n        Bitmap m_Bitmap = new Bitmap(400, 600);\n        PointF point = new PointF(0, 0);\n        SizeF maxSize = new System.Drawing.SizeF(500, 500);\n        CssData css = HtmlRenderer.CssData.Parse(&quot;font-family:italic,background-color:Yellow;san-serif;font-size:100px;&quot;,true);\n\n        var img = HtmlRender.RenderToImage(File.ReadAllText(@&quot;D:\\html.txt&quot;), 600);\n\n        HtmlRenderer.HtmlRender.Render(Graphics.FromImage(m_Bitmap),&quot;&lt;html&gt;&lt;body&gt;&lt;div&gt;&lt;div&gt;Hello World, Converting Html To Image!!!&lt;/div&gt;&lt;/div&gt;&lt;/body&gt;&lt;/html&gt;&quot;,\n                                                 point, maxSize,css);\n\n\n\n        m_Bitmap.Save(@&quot;D:\\Test.png&quot;, ImageFormat.Png);\n        createAutoHeightImage(myHTML,1);\n\n    }\n\n</code></pre>\n\ncss is not applying for this one and can you help me how can i use external stylesheet  i am very new to this one<br />\n",
    "PostedDate": "2014-04-16T07:25:05.86-07:00",
    "UserRole": null,
    "MarkedAsAnswerDate": null
  },
  {
    "Id": "1234815",
    "ThreadId": "541880",
    "Html": "I'm going to assume you are interested in something like this:<br />\n<pre><code>CssData css = HtmlRenderer.CssData.Parse(&quot;body{font-family:italic;background-color:Yellow;san-serif;font-size:100px;}&quot;, true);\n\nImage m_Bitmap = HtmlRender.RenderToImage(&quot;&lt;html&gt;&lt;body&gt;&lt;div&gt;&lt;div&gt;Hello World, Converting Html To Image!!!&lt;/div&gt;&lt;/div&gt;&lt;/body&gt;&lt;/html&gt;&quot;, Size.Empty, new System.Drawing.Size(500, 500), Color.White, css);\n\nm_Bitmap.Save(@&quot;D:\\Test.png&quot;, ImageFormat.Png);</code></pre>\n\nPlease invest the time in your code:<br />\n<ol>\n<li>You used totally unrelated discussion to ask your question</li>\n<li>Your CSS is invalid, really not related to HTML Renderer project.</li>\n<li>In related previous discussion I pointed to relevant page: <a href=\"https://htmlrenderer.codeplex.com/wikipage?title=Image%20generation\" rel=\"nofollow\">Generate image from HTML markup</a>. If its unclear please let me know how to improve it.</li>\n<li>the sample code you provided contains unused code:</li>\n</ol>\n<pre><code>var img = HtmlRender.RenderToImage(File.ReadAllText(@&quot;D:\\html.txt&quot;), 600);</code></pre>\n\nGood luck,\r<br />\nArthur.<br />\n",
    "PostedDate": "2014-04-16T11:28:57.147-07:00",
    "UserRole": null,
    "MarkedAsAnswerDate": null
  }
]