[
  {
    "Id": "1444802",
    "ThreadId": "645086",
    "Html": "Hi all,\r<br />\n<br />\nI'm trying to use HtmlRenderer with an HTML that uses customized font, but with no success at all when hosted on the IIS7 server.\r<br />\n<br />\nI have several scenarios I would like to share with you guys:\r<br />\n<br />\n<strong>1- The one that works when running from my own computer, from Visual Studio (using some kind of IIS Express host process):</strong>\r<br />\n I simply <strong>installed the font</strong> in computer, then I added the FontFamily to the HtmlRenderer by using <strong>AddFontFamily(new FontFamily(&quot;MyFont&quot;))</strong> . In the html , I defined the font-family property for the class in the style section., and then everything works perfectly fine when I execute locally HtmlRenderer.RenderToImageGdiPlus\r<br />\n<br />\nHowever, <strong>HtmlRenderer throws an exception when I do the same thing on the server</strong> (error related to INVALID PARAMETER). If I remove HtmlRenderer.AddFontFamily  , it stops throwing the exception, but I dont get to use the font anymore.\r<br />\n<br />\n<strong>2- Trying to embed the FONT in the html (base64)</strong>\r<br />\nEmbeding Base64 images in the HTML worked for me, but not for base 64 TTF font. The HTML page is fine and loads the embeded when I rendered in the web browser , but this feature does not seems to be supported by HtmlRenderer. For more info on how to do this, you can check <a href=\"http://blog.patdavid.net/2012/08/embedding-fonts-with-css-and-base64.html\" rel=\"nofollow\">http://blog.patdavid.net/2012/08/embedding-fonts-with-css-and-base64.html</a>\r<br />\n<br />\n<strong>3- Trying to load from font from a local path or web address</strong>\r<br />\nNone of those worked:\r<br />\n@font-family { font-family: MyFont;\r<br />\nsrc: url('file:///C:/fonts/myfont.ttf') format('truetype');\r<br />\nor\r<br />\nsrc: url('<a href=\"http://localhost/Content/fonts/myfont.ttf\" rel=\"nofollow\">http://localhost/Content/fonts/myfont.ttf</a>') format('truetype');\r<br />\nor\r<br />\nsrc: url('<a href=\"http://172.25.4.16/Content/fonts/myfont.ttf\" rel=\"nofollow\">http://172.25.4.16/Content/fonts/myfont.ttf</a>') format('truetype');\r<br />\n<br />\n<br />\nDo you guys know what I could do to make this work?\r<br />\n<br />\n<br />\nThanks and regards\r<br />\nWalter<br />\n",
    "PostedDate": "2015-09-17T09:31:31.123-07:00",
    "UserRole": null,
    "MarkedAsAnswerDate": null
  }
]