[
  {
    "Id": "1134953",
    "ThreadId": "473317",
    "Html": "Could some means of retrieving the selected text be added to HtmlLabel?\r<br />\n<br />\nThere is already code in HtmlContainer that retrieves the selected text to the clipboard. I've made some local changes to expose this in HtmlLabel which unblocks me but it would be good to have something official.<br />\n",
    "PostedDate": "2013-12-12T02:53:05.127-08:00",
    "UserRole": null,
    "MarkedAsAnswerDate": null
  },
  {
    "Id": "1134965",
    "ThreadId": "473317",
    "Html": "Make sence, will do<br />\n",
    "PostedDate": "2013-12-12T03:19:51.163-08:00",
    "UserRole": null,
    "MarkedAsAnswerDate": null
  }
]