[
  {
    "Id": "1284732",
    "ThreadId": "558405",
    "Html": "For my application, it is very important the calculate the the location of each CssBox. \r<br />\n<br />\nI followed the instruction at: \r<br />\n<a href=\"https://htmlrenderer.codeplex.com/discussions/484135\" rel=\"nofollow\">https://htmlrenderer.codeplex.com/discussions/484135</a>\r<br />\n<br />\nI tried to change the internal class to public so that I can call from outside application. \r<br />\n<br />\nHowever, no matter what i did, the location data I got from rectangle is always 0, x=0, y=0, everything =0. Please let me know how do I obtain the Height/Width, X, Y of each CssBox. \r<br />\n<br />\nMy code as below. <br />\n<pre><code>    public void Execute(Webpage page)\n    {\n        HtmlRenderer.HtmlContainer hc = new HtmlRenderer.HtmlContainer();\n        hc.SetHtml(page.Source, null);\n        InsertTag(hc.Root, 0, 0);\n    }\n\n\n    private void InsertTag(CssBox box, int parenttagid, int siblingindex)\n    {\n        string tagname = string.Empty;\n\n        if (box.HtmlTag != null)\n        {\n           tagname= box.HtmlTag.Name;\n         }\n\n        var rect = box.Rectangles;       /// all 0\n        var bounds = box.Bounds;      /// all 0\n        var clientrect = box.ClientRectangle;    /// all 0\n\n        var myownrect = box.GetElementRectangle();  //copy code from HtmlContainer. \n\n        // dosomething here.\n\n        foreach (var item in box.Boxes)\n        {\n            InsertTag(item, parenttagid, 0);\n        }\n    }</code></pre>\n\n",
    "PostedDate": "2014-08-04T08:47:53.633-07:00",
    "UserRole": null,
    "MarkedAsAnswerDate": null
  },
  {
    "Id": "1286488",
    "ThreadId": "558405",
    "Html": "I would strongly recommend not to expose CssBox or to manipulate its internals from outside, it will probably not do what you want.\r<br />\nin your case you didn't call layout so none of the elements are in place.<br />\n",
    "PostedDate": "2014-08-05T05:53:53.11-07:00",
    "UserRole": null,
    "MarkedAsAnswerDate": null
  }
]