[
  {
    "Id": "988824",
    "ThreadId": "430073",
    "Html": "\r\n<p>I downloaded and tried out the new v 1.3 in my project, and it is looking great. Thank you!</p>\r\n<p>I expect I have a few more html hoops to try before my project is complete, but I'm not sure what they are, and everything looks great for now. Everything I'm using is working, no regressions. Nice job, and thanks for the specific fixes.</p>\r\n",
    "PostedDate": "2013-01-18T09:32:07.773-08:00",
    "UserRole": null,
    "MarkedAsAnswerDate": null
  }
]