[
  {
    "Id": "1093880",
    "ThreadId": "457259",
    "Html": "Hello,<br />\n<br />\nI have a problem with a table nested in another table cell:<br />\n<pre><code>&lt;html&gt;\n    &lt;head&gt;\n        &lt;title&gt;Tables&lt;/title&gt;\n        &lt;style type=&quot;text/css&quot;&gt;\n            table td{\n              border-width:1px;\n              border-style:solid;\n              border-color:blue;\n            }       \n        &lt;/style&gt;\n    &lt;/head&gt;\n    &lt;body&gt;\n       &lt;table&gt;\n           &lt;tr&gt;\n               &lt;td&gt;\n                  &lt;table width=&quot;100%&quot;&gt;\n                      &lt;tr&gt;\n                          &lt;td style=&quot;white-space:nowrap;&quot;&gt;Left Inner Cell One&lt;/td&gt;\n                          &lt;td style=&quot;white-space:nowrap;&quot; align=&quot;right&quot;&gt;Right Inner Cell Two&lt;/td&gt;\n                      &lt;/tr&gt;\n                  &lt;/table&gt;\n               &lt;/td&gt;\n           &lt;/tr&gt;\n       &lt;/table&gt;\n    &lt;/body&gt;\n&lt;/html&gt;</code></pre>\n\nThe outer table cell is not wide enough to display the content:<br />\n<img src=\"http://cdn01.trixum.de/upload2/31800/31767/5/553b96edc0a4eeb2b95e7d686c9e47b22.jpg\" alt=\"Image\" /><br />\n<br />\nHow can I solve this issue?<br />\nOlaf<br />\n",
    "PostedDate": "2013-09-18T00:00:33.463-07:00",
    "UserRole": null,
    "MarkedAsAnswerDate": null
  },
  {
    "Id": "1093885",
    "ThreadId": "457259",
    "Html": "...one more table issue: the text in the first cell is truncated:<br />\n<pre><code>&lt;html&gt;\n&lt;body&gt;\n        &lt;div class=&quot;caption&quot;&gt;\n            Table with colspans:&lt;/div&gt;\n        &lt;table&gt;\n            &lt;tr&gt;\n                &lt;td colspan=&quot;2&quot; nowrap&gt;\n                    Cell One Cell One Cell this text is not visible\n                &lt;/td&gt;\n                &lt;td&gt;\n                    Cell Two\n                &lt;/td&gt;\n            &lt;/tr&gt;\n            &lt;tr&gt;\n                &lt;td&gt;\n                    Cell Three\n                &lt;/td&gt;\n                &lt;td&gt;\n                    Cell Four\n                &lt;/td&gt;\n                &lt;td&gt;\n                    Cell Five\n                &lt;/td&gt;\n            &lt;/tr&gt;\n        &lt;/table&gt;\n&lt;/body&gt;\n&lt;/html&gt;\n</code></pre>\n\n",
    "PostedDate": "2013-09-18T00:28:26.72-07:00",
    "UserRole": null,
    "MarkedAsAnswerDate": null
  },
  {
    "Id": "1097549",
    "ThreadId": "457259",
    "Html": "This discussion has been copied to a work item. Click <a href=\"https://htmlrenderer.codeplex.com/workitem/9016\" rel=\"nofollow\">here</a> to go to the work item and continue the discussion.<br />\n",
    "PostedDate": "2013-09-22T00:40:22.247-07:00",
    "UserRole": null,
    "MarkedAsAnswerDate": null
  }
]