[
  {
    "Id": "449840",
    "ThreadId": "214529",
    "Html": "I try to use HTML Panel and it seems that br tags can't be rendered.",
    "PostedDate": "2010-05-31T23:56:48.847-07:00",
    "UserRole": null,
    "MarkedAsAnswerDate": null
  },
  {
    "Id": "700663",
    "ThreadId": "214529",
    "Html": "<p>Go into CssDefaults.cs and change:</p>\r\n<div style=\"color: black; background-color: white;\">\r\n<pre><span style=\"color: #a31515;\">html</span>, <span style=\"color: #a31515;\">address</span>,\r\n        <span style=\"color: #a31515;\">blockquote</span>, \r\n        <span style=\"color: #a31515;\">body</span>, <span style=\"color: #a31515;\">dd</span>, <span style=\"color: #a31515;\">div</span>,\r\n        <span style=\"color: #a31515;\">dl</span>, <span style=\"color: #a31515;\">dt</span>, <span style=\"color: #a31515;\">fieldset</span>, <span style=\"color: #a31515;\">form</span>,\r\n        <span style=\"color: #a31515;\">frame</span>, <span style=\"color: #a31515;\">frameset</span>,\r\n        <span style=\"color: #a31515;\">h1</span>, <span style=\"color: #a31515;\">h2</span>, <span style=\"color: #a31515;\">h3</span>, <span style=\"color: #a31515;\">h4</span>,\r\n        <span style=\"color: #a31515;\">h5</span>, <span style=\"color: #a31515;\">h6</span>, <span style=\"color: #a31515;\">noframes</span>,\r\n        <span style=\"color: #a31515;\">ol</span>, <span style=\"color: #a31515;\">p</span>, <span style=\"color: #a31515;\">ul</span>, <span style=\"color: #a31515;\">center</span>,\r\n        <span style=\"color: #a31515;\">dir</span>, <span style=\"color: #a31515;\">hr</span>, <span style=\"color: #a31515;\">menu</span>, <span style=\"color: #a31515;\">pre   </span>{ <span style=\"color: red;\">display</span>: <span style=\"color: blue;\">block </span>}\r\n</pre>\r\n</div>\r\n<p><span style=\"color: #a31515;\">&nbsp;</span></p>\r\n<p>to:</p>\r\n<div style=\"color: black; background-color: white;\">\r\n<pre><span style=\"color: #a31515;\">html</span>, <span style=\"color: #a31515;\">address</span>,\r\n        <span style=\"color: #a31515;\">blockquote</span>, <span style=\"color: #a31515;\">br</span>,\r\n        <span style=\"color: #a31515;\">body</span>, <span style=\"color: #a31515;\">dd</span>, <span style=\"color: #a31515;\">div</span>,\r\n        <span style=\"color: #a31515;\">dl</span>, <span style=\"color: #a31515;\">dt</span>, <span style=\"color: #a31515;\">fieldset</span>, <span style=\"color: #a31515;\">form</span>,\r\n        <span style=\"color: #a31515;\">frame</span>, <span style=\"color: #a31515;\">frameset</span>,\r\n        <span style=\"color: #a31515;\">h1</span>, <span style=\"color: #a31515;\">h2</span>, <span style=\"color: #a31515;\">h3</span>, <span style=\"color: #a31515;\">h4</span>,\r\n        <span style=\"color: #a31515;\">h5</span>, <span style=\"color: #a31515;\">h6</span>, <span style=\"color: #a31515;\">noframes</span>,\r\n        <span style=\"color: #a31515;\">ol</span>, <span style=\"color: #a31515;\">p</span>, <span style=\"color: #a31515;\">ul</span>, <span style=\"color: #a31515;\">center</span>,\r\n        <span style=\"color: #a31515;\">dir</span>, <span style=\"color: #a31515;\">hr</span>, <span style=\"color: #a31515;\">menu</span>, <span style=\"color: #a31515;\">pre   </span>{ <span style=\"color: red;\">display</span>: <span style=\"color: blue;\">block </span>}\r\n</pre>\r\n</div>\r\n<pre style=\"font-family: Consolas; background: white; color: black; font-size: 13px;\">Also,&nbsp;add the following at line 36 in HtmlTag.cs:</pre>\r\n<pre style=\"font-family: Consolas; background: white; color: black; font-size: 13px;\"><div style=\"color: black; background-color: white;\"><pre><span style=\"color: blue;\">if</span> (_tagName.EndsWith(<span style=\"color: #a31515;\">\"/\"</span>))\r\n{\r\n   _tagName = _tagName.Substring(0, _tagName.Length - 1);\r\n}\r\n</pre>\r\n</div>\r\n&nbsp;</pre>",
    "PostedDate": "2011-11-19T14:13:23.693-08:00",
    "UserRole": null,
    "MarkedAsAnswerDate": null
  },
  {
    "Id": "895514",
    "ThreadId": "214529",
    "Html": "<p>Inserting the</p>\r\n<div style=\"color: black; background-color: white;\">\r\n<pre><span style=\"color: blue;\">if</span> (_tagName.EndsWith(<span style=\"color: #a31515;\">\"/\"</span>))\r\n{\r\n   _tagName = _tagName.Substring(0, _tagName.Length - 1);\r\n}\r\n</pre>\r\n</div>\r\n<p>code fails to take into account tags that have attributes. A better solution would be to change the</p>\r\n<div style=\"color: black; background-color: white;\">\r\n<pre>tag = tag.Substring(1, tag.Length - 2);\r\n</pre>\r\n</div>\r\n<p>code a few lines above to</p>\r\n<div style=\"color: black; background-color: white;\">\r\n<pre>tag = tag.Substring(1, tag.Length - (tag.Length &gt; 2 &amp;&amp; tag[tag.Length - 2] == <span style=\"color: #a31515;\">'/'</span> ? 3 : 2));</pre>\r\n</div>",
    "PostedDate": "2012-08-04T05:32:16.557-07:00",
    "UserRole": null,
    "MarkedAsAnswerDate": null
  },
  {
    "Id": "924819",
    "ThreadId": "214529",
    "Html": "\r\n<p>There is a further issue that I believe the code below remedies. Only the width of the last CssBox separated by '&lt;br&gt;' gets taken into account when figuring the overall width.\r\n<em><strong>CssBox.GetFullWidthWordsWith(CssBox b, ref float sum, ref float paddingsum)</strong></em>&nbsp;does the calculation but forgets the previous width when there are multiple CssBox children. The code below is an attempt to fix it that appears to work\r\n but has not been exhaustively tested. The modifications are the lines dealing with the introduced nullable float &quot;oldSum&quot;.</p>\r\n<div style=\"color:black; background-color:white\">\r\n<pre><span style=\"color:blue\">private</span> <span style=\"color:blue\">void</span> GetFullWidthWordsWith(CssBox b, <span style=\"color:blue\">ref</span> <span style=\"color:blue\">float</span> sum, <span style=\"color:blue\">ref</span> <span style=\"color:blue\">float</span> paddingsum)\n{\n    <span style=\"color:blue\">float</span>? oldSum = <span style=\"color:blue\">null</span>;\n    <span style=\"color:blue\">if</span> (b.Display != CssConstants.Inline)\n    {\n        oldSum = sum;\n        sum = 0;\n    }\n   \n    paddingsum &#43;= b.ActualBorderLeftWidth &#43; b.ActualBorderRightWidth &#43; b.ActualPaddingRight\n                  &#43; b.ActualPaddingLeft;\n  \n    <span style=\"color:blue\">if</span> (b.Words.Count &gt; 0)\n    {\n        sum &#43;= b.Words.Sum(word =&gt; word.FullWidth);\n    }\n    <span style=\"color:blue\">else</span>\n    {\n        <span style=\"color:blue\">foreach</span> (CssBox bb <span style=\"color:blue\">in</span> b.Boxes)\n        {\n            <span style=\"color:blue\">this</span>.GetFullWidthWordsWith(bb, <span style=\"color:blue\">ref</span> sum, <span style=\"color:blue\">ref</span> paddingsum);\n        }\n    }\n  \n    <span style=\"color:blue\">if</span> (oldSum.HasValue)\n    {\n        sum = Math.Max(sum, oldSum.Value);\n    }\n}\n</pre>\r\n</div>\r\n",
    "PostedDate": "2012-10-10T10:20:41.22-07:00",
    "UserRole": null,
    "MarkedAsAnswerDate": null
  },
  {
    "Id": "940974",
    "ThreadId": "214529",
    "Html": "\r\n<p>fixed in 1.1.0.0</p>\r\n",
    "PostedDate": "2012-11-13T06:38:06.55-08:00",
    "UserRole": null,
    "MarkedAsAnswerDate": null
  }
]