[
  {
    "Id": "1133187",
    "ThreadId": "472305",
    "Html": "I love the potential of your solution.  My solution generates the HTML and images on the fly so your api is great.  The problem is that I am getting an index out of range error on pages with lots of images and the images are not the correct size.  I will try to create a good repro for you, but since it is all generated at run time it is more involved.  Let me know if you have any thoughts of where I should start looking.\r<br />\n<br />\nThanks<br />\n",
    "PostedDate": "2013-12-09T09:06:42.693-08:00",
    "UserRole": null,
    "MarkedAsAnswerDate": null
  },
  {
    "Id": "1133200",
    "ThreadId": "472305",
    "Html": "I fixed the index out of range error.  There is a simple bug on line 266 of CssLayoutEngineTable.cs.  Unless I am reading something wrong the line should be:\r<br />\n<br />\n for (int j = 0; j &lt; rows[i].Boxes.Count; j++)\r<br />\nnot\r<br />\nfor (int j = 0; j &lt;= rows[i].Boxes.Count; j++)<br />\n",
    "PostedDate": "2013-12-09T09:23:24.703-08:00",
    "UserRole": null,
    "MarkedAsAnswerDate": null
  },
  {
    "Id": "1133365",
    "ThreadId": "472305",
    "Html": "The issue seems to be that your solution does not grow divs with their content.  My HTML does not specify size at every level.\r<br />\n<br />\n&lt;!DOCTYPE HTML PUBLIC &quot;-//W3C//DTD HTML 4.01 Transitional//EN&quot;&gt;\r<br />\n&lt;html&gt;<br />\n&lt;head&gt;\r\n      &lt;title&gt;action URL&lt;/title&gt;\r\n      &lt;META http-equiv=&quot;Content-Type&quot; content=&quot;text/html; charset=utf-8&quot;/&gt;\r\n      &lt;META http-equiv=&quot;Content-Style-Type&quot; content=&quot;text/css&quot;/&gt;\r\n      &lt;META http-equiv=&quot;Content-Script-Type&quot; content=&quot;text/javascript&quot;/&gt;\r\n      &lt;META http-equiv=&quot;X-UA-Compatible&quot; content=&quot;IE=5&quot;/&gt;\r\n      &lt;META HTTP-EQUIV=&quot;Location&quot; CONTENT=&quot;http://demo.forerunnersw.com/ReportServer?%2FNorthwind%20Test%20Reports%2Faction%20URL&quot;/&gt;\r\n      &lt;META HTTP-EQUIV=&quot;Uri&quot; CONTENT=&quot;http://demo.forerunnersw.com/ReportServer?%2FNorthwind%20Test%20Reports%2Faction%20URL&quot;/&gt;\r\n      &lt;META HTTP-EQUIV=&quot;Last-Modified&quot; CONTENT=&quot;12/10/2013 00:48:40&quot;&gt;\r\n      &lt;META NAME=&quot;Generator&quot; CONTENT=&quot;Microsoft Report 8.0 &quot;/&gt;\r\n      &lt;META NAME=&quot;Originator&quot; CONTENT=&quot;Microsoft Report 8.0 &quot;/&gt;\r\n      &lt;style type=&quot;text/css&quot;&gt;.ap{background-color:Transparent;border:1pt none Black;}.a16xB{border:1pt none Black;background-color:Transparent;}.a4{word-wrap:break-word;white-space:pre-wrap;padding-left:2pt;padding-top:2pt;padding-right:2pt;padding-bottom:2pt;border:1pt none Black;background-color:Transparent;font-style:normal;font-family:Arial;font-size:10pt;font-weight:400;text-decoration:none;unicode-bidi:normal;color:Black;direction:ltr;layout-flow:horizontal;writing-mode:lr-tb;vertical-align:top;text-align:left;}.a9{border:1pt solid #d3d3d3;background-color:White;}.a14{border:1pt solid #d3d3d3;background-color:White;}.r1{HEIGHT:100%;WIDTH:100%}.r2{HEIGHT:100%;WIDTH:100%;overflow:hidden}.r3{HEIGHT:100%}.r4{border-style:none}.r5{border-left-style:none}.r6{border-right-style:none}.r7{border-top-style:none}.r8{border-bottom-style:none}.r10{border-collapse:collapse}.r9{border-collapse:collapse;table-layout:fixed}.r11{WIDTH:100%;overflow-x:hidden}.r12{position:absolute;display:none;background-color:white;border:1px solid black;}.r13{text-decoration:none;color:black;cursor:pointer;}.r14{font-size:0pt}.r15{direction:RTL;unicode-bidi:embed}.r16{margin-top:0pt;margin-bottom:0pt}.r17{HEIGHT:100%;WIDTH:100%;display:inline-table}.r18{HEIGHT:100%;display:inline-table} * { -webkit-box-sizing: border-box; box-sizing: border-box }&lt;/style&gt;\r\n   &lt;/head&gt;\r\n&lt;body style=&quot;BORDER: 0px; MARGIN: 0px; PADDING: 0px&quot;&gt;<br />\n<pre><code>  &lt;DIV dir=&quot;LTR&quot; style=&quot;direction:ltr&quot; ID=&quot;oReportDiv&quot;&gt;\n     &lt;DIV style=&quot;WIDTH:100%;&quot; class=&quot;ap&quot;&gt;\n        &lt;TABLE CELLSPACING=&quot;0&quot; CELLPADDING=&quot;0&quot;&gt;\n           &lt;TR&gt;\n              &lt;TD ID=&quot;oReportCell&quot;&gt;\n                 &lt;TABLE CELLSPACING=&quot;0&quot; CELLPADDING=&quot;0&quot; BORDER=&quot;0&quot; class=&quot;a16xB&quot;&gt;\n                    &lt;TR&gt;\n                       &lt;TD style=&quot;vertical-align:top&quot;&gt;\n                          &lt;TABLE CELLSPACING=&quot;0&quot; CELLPADDING=&quot;0&quot; BORDER=&quot;0&quot; COLS=&quot;6&quot; LANG=&quot;en-US&quot; class=&quot;r10&quot; style=&quot;WIDTH:175.1543mm&quot;&gt;\n                             &lt;TR&gt;\n                                &lt;TD style=&quot;HEIGHT:9.49mm;WIDTH:0.00mm&quot;&gt;&lt;/TD&gt;\n                                &lt;TD style=&quot;WIDTH:6.05mm;min-width: 6.05mm;&quot;&gt;&lt;/TD&gt;\n                                &lt;TD style=&quot;WIDTH:147.37mm;min-width: 147.37mm;&quot;&gt;&lt;/TD&gt;\n                                &lt;TD style=&quot;WIDTH:9.00mm;min-width: 9.00mm;&quot;&gt;&lt;/TD&gt;\n                                &lt;TD style=&quot;WIDTH:8.20mm;min-width: 8.20mm;&quot;&gt;&lt;/TD&gt;\n                                &lt;TD style=&quot;WIDTH:4.53mm;min-width: 4.53mm;&quot;&gt;&lt;/TD&gt;\n                             &lt;/TR&gt;\n                             &lt;TR VALIGN=&quot;top&quot;&gt;\n                                &lt;TD style=&quot;HEIGHT:6.35mm;WIDTH:0.00mm&quot;&gt;&lt;/TD&gt;\n                                &lt;TD&gt;&lt;/TD&gt;\n                                &lt;TD&gt;\n                                   &lt;TABLE CELLSPACING=&quot;0&quot; CELLPADDING=&quot;0&quot; LANG=&quot;en-US&quot; style=&quot;&quot;&gt;\n                                      &lt;TR&gt;\n                                         &lt;TD style=&quot;WIDTH:147.37mm;min-width: 145.96mm;HEIGHT:6.35mm;&quot; class=&quot;a4&quot;&gt;\n                                            &lt;DIV style=&quot;WIDTH:145.96mm;&quot;&gt;Action go to URL&lt;/DIV&gt;\n                                         &lt;/TD&gt;\n                                      &lt;/TR&gt;\n                                   &lt;/TABLE&gt;\n                                &lt;/TD&gt;\n                                &lt;TD ROWSPAN=&quot;2&quot; COLSPAN=&quot;3&quot;&gt;&lt;/TD&gt;\n                             &lt;/TR&gt;\n                             &lt;TR&gt;\n                                &lt;TD style=&quot;HEIGHT:6.09mm;WIDTH:0.00mm&quot;&gt;&lt;/TD&gt;\n                                &lt;TD COLSPAN=&quot;2&quot;&gt;&lt;/TD&gt;\n                             &lt;/TR&gt;\n                             &lt;TR VALIGN=&quot;top&quot;&gt;\n                                &lt;TD style=&quot;HEIGHT:89.16mm;WIDTH:0.00mm&quot;&gt;&lt;/TD&gt;\n                                &lt;TD&gt;&lt;/TD&gt;\n                                &lt;TD COLSPAN=&quot;2&quot;&gt;\n                                   &lt;DIV&gt;\n                                      &lt;IMG BORDER=&quot;0&quot; style=&quot;HEIGHT:89.16mm;WIDTH:156.37mm;min-width: 156.37mm;&quot; class=&quot;a9&quot; SRC=&quot;http://demo.forerunnersw.com/ReportServer?%2FNorthwind%20Test%20Reports%2Faction%20URL&amp;rs%3ASessionID=tg54tn45wcrea0innb0l1n55&amp;rs%3AFormat=HTML4.0&amp;rs%3AImageID=C_7iT0_1&quot;/&gt;\n                                   &lt;/DIV&gt;\n                                &lt;/TD&gt;\n                                &lt;TD ROWSPAN=&quot;2&quot; COLSPAN=&quot;2&quot;&gt;&lt;/TD&gt;\n                             &lt;/TR&gt;\n                             &lt;TR&gt;\n                                &lt;TD style=&quot;HEIGHT:7.94mm;WIDTH:0.00mm&quot;&gt;&lt;/TD&gt;\n                                &lt;TD COLSPAN=&quot;3&quot;&gt;&lt;/TD&gt;\n                             &lt;/TR&gt;\n                             &lt;TR VALIGN=&quot;top&quot;&gt;\n                                &lt;TD style=&quot;HEIGHT:53.71mm;WIDTH:0.00mm&quot;&gt;&lt;/TD&gt;\n                                &lt;TD&gt;&lt;/TD&gt;\n                                &lt;TD COLSPAN=&quot;3&quot;&gt;\n                                   &lt;DIV&gt;\n                                      &lt;IMG BORDER=&quot;0&quot; style=&quot;HEIGHT:53.71mm;WIDTH:164.57mm;min-width: 164.57mm;&quot; class=&quot;a14&quot; SRC=&quot;http://demo.forerunnersw.com/ReportServer?%2FNorthwind%20Test%20Reports%2Faction%20URL&amp;rs%3ASessionID=tg54tn45wcrea0innb0l1n55&amp;rs%3AFormat=HTML4.0&amp;rs%3AImageID=C_16iT1_1&quot;/&gt;\n\n                                   &lt;/DIV&gt;\n                                &lt;/TD&gt;\n                                &lt;TD&gt;&lt;/TD&gt;\n                             &lt;/TR&gt;\n                          &lt;/TABLE&gt;\n                       &lt;/TD&gt;\n                    &lt;/TR&gt;\n                 &lt;/TABLE&gt;\n              &lt;/TD&gt;\n              &lt;TD WIDTH=&quot;100%&quot; HEIGHT=&quot;0&quot;&gt;&lt;/TD&gt;\n           &lt;/TR&gt;\n           &lt;TR&gt;\n              &lt;TD WIDTH=&quot;0&quot; HEIGHT=&quot;100%&quot;&gt;&lt;/TD&gt;\n           &lt;/TR&gt;\n        &lt;/TABLE&gt;\n     &lt;/DIV&gt;\n  &lt;/DIV&gt;\n  &lt;div style=&quot;page-break-after:always&quot;&gt;\n     &lt;hr/&gt;\n  &lt;/div&gt;\n  &lt;DIV dir=&quot;LTR&quot; style=&quot;WIDTH:100%;direction:ltr&quot;&gt;\n     &lt;DIV style=&quot;WIDTH:100%;&quot; class=&quot;ap&quot;&gt;\n        &lt;TABLE CELLSPACING=&quot;0&quot; CELLPADDING=&quot;0&quot;&gt;\n           &lt;TR&gt;\n              &lt;TD&gt;\n                 &lt;TABLE CELLSPACING=&quot;0&quot; CELLPADDING=&quot;0&quot; BORDER=&quot;0&quot; style=&quot;WIDTH:175.15mm;min-width: 175.15mm;HEIGHT:3.41mm;&quot; class=&quot;a16xB&quot;&gt;\n                    &lt;TR&gt;\n                       &lt;TD style=&quot;HEIGHT:3.41mm;WIDTH:175.15mm;min-width: 175.15mm;font-size:1pt&quot;&gt;&amp;nbsp;&lt;/TD&gt;\n                    &lt;/TR&gt;\n                 &lt;/TABLE&gt;\n              &lt;/TD&gt;\n              &lt;TD WIDTH=&quot;100%&quot; HEIGHT=&quot;0&quot;&gt;&lt;/TD&gt;\n           &lt;/TR&gt;\n           &lt;TR&gt;\n              &lt;TD WIDTH=&quot;0&quot; HEIGHT=&quot;100%&quot;&gt;&lt;/TD&gt;\n           &lt;/TR&gt;\n        &lt;/TABLE&gt;\n     &lt;/DIV&gt;\n  &lt;/DIV&gt;</code></pre>\n\n&lt;/body&gt;\r<br />\n&lt;/html&gt;<br />\n",
    "PostedDate": "2013-12-09T17:23:48.177-08:00",
    "UserRole": null,
    "MarkedAsAnswerDate": null
  },
  {
    "Id": "1134309",
    "ThreadId": "472305",
    "Html": "thx for finding the index out of range bug, I will add it to the next minor release.\r<br />\n<br />\nyour html does specify size in each and every element, sometimes even twice :)\r<br />\nit also uses a lot of table layout that HtmlRenderer doesn't handle well right now, I'm working to fix all the different layouts seen in your example.<br />\n",
    "PostedDate": "2013-12-11T08:07:31.16-08:00",
    "UserRole": null,
    "MarkedAsAnswerDate": null
  },
  {
    "Id": "1134429",
    "ThreadId": "472305",
    "Html": "Thank you.  I have found several other issues you may want to look as I was trying to get this to work.\r<br />\n<br />\nDetailed below:\r<br />\nCSSLayEngine line 268:\r<br />\nImages appear to have words and are not handled correctly.  I added a check FlowBox if an image.\r<br />\n<br />\nIn general this code does not handle other measurement units very well.  I made a couple of changes more are necessary.  I think it is good to normalize on pixels as you have started to do. \r<br />\n<br />\nIn CSSLengeth I added, this would need to be completed for other units\r<br />\npublic int GetLengthInPX()<br />\n<pre><code>    {\n        switch (_unit)\n        {\n            case CssUnit.Milimeters:\n                return (int)(_number*3.78f);\n        }\n        return 0;\n    }\n</code></pre>\n\nThis is used in CssLayoutEngineTable on line354:\r<br />\nIf it is not a percentage use the normalized pixel size.  This type of change probably needs to be applied in other areas.\r<br />\n<br />\nCssValueParser I modified IsValidLength to handle non int as needed for other units:\r<br />\nline 47 and 48:\r<br />\nfloat stub;\r<br />\nreturn float.TryParse(number, out stub);\r<br />\n<br />\nalso modified line 152  mm to pixel is 3.78 factor\r<br />\nfactor = 3.78f; //3.78 pixels per millimeter<br />\n",
    "PostedDate": "2013-12-11T10:51:04.967-08:00",
    "UserRole": null,
    "MarkedAsAnswerDate": null
  }
]