[
  {
    "Id": "1023030",
    "ThreadId": "438473",
    "Html": "Hi there,<br />\n<br />\nIs there a control-specific way to change the selected fore color and back color?   Something I'm overlooking perhaps?<br />\n<br />\nFor example, all of my custom controls I've written for my app have SelectedForeColor and SelectedBackColor properties so that the app will  use these colors for selected text instead of the system-defined colors.  If these properties are set to Color.Empty, then my controls use the system defined colors.  Otherwise they use the colors defined by the control.<br />\n<br />\nIf there isn't a way to do this today in HtmlRenderer controls, then I can will gladly add the SelectedForeColor and SelectedBackColor properties to the controls for the future and alter the rendering code to use them.  I just wanted to make sure you were OK with adding this to the controls going forward so that I won't have to keep merging the changes.<br />\n<br />\nOr if you already have this capability, please point it out to me.  Perhaps I can control it with CSS for example?<br />\n<br />\nEDIT: there is a way to do this in CSS but it isn't supported in IE, and apparently not HtmlRenderer either.  It uses either the ::selection style or ::-moz-selection style depending on browser:<br />\n<br />\n<a href=\"http://stackoverflow.com/questions/2990566/selected-text-background-color\" rel=\"nofollow\">http://stackoverflow.com/questions/2990566/selected-text-background-color</a><br />\n<br />\nHowever, since there is no single standard, I recommend just using the SelectedForeColor and SeletedBackColor styles.  Firefox uses one syntax (::-moz-selection), Safari/Chrome/Opera use yet another syntax (::selection), and IE doesn't support it at all.  Instead, since it's a globally applied style anyway, I think it's best to just use properties.<br />\n<br />\nIf you wanted to do it through CSS, then I recommend using ::selection, as it is supported by more browsers.  However, I'm not sure I'd e comfortable making that level of change to the source.  At least not until I had a chance to look at it and how styles are parsed.  Adding the properties should be cake.<br />\n<br />\nPlease let me know what you think...<br />\n<br />\nThanks,<br />\nRyan<br />\n",
    "PostedDate": "2013-03-29T13:33:18.21-07:00",
    "UserRole": null,
    "MarkedAsAnswerDate": null
  },
  {
    "Id": "1023267",
    "ThreadId": "438473",
    "Html": "For now I just overwrote the selected back color const in CssUtils in my copy of the code.  It would be nice in the future if the ::selection style property was present in the CSS that it would be properly evaluated and would affect the rendering of selection fore and back colors.\r<br />\n<br />\nThanks,\r<br />\nRyan<br />\n",
    "PostedDate": "2013-03-30T10:04:47.553-07:00",
    "UserRole": null,
    "MarkedAsAnswerDate": null
  },
  {
    "Id": "1033550",
    "ThreadId": "438473",
    "Html": "Next version will support ::selection style (in about a week)<br />\n",
    "PostedDate": "2013-04-21T06:00:40.407-07:00",
    "UserRole": null,
    "MarkedAsAnswerDate": null
  },
  {
    "Id": "1109527",
    "ThreadId": "438473",
    "Html": "Hi Arthur, did this ever get added?\r<br />\n<br />\nAlso, I found an issue related to color selection.\r<br />\n<br />\nIf you select text, it will select whole-word visually.  That's good.\r<br />\n<br />\nHowever, if you then click Ctrl+C, it only copies where you had your caret hovered to, not the entire word.<br />\n",
    "PostedDate": "2013-10-19T11:03:30.323-07:00",
    "UserRole": null,
    "MarkedAsAnswerDate": null
  },
  {
    "Id": "1109702",
    "ThreadId": "438473",
    "Html": "Yes, you can see it in &quot;Text&quot; sample in the demo app.\r<br />\n<br />\nI can't reproduce the text selection issue.<br />\n",
    "PostedDate": "2013-10-20T08:40:53.327-07:00",
    "UserRole": null,
    "MarkedAsAnswerDate": null
  }
]