[
  {
    "Id": "1459381",
    "ThreadId": "650082",
    "Html": "Hi, is there any way to ensure a page break doesnt happen for html content within certain tags, when using PdfGenerator.GeneratePdf? For example: <br />\n&lt;div&gt;<br />\n&lt;p&gt;Text&lt;/p&gt;\n&lt;p&gt;Text 2&lt;/p&gt;\n&lt;div&gt;<br />\n<br />\nI'd like to ensure that everything within div appears on the same page (unless it exceeds the length of a page).<br />\nThanks<br />\n",
    "PostedDate": "2016-01-15T02:07:41.207-08:00",
    "UserRole": null,
    "MarkedAsAnswerDate": null
  }
]