[
  {
    "Id": "1289742",
    "ThreadId": "561073",
    "Html": "Does HTML Renderer support MathML?\r<br />\n<br />\nI tried some sample MathML and it did not render properly.  It rendered as if the MathML tags weren't understood.  I assume this means that MathML isn't supported, but I'm holding out hope that there's some configuration I'm missing.<br />\n",
    "PostedDate": "2014-08-13T09:56:43.167-07:00",
    "UserRole": null,
    "MarkedAsAnswerDate": null
  },
  {
    "Id": "1290515",
    "ThreadId": "561073",
    "Html": "Nope, sorry, it's outside the scope of this library.<br />\n",
    "PostedDate": "2014-08-15T09:49:32.083-07:00",
    "UserRole": null,
    "MarkedAsAnswerDate": null
  }
]