[
  {
    "Id": "1219132",
    "ThreadId": "537947",
    "Html": "I notice that whitespace:pre is supported but not pre-wrap. Which means I can have a pre block which preserves whitespaces but doesn't wrap at the control edge.\r<br />\n<br />\nHow easy would pre-wrap support be? As it stands, I'll have to work around the problem by inserting &nbsp; at strategic points which defeats the purpose.<br />\n",
    "PostedDate": "2014-03-04T11:01:47.42-08:00",
    "UserRole": null,
    "MarkedAsAnswerDate": null
  },
  {
    "Id": "1219878",
    "ThreadId": "537947",
    "Html": "Should not be hard, if so I will add it in the coming release this weekend.<br />\n",
    "PostedDate": "2014-03-06T06:48:13.51-08:00",
    "UserRole": null,
    "MarkedAsAnswerDate": null
  },
  {
    "Id": "1220315",
    "ThreadId": "537947",
    "Html": "done: 1.4.13.0<br />\n",
    "PostedDate": "2014-03-07T07:02:39.733-08:00",
    "UserRole": null,
    "MarkedAsAnswerDate": "2014-03-07T07:02:43.54-08:00"
  },
  {
    "Id": "1220409",
    "ThreadId": "537947",
    "Html": "Works great. Thanks for this!<br />\n",
    "PostedDate": "2014-03-07T11:08:44.293-08:00",
    "UserRole": null,
    "MarkedAsAnswerDate": null
  }
]