[
  {
    "Id": "1428841",
    "ThreadId": "639205",
    "Html": "Good afternoon, I will discuss my situation ...<br />\n<br />\nI use HtmlRenderer and PDFsharp to generate pdf from my application. Specifically use versions:<br />\nHtmlRenderer v1.5.0.6<br />\nPDFsharp v.1.50.3638.0<br />\n<br />\nMy problem is that in trying to generate the pdf document with the method:<br />\nPdfDocument pdf = PdfGenerator.GeneratePdf (htmlCode, PageSize.Letter); the error occurs:<br />\n<br />\nAn exception occurred in the type initializer 'TheArtOfDev.HtmlRenderer.PdfSharp.Adapters.GraphicsAdapter'.<br />\n<br />\nThe strange thing is that with previous versions of HtmlRenderer v.1.5.0.5 and PDFsharp v. 1.32.3057.0 worked perfectly.<br />\n<br />\nMy code is:<br />\npublic byte[] GenerarPDFfromHTML(string htmlCode)<br />\n<pre><code>    {\n        MemoryStream msBody = new MemoryStream();\n        PdfDocument pdf = PdfGenerator.GeneratePdf(htmlCode, PageSize.Letter);\n        pdf.Save(msBody, false);\n        return msCuerpo.ToArray();\n    }\n</code></pre>\n\nI will appreciate your help.<br />\n",
    "PostedDate": "2015-06-04T12:23:17.69-07:00",
    "UserRole": null,
    "MarkedAsAnswerDate": null
  }
]