[
  {
    "Id": "1102462",
    "ThreadId": "460857",
    "Html": "Hi,\r<br />\nthere are several boxes and table cells which have a slightly too long solid border (at most 1px).\r<br />\nThat extra 1px also depends on the size of the box.\r<br />\n<br />\nAs there is at most this 1px I guess it's the result of a rounding issue.\r<br />\n<br />\nIf you look close enough you can see that effect in the &quot;Images&quot; demo<br />\n",
    "PostedDate": "2013-10-01T13:53:54.007-07:00",
    "UserRole": null,
    "MarkedAsAnswerDate": null
  },
  {
    "Id": "1103931",
    "ThreadId": "460857",
    "Html": "This discussion has been copied to a work item. Click <a href=\"https://htmlrenderer.codeplex.com/workitem/9019\" rel=\"nofollow\">here</a> to go to the work item and continue the discussion.<br />\n",
    "PostedDate": "2013-10-05T02:41:12.053-07:00",
    "UserRole": null,
    "MarkedAsAnswerDate": null
  }
]