[
  {
    "Id": "1063263",
    "ThreadId": "448736",
    "Html": "According to w3c this should center an image:\r<br />\n<br />\nimg.center { display: block; margin-left: auto; margin-right: auto; }\r<br />\n<br />\nIn HTML Renderer, it instead floats the image underneath the other DIVs.\r<br />\n<br />\nAny pointers to where I should look to fix this?\r<br />\nThanks!\r<br />\n-Dan<br />\n",
    "PostedDate": "2013-07-01T10:50:54.163-07:00",
    "UserRole": null,
    "MarkedAsAnswerDate": null
  },
  {
    "Id": "1063273",
    "ThreadId": "448736",
    "Html": "Interesting.  Here's some sample HTML/CSS.  If I remove (or move the property to the IMG tag) the width: 120px; attribute it works as desired.  Should that be happening?  Also, need to view source of the image to get full HTML, sorry - CodePlex is mangling the output...<br />\n<br />\n<strong>Code Example Non-Desired Effect:</strong><br />\n&lt;!DOCTYPE html PUBLIC &quot;-//W3C//DTD XHTML 1.0 Transitional//EN&quot; &quot;<a href=\"http://www.w3.org/TR/xhtml1/DTD/xhtml1-transitional.dtd&quot;&gt;&lt;html\" rel=\"nofollow\">http://www.w3.org/TR/xhtml1/DTD/xhtml1-transitional.dtd\"><html</a> xmlns=&quot;<a href=\"http://www.w3.org/1999/xhtml\" rel=\"nofollow\">http://www.w3.org/1999/xhtml</a>&quot;&gt;<br />\n&lt;head&gt;\n    &lt;title&gt;&lt;/title&gt;\n    &lt;style type=&quot;text/css&quot;&gt;.product4T {\n    background: none;\n    border: none;\n    font-family: 'Trebuchet MS', 'Lucida Grande', 'Lucida Sans Unicode', 'Lucida Sans', Tahoma, sans-serif;\n    font-size: 12px;\n    font-weight: 100;\n    margin:0px;  \n    padding: 0px; \n    text-align:center;\n    width: auto;\n}\n\n    .product4T .productImage {\n        border: none;\n        height: 100px;\n        margin-top: 2px;\n        padding: 0px; \n        width: 120px;\n    }\n\n    .product4T .productImageImg {\n        max-height: 100%;\n        max-width: 100%;\n    }\n&lt;/style&gt;\n&lt;/head&gt;\n&lt;body style=&quot;Margin:0&quot;&gt;<br />\n&lt;div class=&quot;product4T&quot;&gt;\n&lt;div class=&quot;productTitle&quot;&gt;1 Slightly used logo&lt;/div&gt;\n&lt;div class=&quot;productImage&quot;&gt;&lt;img class=&quot;productImageImg&quot; src=&quot;https://www.google.com/images/srpr/logo1w.png&quot; alt=&quot;Product Image&quot; /&gt;&lt;/div&gt;\n&lt;/div&gt;\n&lt;/body&gt;<br />\n&lt;/html&gt;<br />\n<br />\n<strong>Code Example Desired Effect:</strong><br />\n&lt;!DOCTYPE html PUBLIC &quot;-//W3C//DTD XHTML 1.0 Transitional//EN&quot; &quot;<a href=\"http://www.w3.org/TR/xhtml1/DTD/xhtml1-transitional.dtd&quot;&gt;&lt;html\" rel=\"nofollow\">http://www.w3.org/TR/xhtml1/DTD/xhtml1-transitional.dtd\"><html</a> xmlns=&quot;<a href=\"http://www.w3.org/1999/xhtml\" rel=\"nofollow\">http://www.w3.org/1999/xhtml</a>&quot;&gt;<br />\n&lt;head&gt;\n    &lt;title&gt;&lt;/title&gt;\n    &lt;style type=&quot;text/css&quot;&gt;.product4T {\n    background: none;\n    border: none;\n    font-family: 'Trebuchet MS', 'Lucida Grande', 'Lucida Sans Unicode', 'Lucida Sans', Tahoma, sans-serif;\n    font-size: 12px;\n    font-weight: 100;\n    margin:0px;  \n    padding: 0px; \n    text-align:center;\n    width: auto;\n}\n\n    .product4T .productImage {\n        border: none;\n        height: 100px;\n        margin-top: 2px;\n        padding: 0px; \n        \n    }\n\n    .product4T .productImageImg {\n        max-height: 100%;\n        max-width: 100%;\nwidth: 120px;\n    }\n\n   \n&lt;/style&gt;\n&lt;/head&gt;\n&lt;body style=&quot;Margin:0&quot;&gt;<br />\n&lt;div class=&quot;product4T&quot;&gt;\n&lt;div class=&quot;productTitle&quot;&gt;1 Slightly used logo&lt;/div&gt;\n&lt;div class=&quot;productImage&quot;&gt;&lt;img class=&quot;productImageImg&quot; src=&quot;https://www.google.com/images/srpr/logo1w.png&quot; alt=&quot;Product Image&quot; /&gt;&lt;/div&gt;\n&lt;/div&gt;\n&lt;/body&gt;<br />\n&lt;/html&gt;<br />\n",
    "PostedDate": "2013-07-01T11:15:15.67-07:00",
    "UserRole": null,
    "MarkedAsAnswerDate": null
  },
  {
    "Id": "1064441",
    "ThreadId": "448736",
    "Html": "Regarding image center there is currently bug setting display: block on the image, also &quot;margin-left: auto; margin-right: auto;&quot; doesn't seems to work in IE and Chrome so I'm not sure how it should work.\r<br />\nThe simplest way to achieve what you want is:<br />\n&lt;div style=&quot;text-align:center;&quot;&gt;\r\n    &lt;img class=&quot;center&quot; src=&quot;https://www.google.com/images/srpr/logo1w.png&quot; alt=&quot;Product Image&quot; /&gt;\r\n&lt;/div&gt;\r\nRegarding the &quot;width: 120px;&quot; issue, this is a bug, though this seems to work only in IE.. not sure why is that, need to check it.<br />\n",
    "PostedDate": "2013-07-04T02:05:23.93-07:00",
    "UserRole": null,
    "MarkedAsAnswerDate": null
  }
]