[
  {
    "Id": "1479998",
    "ThreadId": "656745",
    "Html": "Hi, <br />\nI'm using HtmlRenderer.PDFSharp to render to pdf file but how do I embed the fonts into the pdf?<br />\nI'm testing using the 02.Text.htm file. <br />\nThe sample WinForm app works fine but when I code it myself, some characters became rectangles. <br />\n<br />\nI also tried a file with Simplified Chinese and it all came out rectangles.<br />\n<br />\nAny ideas?<br />\nThanks.<br />\n",
    "PostedDate": "2016-07-27T20:32:35.153-07:00",
    "UserRole": null,
    "MarkedAsAnswerDate": null
  }
]