[
  {
    "Id": "1211274",
    "ThreadId": "533166",
    "Html": "I know that HTML Renderer supports generation of raster images only. \r<br />\n<br />\nHowever is there any way to convert HTML to PDF using HTML Renderer?<br />\n",
    "PostedDate": "2014-02-20T09:53:52.57-08:00",
    "UserRole": null,
    "MarkedAsAnswerDate": null
  },
  {
    "Id": "1211401",
    "ThreadId": "533166",
    "Html": "It is currently work in progress for 1.5 using PdfSharp project.<br />\n",
    "PostedDate": "2014-02-20T13:38:46.877-08:00",
    "UserRole": null,
    "MarkedAsAnswerDate": "2014-03-10T07:06:19.197-07:00"
  }
]