[
  {
    "Id": "1331789",
    "ThreadId": "574913",
    "Html": "Hello,\r<br />\nif i install the newest nuget version of html rendere for winforms (1.5.0.5) and set the input to:<br />\n<pre><code>&lt;p&gt;test&lt;/p&gt;\n&lt;p&gt;blubber&lt;/p&gt;</code></pre>\n\nand the target is any cpu or 64bit (VS 2013 Winforms application) the rendere output looks like:\r<br />\n<img src=\"http://fs1.directupload.net/images/141214/yqw455qb.png\" alt=\"Image\" />\r<br />\nAll the output text is overlapped in one line.\r<br />\nI think your commit &quot;use CharSet = CharSet.Unicode for all text pInvoke functions&quot; will resolve the problem. but there is no nuget package with this changes.\r<br />\n<br />\nCan you please upload an updated package for this issue.\r<br />\nThank you.<br />\n",
    "PostedDate": "2014-12-14T08:32:52.29-08:00",
    "UserRole": null,
    "MarkedAsAnswerDate": null
  }
]