[
  {
    "Id": "1303559",
    "ThreadId": "567106",
    "Html": "Could we have a method that clears any existing selection? From looking at the code, this might be quite easy as you already have a private ClearSelection in SelectionHandler.cs.\r<br />\n<br />\nThe reason I'm asking is that when I have multiple HTMLRenderer controls and the user selects in one then clicks in another, I want to remove any existing selection to avoid confusion in the UI.\r<br />\n<br />\nThanks!<br />\n",
    "PostedDate": "2014-09-11T04:06:20.15-07:00",
    "UserRole": null,
    "MarkedAsAnswerDate": null
  },
  {
    "Id": "1303614",
    "ThreadId": "567106",
    "Html": "will do<br />\n",
    "PostedDate": "2014-09-11T06:16:08.61-07:00",
    "UserRole": null,
    "MarkedAsAnswerDate": null
  },
  {
    "Id": "1304817",
    "ThreadId": "567106",
    "Html": "Excellent - I see it now. I really appreciate how proactive you are being with little issues like this. :-) Thanks again!<br />\n",
    "PostedDate": "2014-09-15T07:00:06.847-07:00",
    "UserRole": null,
    "MarkedAsAnswerDate": null
  },
  {
    "Id": "1305076",
    "ThreadId": "567106",
    "Html": "my pleasure :)<br />\n",
    "PostedDate": "2014-09-16T00:44:41.357-07:00",
    "UserRole": null,
    "MarkedAsAnswerDate": null
  }
]