[
  {
    "Id": "1091014",
    "ThreadId": "456475",
    "Html": "When I set &quot;text-align: justify&quot; for a paragraph, background colors for nested items is ignored:\r<br />\n<br />\nCSS<br />\n<pre><code>p \n{ \n  text-align: justify;\n}\n\n#back\n{\n  color: #fff;\n  background-color: #f00;\n}\n</code></pre>\n\nHTML<br />\n<pre><code>&lt;p&gt;Lorem ipsum dolor sit amet, &lt;span id=&quot;back&quot;&gt;consectetur&lt;/span&gt; adipisicing\nelit, sed do eiusmod tempor incididunt ut labore et dolore magna aliqua.</code></pre>\n\nIn the above example &quot;consectetur&quot; appears in white (color: #fff) but background is ignored. Removing the &quot;text-align: justify&quot; from the parent paragraph results in the background being rendered correctly.<br />\n",
    "PostedDate": "2013-09-11T00:23:09.57-07:00",
    "UserRole": null,
    "MarkedAsAnswerDate": null
  },
  {
    "Id": "1091112",
    "ThreadId": "456475",
    "Html": "Will be fixed soon<br />\n",
    "PostedDate": "2013-09-11T05:14:34.473-07:00",
    "UserRole": null,
    "MarkedAsAnswerDate": null
  }
]