[
  {
    "Id": "1304503",
    "ThreadId": "567379",
    "Html": "Hello,\r<br />\n<br />\nfirst, thanks for this awesome project.\r<br />\n<br />\nI am having a little problem with centering tables. Here is an example of an HTML document that I'd like to render:<br />\n<pre><code>&lt;!DOCTYPE html PUBLIC &quot;-//W3C//DTD HTML 4.01 Transitional//EN&quot;&gt;\n&lt;html&gt;\n&lt;head&gt;\n&lt;title&gt;Centered table&lt;/title&gt;\n&lt;style type=&quot;text/css&quot;&gt;\nbody { font: 12px tahoma,12px helvetica,12px arial,12px verdana; }\ntable { border-collapse: collapse; }\nth { border: 1px solid black; text-align: center; vertical-align: middle; }\ntd { border: 1px solid black; text-align: left; vertical-align: middle; }\ntr { border: 1px solid black; text-align: left; vertical-align: middle; }\n&lt;/style&gt;\n&lt;/head&gt;\n&lt;body&gt;\n&lt;div align=&quot;center&quot;&gt;\n&lt;table border=&quot;0&quot; cellpadding=&quot;2&quot; cellspacing=&quot;0&quot;&gt;\n&lt;tbody&gt;\n&lt;tr&gt;&lt;td colspan=&quot;2&quot;&gt;&lt;b&gt;Field 1&lt;/b&gt;&lt;/td&gt;&lt;/tr&gt;\n&lt;tr&gt;&lt;td&gt;&amp;#160;&amp;#160;&amp;#160;&amp;#160;Sub field 1&lt;/td&gt;&lt;td&gt;Value&lt;/td&gt;&lt;/tr&gt;\n&lt;tr&gt;&lt;td&gt;&amp;#160;&amp;#160;&amp;#160;&amp;#160;Sub field 2&lt;/td&gt;&lt;td&gt;Value&lt;/td&gt;&lt;/tr&gt;\n&lt;tr&gt;&lt;td&gt;&amp;#160;&amp;#160;&amp;#160;&amp;#160;Sub field 3&lt;/td&gt;&lt;td&gt;Value&lt;/td&gt;&lt;/tr&gt;\n&lt;tr&gt;&lt;td colspan=&quot;2&quot;&gt;&lt;b&gt;Field 2&lt;/b&gt;&lt;/td&gt;&lt;/tr&gt;\n&lt;tr&gt;&lt;td&gt;&amp;#160;&amp;#160;&amp;#160;&amp;#160;Sub field 1&lt;/td&gt;&lt;td&gt;Value&lt;/td&gt;&lt;/tr&gt;\n&lt;tr&gt;&lt;td&gt;&amp;#160;&amp;#160;&amp;#160;&amp;#160;Sub field 2&lt;/td&gt;&lt;td&gt;Value&lt;/td&gt;&lt;/tr&gt;\n&lt;tr&gt;&lt;td&gt;&amp;#160;&amp;#160;&amp;#160;&amp;#160;Sub field 3&lt;/td&gt;&lt;td&gt;Value&lt;/td&gt;&lt;/tr&gt;\n&lt;/tbody&gt;\n&lt;/table&gt;\n&lt;/div&gt;\n&lt;/body&gt;\n&lt;/html&gt;</code></pre>\n\nEverything renders just fine except that the table is not centered. I've tried as many centering methods as I could come up with but the table is always left-aligned. Maybe I missed the correct way how to center the table (HTML is just not my level of expertize) and therefore I am wondering, is it possible to center a table?<br />\n",
    "PostedDate": "2014-09-14T03:45:38.393-07:00",
    "UserRole": null,
    "MarkedAsAnswerDate": null
  },
  {
    "Id": "1306597",
    "ThreadId": "567379",
    "Html": "I <a href=\"https://github.com/ArthurHub/HTML-Renderer/commit/103232bbba4cb8d50e7952ebac6fa31575271b31\" rel=\"nofollow\">committed</a>  a fix.\r<br />\nlet me know if everything works as it should.<br />\n",
    "PostedDate": "2014-09-20T03:56:41.06-07:00",
    "UserRole": null,
    "MarkedAsAnswerDate": null
  },
  {
    "Id": "1307339",
    "ThreadId": "567379",
    "Html": "Thanks, works like a charm.<br />\n",
    "PostedDate": "2014-09-23T04:13:26.35-07:00",
    "UserRole": null,
    "MarkedAsAnswerDate": null
  }
]