[
  {
    "Id": "1102761",
    "ThreadId": "460935",
    "Html": "Hello!\r<br />\n<br />\nI've encountered really strange problem. I'm trying to render under ASP.Net environment (server side image generation) and here is my test code (pretty sort)<br />\n<h1></h1>\n<pre><code>    using (var bitmap = new Bitmap(300, 200, PixelFormat.Format24bppRgb))\n    {\n        using (var graphics = Graphics.FromImage(bitmap))\n        {\n            graphics.CompositingQuality = CompositingQuality.HighQuality;\n            graphics.InterpolationMode = InterpolationMode.HighQualityBicubic;\n            graphics.PixelOffsetMode = PixelOffsetMode.HighQuality;\n            graphics.SmoothingMode = SmoothingMode.HighQuality;\n            graphics.TextRenderingHint = TextRenderingHint.ClearTypeGridFit;\n\n            using (var htmlContainer = new HtmlContainer())\n            {\n                htmlContainer.AvoidGeometryAntialias = false;\n                htmlContainer.SetHtml(File.ReadAllText(@&quot;test.html&quot;));\n                htmlContainer.MaxSize = new SizeF(bitmap.Width, bitmap.Height);\n                htmlContainer.PerformLayout(graphics);\n                htmlContainer.PerformPaint(graphics);\n            }\n        }\n\n        bitmap.Save(&quot;test.png&quot;);\n    }\n</code></pre>\n\nand here is my HTML code<br />\n<h1></h1>\n<pre><code>&lt;html&gt;\n    &lt;head&gt;\n        &lt;meta http-equiv=&quot;Content-Type&quot; content=&quot;text/html; charset=utf-8&quot; /&gt;\n        &lt;style&gt; body { background-color: #FFFFFF; font-size: 60pt; } &lt;/style&gt;\n    &lt;/head&gt;\n    &lt;body&gt;\n        TEST\n    &lt;/body&gt;\n&lt;/html&gt;\n</code></pre>\n\nand I'm getting text with NO antialiasing.\r<br />\n<br />\nWhen I add &quot;color:red&quot; CSS I'm getting red text with ugly black borders, like alpha-blending failed or something like that.\r<br />\n<br />\nI've tried to initialize bitmap with white background like this<br />\n<h1></h1>\n<pre><code>graphics.FillRectangle(Brushes.White, 0, 0, bitmap.Width, bitmap.Height);\n</code></pre>\n\nor add background CSS property to html element, but it did not help.<br />\n",
    "PostedDate": "2013-10-02T07:32:15.617-07:00",
    "UserRole": null,
    "MarkedAsAnswerDate": null
  },
  {
    "Id": "1103932",
    "ThreadId": "460935",
    "Html": "Damn GDI not properly supporting alpha channel :(\r<br />\nI played with the idea to support GDI and GDI+ text rendering side by side but GDI+ text rendering just sucks...\r<br />\nIf you want I can upload v1.4.5.0 that was before I switched to GDI text rendering so you can use it until I figure out a proper solution for this.<br />\n",
    "PostedDate": "2013-10-05T02:47:28.887-07:00",
    "UserRole": null,
    "MarkedAsAnswerDate": null
  },
  {
    "Id": "1103958",
    "ThreadId": "460935",
    "Html": "Thanks for your reply,\r<br />\n<br />\nI can compile code by myself, no need to make you do this :-) Just wanted to know what's the problem.<br />\n",
    "PostedDate": "2013-10-05T06:33:40.23-07:00",
    "UserRole": null,
    "MarkedAsAnswerDate": null
  },
  {
    "Id": "1104383",
    "ThreadId": "460935",
    "Html": "I have to solve this <a href=\"https://htmlrenderer.codeplex.com/discussions/461356\" rel=\"nofollow\">issue</a>, it seem that it related to this problem. Can you please upload v1.4.5 so that I can be able to try if it helps or not?<br />\n",
    "PostedDate": "2013-10-07T00:04:33.143-07:00",
    "UserRole": null,
    "MarkedAsAnswerDate": null
  },
  {
    "Id": "1109509",
    "ThreadId": "460935",
    "Html": "Try 1.4.8.0, let me know if it has issues.<br />\n",
    "PostedDate": "2013-10-19T08:48:40.83-07:00",
    "UserRole": null,
    "MarkedAsAnswerDate": null
  }
]