[
  {
    "Id": "1491314",
    "ThreadId": "660791",
    "Html": "I have a fairly simple HTML page rendered via asp.net. It look beautiful in the PDF after running it through HtmlRenderer.PdfSharp EXCEPT that the images don't appear. Just the red X of a missing image in the PDF even though the web page itself does display the image correctly.<br />\n<br />\nHere is my HtmlRenderer.PdfSharp code:<br />\n<pre><code>public void BuildPDF( string url, string pdfPath ) {\n   string html = GetHTML(url);\n   Byte[] res = null;\n   using( MemoryStream ms = new MemoryStream() ) {\n      using( FileStream file = new FileStream(pdfPath, FileMode.Create, FileAccess.Write) ) {\n         byte[] bytes = new byte[ms.Length];\n         var pdf = TheArtOfDev.HtmlRenderer.PdfSharp.PdfGenerator.GeneratePdf(html, PdfSharp.PageSize.A4);\n         pdf.Save(ms);\n         res = ms.ToArray();\n         file.Write(res, 0, res.Length);\n         ms.Close();\n      }\n   }\n}\n\nprivate string GetHTML(string url) {\n   string html = string.Empty;\n   HttpWebRequest request = (HttpWebRequest)WebRequest.Create(url);\n   request.AutomaticDecompression = DecompressionMethods.GZip;\n\n   using( HttpWebResponse response = (HttpWebResponse)request.GetResponse() )\n   using( Stream stream = response.GetResponseStream() )\n   using( StreamReader reader = new StreamReader(stream) ) {\n      html = reader.ReadToEnd();\n   }\n\n   return html;\n}</code></pre>\n\nAnd here is the img html that doesn't render in the PDF: &lt;img src=&quot;images/ChartImg.png&quot; /&gt;<br />\n<br />\nHow can I solve this?<br />\n",
    "PostedDate": "2017-01-18T14:28:19.873-08:00",
    "UserRole": null,
    "MarkedAsAnswerDate": null
  },
  {
    "Id": "1491415",
    "ThreadId": "660791",
    "Html": "I ended up using a different pdf library that doesn't have this problem and works perfectly: <a href=\"http://selectpdf.com/community-edition/\" rel=\"nofollow\">http://selectpdf.com/community-edition/</a><br />\n",
    "PostedDate": "2017-01-20T08:26:19.4-08:00",
    "UserRole": null,
    "MarkedAsAnswerDate": "2017-01-20T08:26:25.98-08:00"
  }
]