[
  {
    "Id": "932587",
    "ThreadId": "400831",
    "Html": "\r\n<p>Love the project, great job! It's a shame it seems dead.</p>\r\n<p>I found the renderer performance a bit slow so I decided to <a href=\"http://theartofdev.wordpress.com/2012/10/25/how-i-optimized-html-renderer-and-fell-in-love-with-vs-profiler/\">\r\noptimize it</a>.</p>\r\n<p>I'm now a&nbsp;contributor&nbsp;to the project so the optimized version is available in the downloads page.</p>\r\n<p>I'm planning to further improve the renderer so stay tuned.</p>\r\n",
    "PostedDate": "2012-10-25T11:47:28.077-07:00",
    "UserRole": null,
    "MarkedAsAnswerDate": null
  }
]