[
  {
    "Id": "1354970",
    "ThreadId": "581639",
    "Html": "<pre><code>&lt;table&gt;\n    &lt;tr&gt;\n        &lt;td&gt;\n            &lt;span&gt;Text&lt;/span&gt;\n        &lt;/td&gt;\n    &lt;/tr&gt;\n&lt;/table&gt;</code></pre>\n\nWhen I use HTML tag inside the &lt;TD&gt;, TAG is not drawn.\r<br />\n<br />\nI commented on CSS Default the following line &quot;<strong>td, th {border-color: #dfdfdf; overflow: hidden;}</strong>&quot; and got success.\r<br />\n<br />\nThank you.<br />\n",
    "PostedDate": "2015-02-23T10:56:12.347-08:00",
    "UserRole": null,
    "MarkedAsAnswerDate": null
  }
]