[
  {
    "Id": "1489313",
    "ThreadId": "659944",
    "Html": "Hi,\r<br />\n<br />\nI'm considering using this project to render HTML coming from an end-user rich text editor into images to display in reports. I'll use the <strong>HtmlRender.RenderToImage()</strong> method.\r<br />\n<br />\nFrom a security perspective I just want to ensure nothing bad could happen e.g. if an end-user somehow injected malicious JavaScript into the HTML. I can't find any documentation in relation to this. Is this a risk and if so does HTML Renderer protect against it?\r<br />\n<br />\nCan someone familiar with HTML Renderer share their thoughts on this?<br />\n",
    "PostedDate": "2016-12-05T19:07:14.42-08:00",
    "UserRole": null,
    "MarkedAsAnswerDate": null
  }
]