[
  {
    "Id": "1341383",
    "ThreadId": "577593",
    "Html": "Hi,\r<br />\n<br />\nI'm actually looking for an HTML-Renderer for WinRT. I tried the &quot;HTML Renderer&quot;-Demo and it looks super with my samples.\r<br />\n<br />\nIs there a plan to support WinRT in the future? Because I don't see a good HTML-Renderer out there for WinRT and this library works well in native WPF. So I think it should work in WinRT too or am I wrong?\r<br />\n<br />\nRegards,\r<br />\nAlex<br />\n",
    "PostedDate": "2015-01-13T02:16:00.55-08:00",
    "UserRole": null,
    "MarkedAsAnswerDate": null
  }
]