[
  {
    "Id": "1321322",
    "ThreadId": "571891",
    "Html": "I am trying to come up with a solution to determine whether rich text entered by a user on a website through a rich text editor is of appropriate size to fit in a box of a (variable) predefined size.\r<br />\n<br />\nI have been trying to use HTML Renderer for this task but have had some difficulty.   The text entered by the user comes from the TinyMCE editor.\r<br />\n<br />\nHere's an example of the markup:<br />\n<pre><code>&lt;p&gt;\n    &lt;span class=&quot;arial letter-spacing &quot; style=&quot;color: #000000; font-size: 7pt;&quot;&gt;2010&lt;/span&gt;\n    &lt;span class=&quot;arial letter-spacing &quot; style=&quot;color: #ec008c; font-size: 7pt;&quot;&gt; Pink &lt;/span&gt;\n    &lt;span class=&quot;arial letter-spacing &quot; style=&quot;color: #69bd45; font-size: 7pt;&quot;&gt;Green &lt;/span&gt;\n    &lt;span class=&quot;arial letter-spacing underline&quot; style=&quot;color: #69bd45; font-size: 7pt;&quot;&gt;Underlined&lt;/span&gt;\n    &lt;span class=&quot;arial letter-spacing &quot; style=&quot;color: #69bd45; font-size: 7pt;&quot;&gt; 1800&lt;/span&gt;\n    &lt;span class=&quot;arial letter-spacing &quot; style=&quot;color: #ec008c; font-size: 7pt;&quot;&gt; Item&lt;/span&gt;\n    &lt;span class=&quot;arial letter-spacing &quot; style=&quot;color: #000000; font-size: 7pt;&quot;&gt; #: ... $500.00&lt;/span&gt;\n&lt;/p&gt;</code></pre>\n\nTo use it, I then add additional code around it so that it is valid html like this:<br />\n<pre><code>&lt;html&gt;\n    &lt;head&gt;\n        &lt;style&gt; p { margin: 0; } div { margin: 0; } span { margin: 0; } body { padding: 0; }&lt;/style&gt;\n    &lt;/head&gt;\n    &lt;body&gt;\n        &lt;div style=&quot;line-height: 6px; font-family: Arial; z-index: -1; letter-spacing: -.2px; text-align: left;&quot;&gt;\n            &lt;p&gt;\n                &lt;span class=&quot;arial letter-spacing &quot; style=&quot;color: #000000; font-size: 7pt;&quot;&gt;2010&lt;/span&gt;\n                &lt;span class=&quot;arial letter-spacing &quot; style=&quot;color: #ec008c; font-size: 7pt;&quot;&gt; Pink &lt;/span&gt;\n                &lt;span class=&quot;arial letter-spacing &quot; style=&quot;color: #69bd45; font-size: 7pt;&quot;&gt;Green &lt;/span&gt;\n                &lt;span class=&quot;arial letter-spacing underline&quot; style=&quot;color: #69bd45; font-size: 7pt;&quot;&gt;Underlined&lt;/span&gt;\n                &lt;span class=&quot;arial letter-spacing &quot; style=&quot;color: #69bd45; font-size: 7pt;&quot;&gt; 1800&lt;/span&gt;\n                &lt;span class=&quot;arial letter-spacing &quot; style=&quot;color: #ec008c; font-size: 7pt;&quot;&gt; Item&lt;/span&gt;\n                &lt;span class=&quot;arial letter-spacing &quot; style=&quot;color: #000000; font-size: 7pt;&quot;&gt; #: ... $500.00&lt;/span&gt;\n            &lt;/p&gt;\n        &lt;/div&gt;\n    &lt;/body&gt;\n&lt;/html&gt;</code></pre>\n\nI'm using the following code to get some measurements:\r<br />\n<br />\nThis is the code that ideally I could use because it doesn't generate any out output other than the size:<br />\n<pre><code>            using (var image = new Bitmap(1000, 1000, PixelFormat.Format32bppArgb))\n            using (var g = Graphics.FromImage(image))\n            {\n                var res = HtmlRender.Measure(g, contentHtml, (float) width);\n\n               ..... do something with result\n            }</code></pre>\n\nThis is what I've used for getting images that I can examine:<br />\n<pre><code>var renderedImage = HtmlRender.RenderToImage(contentHtml, (int) width);</code></pre>\n\nSome of the problems I have been having are:<br />\n<ol>\n<li>There always seems to be an extra margin of whitespace around the text in the created image so that I can't get an accurate measure.  See here:  <img src=\"https://www.dropbox.com/s/tfyp1pxuq31pr79/debug_sizing.jpg?dl=1\" alt=\"Image\" /></li>\n<li>\nWrapping doesn't seem to happen as I would expect.  One thing I'm trying to do is if the user puts  &quot;...&quot; in their text, that ... expands to as many periods as needed to make the text take up the entire space.  The idea is to get the price at the end of the last line.  I don't have a good example in front of me right now, but there have been a number of times where it seems that a word should easily fit on a line but it doesn't.  Are there any known issues with word wrapping?<br />\n</li>\n</ol>\nIs what I'm trying to do possible with this library?  Am I on the right track but just using this library a bit wrong?  Should I be looking for a different solution?  Any thoughts would be appreciated.\r<br />\n<br />\nThanks!<br />\n",
    "PostedDate": "2014-11-12T08:56:29.503-08:00",
    "UserRole": null,
    "MarkedAsAnswerDate": null
  },
  {
    "Id": "1322079",
    "ThreadId": "571891",
    "Html": "yes, you can use HTML Renderer to measure size.<br />\n<ol>\n<li>you don't have to wrap the html snippet, you can measure it directly and provide separate CSS styles.</li>\n<li>no need to create image, you can create Graphics object by &quot;Graphics.FromHwnd(IntPtr.Zero)&quot;.</li>\n<li>be sure to remove all default margins see <a href=\"https://github.com/ArthurHub/HTML-Renderer/blob/master/Source/HtmlRenderer/Core/CssDefaults.cs\" rel=\"nofollow\">CssDefaults.cs</a>. I think you see 8px body margin.</li>\n<li>i'm not aware of any text wrapping issues, also will not advice to do it in the first place, better to handle it using alignment, maybe put it in a table.</li>\n</ol>\n",
    "PostedDate": "2014-11-14T01:20:15.517-08:00",
    "UserRole": null,
    "MarkedAsAnswerDate": null
  },
  {
    "Id": "1322308",
    "ThreadId": "571891",
    "Html": "Thanks for the response.  The Graphics.FromHwnd(IntPtr.Zero) tip was a good one.  Very helpful.\r<br />\n<br />\nAlso, I kept tracking down my problem.  It seemed that my problem was actually this rule on the stylesheet that you linked:\r<br />\n<br />\np { margin: 1.12em 0 }\r<br />\n<br />\nHtml Renderer is working great for me now.  Thanks!<br />\n",
    "PostedDate": "2014-11-14T10:49:22.163-08:00",
    "UserRole": null,
    "MarkedAsAnswerDate": null
  }
]