[
  {
    "Id": "1481142",
    "ThreadId": "657143",
    "Html": "Hey guys, \r<br />\n<br />\nI'm inserting a div element with the attribute page-break-always: after to force a page break from that point and separate the content before with the content after. This should result in multiple pages, however the converted PDF document I receive does not produce the page break as expected. \r<br />\n<br />\nPlease fix this issue, I'm using the GeneratePdf method in namespace, TheArtOfDev.HtmlRenderer.PdfSharp.PdfGenerator, passing in the html string and configurations. \r<br />\n<br />\nBest regards, \r<br />\n<br />\nAdhy<br />\n",
    "PostedDate": "2016-08-14T23:21:33.013-07:00",
    "UserRole": null,
    "MarkedAsAnswerDate": null
  }
]