[
  {
    "Id": "1091017",
    "ThreadId": "456476",
    "Html": "Would it be possible to get the CSS hover selector implemented in HtmlRenderer, specially for the anchor tag (a:hover)?<br />\n",
    "PostedDate": "2013-09-11T00:28:26.407-07:00",
    "UserRole": null,
    "MarkedAsAnswerDate": null
  },
  {
    "Id": "1093050",
    "ThreadId": "456476",
    "Html": "This discussion has been copied to a work item. Click <a href=\"https://htmlrenderer.codeplex.com/workitem/9015\" rel=\"nofollow\">here</a> to go to the work item and continue the discussion.<br />\n",
    "PostedDate": "2013-09-16T03:59:00.083-07:00",
    "UserRole": null,
    "MarkedAsAnswerDate": null
  }
]