[
  {
    "Id": "1151153",
    "ThreadId": "484135",
    "Html": "Does anyone know if it is possible to determine the screen co-ordinates of a rendered HTML element?<br />\n",
    "PostedDate": "2014-01-08T17:56:37.237-08:00",
    "UserRole": null,
    "MarkedAsAnswerDate": null
  },
  {
    "Id": "1151233",
    "ThreadId": "484135",
    "Html": "it is not currently implemented but theoretically possible.\r<br />\nits can be more complicated than &quot;GetAttributeAt&quot; as you may require to traverse the elements and not just get the inner most...\r<br />\nwhat is the scenario?<br />\n",
    "PostedDate": "2014-01-09T00:31:16.11-08:00",
    "UserRole": null,
    "MarkedAsAnswerDate": null
  },
  {
    "Id": "1151504",
    "ThreadId": "484135",
    "Html": "The scenario is to provide a level of interactivity by using HTMLRenderer for presentation and PhantomJS for Javascript processing. ie: when an HTML element is clicked on HTMLRenderer, the co-ordinates can be passed through to PhantomJS to perform a 'real' click. Any changes in the resulting HTML can then be passed back to HTMLRenderer to re-render and display.\r<br />\n<br />\nThis approach should enable me to create a very lightweight 'browser' - obviously not general-purpose, but for specifically designed web-pages whose HTML is HTMLRenderer-friendly. I'm not sure how well it would work, but would be worth a try.<br />\n",
    "PostedDate": "2014-01-09T12:41:08.17-08:00",
    "UserRole": null,
    "MarkedAsAnswerDate": null
  },
  {
    "Id": "1157249",
    "ThreadId": "484135",
    "Html": "I'm not sure how knowing the rectangle of each elements help you here...\r<br />\nAlso won't it be better to just get the inner-most element that was clicked?<br />\n",
    "PostedDate": "2014-01-12T03:59:03.737-08:00",
    "UserRole": null,
    "MarkedAsAnswerDate": null
  },
  {
    "Id": "1176829",
    "ThreadId": "484135",
    "Html": "I have added GetElementRectangle in 1.4.12.0 hope it helps, otherwise I need to better understand the need to design a general purpose solution.<br />\n",
    "PostedDate": "2014-01-18T03:34:06.41-08:00",
    "UserRole": null,
    "MarkedAsAnswerDate": null
  }
]