[
  {
    "Id": "1213747",
    "ThreadId": "534851",
    "Html": "I have a very simple HTML page I am pulling in through C# with this code:<br />\n<pre><code>string data = &quot;&quot;;\nstring urlAddress = &quot;http://127.0.0.1:81&quot;;\ntry\n{\n    using (WebClient client = new WebClient()) // WebClient class inherits IDisposable\n    {\n        data = client.DownloadString(urlAddress);\n    }\n    Image image = HtmlRenderer.HtmlRender.RenderToImage(data);\n}\ncatch (WebException ex)\n{\n    //do something if load fails\n}</code></pre>\n\nThe HTML page has two &lt;link&gt; tags referencing stylesheets with a full URI:<br />\n<pre><code>&lt;link href=&quot;http://127.0.0.1:81/Content/globals.css&quot; rel=&quot;stylesheet&quot; media=&quot;screen&quot; /&gt;\n&lt;link href=&quot;http://127.0.0.1:81/Content/themes/1/theme.css&quot; rel=&quot;stylesheet&quot; media=&quot;screen&quot; /&gt;</code></pre>\n\nThen, in the theme.css stylesheet, there is a very simple CSS style:<br />\n<pre><code>.outer-container { background-image: url('http://myurlhere.com/background-images/126266045.jpg'); background-repeat: repeat-y; }</code></pre>\n\nNo matter what, HTML Renderer will not render that image from the stylesheet. BUT, if I copy that CSS style to the HTML page itself (in between &lt;style&gt; tags) OR use that style inline, the background image is loaded.<br />\n<br />\nWhy will an external image not load from a CSS stylesheet?<br />\n",
    "PostedDate": "2014-02-24T07:26:15.023-08:00",
    "UserRole": null,
    "MarkedAsAnswerDate": null
  },
  {
    "Id": "1215498",
    "ThreadId": "534851",
    "Html": "Stupid bug, sorry, will be fixed in next version.\r<br />\n<br />\nIf you need a quick fix replace &quot;CorrectRelativeUrls&quot; method in &quot;StylesheetLoadHandler&quot; with:<br />\n<pre><code>int idx = 0;\nwhile( idx != -1 &amp;&amp; idx &lt; stylesheet.Length )\n{\n    idx = stylesheet.IndexOf(&quot;url&quot;, idx, StringComparison.OrdinalIgnoreCase);\n    if( idx &gt; 0 )\n    {\n        int endIdx = stylesheet.IndexOf(&quot;)&quot;, idx, StringComparison.OrdinalIgnoreCase);\n        if( endIdx &gt; 0 )\n        {\n            var offset1 = 4 + (stylesheet[idx + 4] == '\\'' ? 1 : 0);\n            var offset2 = (stylesheet[endIdx -1] == '\\'' ? 1 : 0);\n            var urlStr = stylesheet.Substring(idx + offset1, endIdx - idx - offset1 - offset2);\n            Uri url;\n            if( Uri.TryCreate(urlStr, UriKind.Relative, out url) )\n            {\n                url = new Uri(baseUri, url);\n                stylesheet = stylesheet.Remove(idx + 4, endIdx - idx - 4);\n                stylesheet = stylesheet.Insert(idx + 4, url.AbsoluteUri);\n                idx += url.AbsoluteUri.Length + 4;\n            }\n            else\n            {\n                idx = endIdx + 1;\n            }\n        }\n    }\n}\n\nreturn stylesheet;</code></pre>\n\n",
    "PostedDate": "2014-02-27T01:10:10.3-08:00",
    "UserRole": null,
    "MarkedAsAnswerDate": null
  },
  {
    "Id": "1215658",
    "ThreadId": "534851",
    "Html": "No problem, it's such an awesome tool, a slight inconvenience is no biggie! :)\r<br />\n<br />\nI currently have this installed via Nuget, so I'm not aware of an easy way to replace a method. Do you, by chance, know when the Nuget package will be updated with the most recent fixes? Thanks so much!<br />\n",
    "PostedDate": "2014-02-27T07:14:50.057-08:00",
    "UserRole": null,
    "MarkedAsAnswerDate": null
  },
  {
    "Id": "1216837",
    "ThreadId": "534851",
    "Html": "I will release a minor fixes version in the coming week so if you find more bugs the time is now.<br />\n",
    "PostedDate": "2014-03-02T01:09:32.773-08:00",
    "UserRole": null,
    "MarkedAsAnswerDate": null
  },
  {
    "Id": "1220317",
    "ThreadId": "534851",
    "Html": "done: 1.4.13.0<br />\n",
    "PostedDate": "2014-03-07T07:03:13.663-08:00",
    "UserRole": null,
    "MarkedAsAnswerDate": "2014-03-07T07:03:21.853-08:00"
  },
  {
    "Id": "1220322",
    "ThreadId": "534851",
    "Html": "Works a charm, thank you so much! Awesome job on this project.<br />\n",
    "PostedDate": "2014-03-07T07:09:20.88-08:00",
    "UserRole": null,
    "MarkedAsAnswerDate": null
  }
]