[
  {
    "Id": "1466167",
    "ThreadId": "652314",
    "Html": "colspan cause RenderToImage() method generate the empty image result\r<br />\n(table with one tr(colspan=5), normal image result after rename or remove colspan :\r<br />\n<br />\n  html <br />\n&lt;table class=&quot;MsoNormalTable&quot; border=&quot;1&quot; cellspacing=&quot;0&quot; cellpadding=&quot;0&quot; style=&quot;border-collapse: collapse; border: none;&quot;&gt;\r\n    &lt;tbody&gt;\r\n      &lt;tr&gt;\r\n        &lt;td colspan=&quot;5&quot; valign=&quot;top&quot; style=&quot;width: 424.05pt; border: 1pt solid windowtext; padding: 0cm 5.4pt;&quot;&gt;\r\n          &lt;p class=&quot;MsoBodyText&quot; style=&quot;margin-bottom:0cm;margin-bottom:\r\n            .0001pt;text-align:center;&quot;&gt;&lt;strong&gt;&lt;span style=&quot;font-size: 14pt;&quot;&gt;Some System&lt;span lang=&quot;EN-US&quot;&gt;-&lt;/span&gt;Changes&lt;span lang=&quot;EN-US&quot;&gt;&lt;/span&gt;&lt;/span&gt;&lt;/strong&gt;&lt;/p&gt;\r\n          &lt;p class=&quot;MsoBodyText&quot; style=&quot;margin-bottom:0cm;margin-bottom:\r\n            .0001pt;text-align:center;&quot;&gt;&lt;strong&gt;CIS&lt;span lang=&quot;EN-US&quot;&gt;_&lt;/span&gt;Manual&lt;/strong&gt;&lt;strong&gt;&lt;span lang=&quot;EN-US&quot; style=&quot;font-size: 14pt;&quot;&gt;&lt;/span&gt;&lt;/strong&gt;&lt;/p&gt;\r\n          &lt;p class=&quot;MsoBodyText&quot; style=&quot;margin-bottom:0cm;margin-bottom:\r\n            .0001pt;text-align:center;&quot;&gt;&lt;strong&gt;&lt;span style=&quot;font-size: 14pt;&quot;&gt;Changes&lt;span lang=&quot;EN-US&quot;&gt;&lt;/span&gt;&lt;/span&gt;&lt;/strong&gt;&lt;/p&gt;\r\n        &lt;/td&gt;\r\n      &lt;/tr&gt;\r\n  &lt;/table&gt;\r\nC#<br />\n<pre><code>System.Drawing.Image image = TheArtOfDev.HtmlRenderer.WinForms.HtmlRender.RenderToImage(\n  html,\n  new System.Drawing.Size(600, 600),\n  System.Drawing.Color.White);\n\nimage.Save(@&quot;C:\\Temp\\_image_&quot; + DateTime.Now.ToString(&quot;yyyyMMdd-hhmmss&quot;) + &quot;.png&quot;, System.Drawing.Imaging.ImageFormat.Png);\n</code></pre>\n\n-- end --<br />\n",
    "PostedDate": "2016-03-08T19:48:37.033-08:00",
    "UserRole": null,
    "MarkedAsAnswerDate": null
  },
  {
    "Id": "1466169",
    "ThreadId": "652314",
    "Html": "html original from Word document (html format).<br />\n",
    "PostedDate": "2016-03-08T19:50:55.407-08:00",
    "UserRole": null,
    "MarkedAsAnswerDate": null
  }
]