[
  {
    "Id": "1020802",
    "ThreadId": "437932",
    "Html": "String passed in: &quot;Reserve&amp;#34&quot; (I believe &amp;#34 is a double-quote)\r<br />\n<br />\nError: Index was outside the bounds of the array. (line 366, HtmlUtils.cs)\r<br />\n<br />\nFix: ? (still investigating)<br />\n",
    "PostedDate": "2013-03-25T11:35:54.583-07:00",
    "UserRole": null,
    "MarkedAsAnswerDate": null
  },
  {
    "Id": "1020820",
    "ThreadId": "437932",
    "Html": "This appears to fix it.  I don't THINK it has downstream implications, but it's working for me:<br />\n<pre><code>        private static string DecodeHtmlCharByCode(string str)\n        {\n            var idx = str.IndexOf(&quot;&amp;#&quot;);\n            while (idx &gt; -1)\n            {\n                var endIdx = idx + 2;\n                long num = 0;\n                while (endIdx &lt; str.Length &amp;&amp; char.IsDigit(str[endIdx]))\n                    num = num * 10 + str[endIdx++] - '0';\n                endIdx += (endIdx &lt; str.Length &amp;&amp; str[endIdx] == ';') ? 1 : 0;\n\n                str = str.Remove(idx, endIdx - idx);\n                str = str.Insert(idx, Convert.ToChar(num).ToString());\n\n                idx = str.IndexOf(&quot;&amp;#&quot;, idx);\n            }\n            return str;\n        }</code></pre>\n\n",
    "PostedDate": "2013-03-25T12:09:25.157-07:00",
    "UserRole": null,
    "MarkedAsAnswerDate": null
  },
  {
    "Id": "1025450",
    "ThreadId": "437932",
    "Html": "good fix, thx, i will add it to next release.<br />\n",
    "PostedDate": "2013-04-04T08:34:41.683-07:00",
    "UserRole": null,
    "MarkedAsAnswerDate": null
  }
]