[
  {
    "Id": "1248272",
    "ThreadId": "546197",
    "Html": "Hello,\r<br />\nI have an issue with this html:<br />\n<pre><code>&lt;html&gt;\n  &lt;body&gt;\n    &lt;table border=&quot;1&quot; &gt;\n      &lt;tr&gt;\n        &lt;td style=&quot;white-space:nowrap;&quot;&gt;&lt;a href=&quot;foo&quot;&gt;Text11&lt;/a&gt; Text12&lt;/td&gt;\n      &lt;/tr&gt;\n    &lt;/table&gt;\n&lt;hr/&gt;\n    &lt;table border=&quot;1&quot; &gt;\n      &lt;tr&gt;\n        &lt;td style=&quot;white-space:nowrap;&quot;&gt;Text21 Text22&lt;/td&gt;\n      &lt;/tr&gt;\n    &lt;/table&gt;\n  &lt;/body&gt;\n&lt;/html&gt;</code></pre>\n\nThe &quot;2&quot; of &quot;Text12&quot; is truncated. How can this be fixed?\r<br />\n<br />\nOlaf<br />\n",
    "PostedDate": "2014-05-22T00:43:21.09-07:00",
    "UserRole": null,
    "MarkedAsAnswerDate": null
  },
  {
    "Id": "1250604",
    "ThreadId": "546197",
    "Html": "This discussion has been copied to a work item. Click <a href=\"https://htmlrenderer.codeplex.com/workitem/9036\" rel=\"nofollow\">here</a> to go to the work item and continue the discussion.<br />\n",
    "PostedDate": "2014-05-28T12:32:50.103-07:00",
    "UserRole": null,
    "MarkedAsAnswerDate": null
  },
  {
    "Id": "1250605",
    "ThreadId": "546197",
    "Html": "a bug indeed, I'm currently working on 1.5 so I won't have time to look at it in the near future, sorry.<br />\n",
    "PostedDate": "2014-05-28T12:33:58.2-07:00",
    "UserRole": null,
    "MarkedAsAnswerDate": null
  }
]