[
  {
    "Id": "986914",
    "ThreadId": "429636",
    "Html": "\r\n<p style=\"font-size:10pt; color:black\">Hello,</p>\r\n<p style=\"font-size:10pt; color:black\">This is just an idea to improve the code base of Html renderer library:</p>\r\n<p style=\"font-size:10pt; color:black\">Right now this library supports HTML to GDI&#43; strategy. It would be nice to allow other developers to extend it and implement different strategies like HTML to PDF/To XAMl (Like\r\n<a href=\"http://msdn.microsoft.com/en-us/library/vstudio/aa972129%28v=vs.90%29.aspx\">\r\nMicrosoft's HTML to XAML converter</a>)/To Word, etc.</p>\r\n<p style=\"font-size:10pt; color:black\">It needs some refactoring and extracting interfaces to allow implementing different strategies instead of just having HTML to GDI&#43; converter.</p>\r\n",
    "PostedDate": "2013-01-15T01:58:08.623-08:00",
    "UserRole": null,
    "MarkedAsAnswerDate": null
  }
]