[
  {
    "Id": "1289190",
    "ThreadId": "560944",
    "Html": "For info I had problems using HTMLRenderer on Azure Websites for rendering HTML to image. MS has some known issues with GDI and Azure Websites and their fixes are a work in progress.\r<br />\n( eg <a href=\"http://social.msdn.microsoft.com/Forums/windowsazure/en-US/d14bc4fa-256e-4f8f-9682-432ab556f74d/report-viewer-control-fix-for-export-to-pdf-available?forum=windowsazurewebsitespreview&amp;prof=required\" rel=\"nofollow\">http://social.msdn.microsoft.com/Forums/windowsazure/en-US/d14bc4fa-256e-4f8f-9682-432ab556f74d/report-viewer-control-fix-for-export-to-pdf-available?forum=windowsazurewebsitespreview&prof=required</a>)\r<br />\n<br />\n<br />\nRendering on a Free Azure Website resulted in an Out Of Memory Exception because handles are not available. Rendering on a Basic Azure Website resulted in black or empty images being saved to stream.\r<br />\n<br />\nHowever, if you use RenderToImageGdiPlus it works <em>both</em> on Free and Basic/Standard as far as I can see.<br />\n",
    "PostedDate": "2014-08-12T03:15:04.793-07:00",
    "UserRole": null,
    "MarkedAsAnswerDate": null
  },
  {
    "Id": "1289558",
    "ThreadId": "560944",
    "Html": "make sense, that's why it supports both GDI and GDI+ so the proper one can be used.\r<br />\nThx for sharing this.<br />\n",
    "PostedDate": "2014-08-12T23:49:27.017-07:00",
    "UserRole": null,
    "MarkedAsAnswerDate": null
  },
  {
    "Id": "1427566",
    "ThreadId": "560944",
    "Html": "Hey guys,\r<br />\nI'm getting the same problem whereby our images are showing up black after we migrated a custom site across to Azure.\r<br />\n<br />\nI've noticed that the code is using the GDI and we are on a Standard plan.\r<br />\n<br />\nAre you able to advise how you used the RenderToImageGdiPlus our code is using HtmlRender.RenderToImage to get an image object and then trying to save that to the uploads directory.  I can't see anyway to make it use the RenderToImageGdiPlus.\r<br />\n<br />\nSystem.Drawing.Image image = HtmlRender.RenderToImage(sbHtml.ToString(), new Size(250, playlists.Count * 150), PlaylistRendererHelper.BackgroundColor);\r<br />\nimage.Save(Server.MapPath(System.Configuration.ConfigurationManager.AppSettings[&quot;PlaylistImages&quot;]) + uniquePlaylistId + &quot;.png&quot;, ImageFormat.Png);\r<br />\n<br />\nWe use this to create a facebook og image on the fly to share selected playlist images in a site.<br />\n",
    "PostedDate": "2015-05-26T00:50:46.757-07:00",
    "UserRole": null,
    "MarkedAsAnswerDate": null
  }
]