[
  {
    "Id": "1431694",
    "ThreadId": "640398",
    "Html": "It seems like the HtmlPanel is using some Input control which makes the Onscreen keyboard to open whenever the panel get touched in tablet devices.\r<br />\n<br />\nI tried to disable the panel by setting property 'IsEnabled' as 'false'.  However, still I'm facing the same issue.\r<br />\n<br />\nAlso, I tried with HtmlLabel, it seems it doesn't support scrolling.<br />\n\r<br />\nIs there a way to override the control of HtmlPanel. . ?<br />\n\r<br />\nThanks in Advance.<br />\n",
    "PostedDate": "2015-06-24T05:17:35.327-07:00",
    "UserRole": null,
    "MarkedAsAnswerDate": null
  }
]