[
  {
    "Id": "1108416",
    "ThreadId": "462484",
    "Html": "hello,\r<br />\nthanks to Jose and Arthur for creating and maintaining this project.  Currently I am just investigating it for use in a project.  I should probalby spend more time looking at the code before asking questions but I don't really know much about modern HTML  spec and whether this project is designed to conform.<br />\n\r<br />\nSpecifically i wanted to know if this project can/will support native form widgets?\r<br />\n<a href=\"https://developer.mozilla.org/en-US/docs/Web/Guide/HTML/Forms/The_native_form_widgets\" rel=\"nofollow\">https://developer.mozilla.org/en-US/docs/Web/Guide/HTML/Forms/The_native_form_widgets</a>\r<br />\n<br />\nthanks,\r<br />\nMike<br />\n",
    "PostedDate": "2013-10-16T09:54:45.277-07:00",
    "UserRole": null,
    "MarkedAsAnswerDate": null
  },
  {
    "Id": "1108420",
    "ThreadId": "462484",
    "Html": "been looking at the code a bit more and it seems id have to derive a new type of CssBox class (eg CssBoxButton) and then write a custom \r<br />\nprotected override void PaintImp(IGraphics g){}\r<br />\nfor it.\r<br />\n<br />\nMy question is, for implementing something like text entry boxes, buttons, checkboxes, radio buttons and other native form widgets, are there any limitations I should be aware of?  I'm not sure i'll be attempting this yet, but this project is pretty cool. :)<br />\n",
    "PostedDate": "2013-10-16T10:15:47.927-07:00",
    "UserRole": null,
    "MarkedAsAnswerDate": null
  },
  {
    "Id": "1108621",
    "ThreadId": "462484",
    "Html": "It's definitely possible and most of them should not be super hard, \r<br />\nLayout is usually the hardest part and textbox will be a bit tricky.<br />\n",
    "PostedDate": "2013-10-17T00:16:29.823-07:00",
    "UserRole": null,
    "MarkedAsAnswerDate": null
  }
]