[
  {
    "Id": "1452582",
    "ThreadId": "647646",
    "Html": "I'm having trouble implementing <a href=\"https://htmlrenderer.codeplex.com/discussions/442448\" rel=\"nofollow\">https://htmlrenderer.codeplex.com/discussions/442448</a>. There is no property called AutoScrollPosition, or AutoScrolling as described in the demo.<br />\n<br />\nHow do I scroll an HtmlPanel to end?<br />\n<br />\nI'm using it to render html content from an Xmpp server and every time I update the Text property, the panel scrolls to the top.<br />\n<br />\nAlso open to a better method of appending content to the HtmlPanel.<br />\n<br />\n<strong>EDIT</strong><br />\n<br />\nI borrowed the ScrollToPoint code from HtmlPanel.cs.<br />\n<pre><code>        public void ScrollToEnd()\n        {\n            ScrollToPoint(_horizontalScrollBar.Minimum, _verticalScrollBar.Maximum + _verticalScrollBar.LargeChange);\n        }\n\n        /// &lt;summary&gt;\n        /// Set the control scroll offset to the given values.\n        /// &lt;/summary&gt;\n        private void ScrollToPoint(double x, double y)\n        {\n            _horizontalScrollBar.Value = x;\n            _verticalScrollBar.Value = y;\n            UpdateScrollOffsets();\n        }\n\n        /// &lt;summary&gt;\n        /// Update the scroll offset of the HTML container and invalidate visual to re-render.\n        /// &lt;/summary&gt;\n        private void UpdateScrollOffsets()\n        {\n            var newScrollOffset = new Point(-_horizontalScrollBar.Value, -_verticalScrollBar.Value);\n            if (!newScrollOffset.Equals(_htmlContainer.ScrollOffset))\n            {\n                _htmlContainer.ScrollOffset = newScrollOffset;\n                InvalidateVisual();\n            }\n        }</code></pre>\n\n",
    "PostedDate": "2015-11-16T08:19:57.31-08:00",
    "UserRole": null,
    "MarkedAsAnswerDate": "2015-11-16T15:45:14.393-08:00"
  }
]