[
  {
    "Id": "1123559",
    "ThreadId": "468710",
    "Html": "When trying to use the RenderToImage function on a few different websites, I keep getting the error &quot;Value cannot be null.  Parameter name: parent&quot;.\r<br />\n<br />\nAny suggestions?\r<br />\n<br />\nThis is basically what I am using to call and render the image:\r<br />\n<br />\n Dim req As Net.HttpWebRequest = Net.WebRequest.Create(webURL)<br />\n<pre><code>            req.Timeout = 10000     ' 10 secs\n\n\n            Dim localWebResponse As Net.HttpWebResponse = req.GetResponse()\n\n            Dim encoding As System.Text.Encoding = System.Text.Encoding.GetEncoding(1252)\n\n            Dim localResponseStream As System.IO.StreamReader = New System.IO.StreamReader(localWebResponse.GetResponseStream(), encoding)\n\n            Dim HTML As String = localResponseStream.ReadToEnd\n\n            Using img As System.Drawing.Image = HtmlRenderer.HtmlRender.RenderToImage(HTML, 850, 1100)</code></pre>\n\n",
    "PostedDate": "2013-11-14T09:12:25.53-08:00",
    "UserRole": null,
    "MarkedAsAnswerDate": null
  },
  {
    "Id": "1123609",
    "ThreadId": "468710",
    "Html": "It is probably an error in parsing the html.\r<br />\nCan you post example of html you get the error on so I will be able to reproduce it.\r<br />\nThx.<br />\n",
    "PostedDate": "2013-11-14T11:03:03.073-08:00",
    "UserRole": null,
    "MarkedAsAnswerDate": null
  },
  {
    "Id": "1123615",
    "ThreadId": "468710",
    "Html": "Attached is a sample HTML file taken from a website that exhibits the error in the render. I have had this error occur with multiple unrelated websites:<br />\n",
    "PostedDate": "2013-11-14T11:14:01.49-08:00",
    "UserRole": null,
    "MarkedAsAnswerDate": null
  },
  {
    "Id": "1123827",
    "ThreadId": "468710",
    "Html": "I'm sorry, I don't see where you attached the html..<br />\n",
    "PostedDate": "2013-11-15T01:51:26.737-08:00",
    "UserRole": null,
    "MarkedAsAnswerDate": null
  },
  {
    "Id": "1123955",
    "ThreadId": "468710",
    "Html": "For some reason the attachments are not coming through when replied via email. Anyway, if you go to this url and save the HTML, that is basically what I am trying to process:\r<br />\n<br />\n<a href=\"http://packardinfo.com/xoops/html/modules/article/index.php\" rel=\"nofollow\">http://packardinfo.com/xoops/html/modules/article/index.php</a>?\r<br />\n<br />\nAlso I have tried several other websites, and the get the exact same error with a few of them.<br />\n",
    "PostedDate": "2013-11-15T08:02:21.853-08:00",
    "UserRole": null,
    "MarkedAsAnswerDate": null
  },
  {
    "Id": "1124377",
    "ThreadId": "468710",
    "Html": "As i though it's a parsing but, I will fix it in next minor release.\r<br />\nNote though that HTML Renderer is not powerful enough to render the generally complex web sites like the one in your link.\r<br />\nyou may have to find a way to use WebBrowser control for your scenario.<br />\n",
    "PostedDate": "2013-11-16T04:45:52.54-08:00",
    "UserRole": null,
    "MarkedAsAnswerDate": null
  }
]