[
  {
    "Id": "1007486",
    "ThreadId": "434664",
    "Html": "Hi,\r<br />\n<br />\nI just found this library, can only say that it is great and very useful to avoid embedding a complete heavy webbrowser for small, simple layout requirements.\r<br />\n<br />\nI found two 'issues' so far. First, setting a 1px border and rounded corners to for instance 5px on a &lt;div&gt;, results in a border that mostly isn't 1px thick. It looks more like 2px, though resizing the control at runtime will give 1px borders on some of the edges momentarily.\r<br />\n<br />\nSecond issue is not a problem, more a feature wish. Would it be possible to add the rgba() color function? I know it is CSS3, but it would be really nice to include and I guess not that much trouble, as .NET colors already support the alpha value.\r<br />\n<br />\nYours,\r<br />\nJens<br />\n",
    "PostedDate": "2013-02-27T02:29:28.933-08:00",
    "UserRole": null,
    "MarkedAsAnswerDate": null
  },
  {
    "Id": "1007510",
    "ThreadId": "434664",
    "Html": "Thx, though I don't agree on the &quot;small, simple layout&quot; it has quite an extensive support.\r<br />\n<br />\nI will look into it, though probably not for v1.4 as rounded corners is not super important.\r<br />\n<br />\nWill add it to v1.4\r<br />\n<br />\nCheers,\r<br />\nArthur.<br />\n",
    "PostedDate": "2013-02-27T03:54:39.28-08:00",
    "UserRole": null,
    "MarkedAsAnswerDate": null
  },
  {
    "Id": "1007571",
    "ThreadId": "434664",
    "Html": "Sorry, didn't mean to demean the project, I only referred to the context for which I'm am using it. I do appreciate the how much the library can do, it sure is extensive, I'll most likely use more in the future. Looking forward to the next releases.\r<br />\n<br />\nAnother thing that popped up after my first post, is selections and cursors. Would it be possible to implement CSS cursors and something like 'user-select: none'? The latter doesn't have to be done through the stylesheet. For me it would be find with a .NET property that can control whether or not selection is allowed.\r<br />\n<br />\nYours,\r<br />\nJens<br />\n",
    "PostedDate": "2013-02-27T05:49:07.773-08:00",
    "UserRole": null,
    "MarkedAsAnswerDate": null
  },
  {
    "Id": "1008053",
    "ThreadId": "434664",
    "Html": "np, just a bit too proud of the library.\r<br />\n<br />\nIt will be best that you will add feature request issue for features that you would like to be added with some explanations and html sample if relevant.\r<br />\n<br />\nDisable text selection will be part of v1.4\r<br />\n<br />\nCheers, \r<br />\nArthur.<br />\n",
    "PostedDate": "2013-02-28T00:38:08.873-08:00",
    "UserRole": null,
    "MarkedAsAnswerDate": null
  }
]