[
  {
    "Id": "1012248",
    "ThreadId": "435868",
    "Html": "Hi, I recently noticed this library, and this is really a great tool that meets exact the needs. It's nice, easy and does the hard job of rendering html quite elegant. Many thanks for that.\r<br />\nI'm trying to set to margin-left, margin-right percentage values, but it has no effect. When i set length values, such as pixels, it works perfect.\r<br />\nIs percentage margin values not supported? Is there a nice workaround, or even a little fix in code that will make it work?\r<br />\nI don't see any reason for not supporting percents- they are supported as well in width property. It's important for me to be able to specify percents.\r<br />\nMany thanks<br />\n",
    "PostedDate": "2013-03-08T01:57:04.183-08:00",
    "UserRole": null,
    "MarkedAsAnswerDate": null
  },
  {
    "Id": "1012964",
    "ThreadId": "435868",
    "Html": "You are in luck, I have fixed it in the latest version that I have just uploaded, great timing :)<br />\n",
    "PostedDate": "2013-03-10T09:39:49.407-07:00",
    "UserRole": null,
    "MarkedAsAnswerDate": null
  },
  {
    "Id": "1012987",
    "ThreadId": "435868",
    "Html": "<strong>WOW</strong>\r<br />\nyou made my day! Thank you very much.<br />\n",
    "PostedDate": "2013-03-10T12:35:42.777-07:00",
    "UserRole": null,
    "MarkedAsAnswerDate": null
  }
]