[
  {
    "Id": "1225180",
    "ThreadId": "539714",
    "Html": "Hello.\r<br />\nFirst of all I would like to thank you for this awesome control! =)\r<br />\n<br />\nI've found strange bug. We use embedded base64 images in HTML data to store pictures.\r<br />\nThe Text property of HtmlPanel uses base.Text (System.Windows.Forms.Control.Text) to store string data.\r<br />\nIf data is very big, &gt;1.2Mb for example, base.Text will be always empty.<br />\n<pre><code>        /// &lt;summary&gt;\n        /// Gets or sets the text of this panel\n        /// &lt;/summary&gt;\n        [Browsable(true)]\n        [Description(&quot;Sets the html of this control.&quot;)]\n        public override string Text\n        {\n            get { return base.Text; }\n            set\n            {\n                base.Text = value;\n                // !!! base.Text will be empty here if value is huge !!!\n                if (!IsDisposed)\n                {\n                    VerticalScroll.Value = VerticalScroll.Minimum;\n                    _htmlContainer.SetHtml(Text, _baseCssData);\n                    PerformLayout();\n                    Invalidate();\n                }\n            }\n        }</code></pre>\n\nThe fix solution is to replace base.Text to some private string field.<br />\n<pre><code>        private string _text = string.Empty;\n\n        /// &lt;summary&gt;\n        /// Gets or sets the text of this panel\n        /// &lt;/summary&gt;\n        [Browsable(true)]\n        [Description(&quot;Sets the html of this control.&quot;)]\n        public override string Text\n        {\n            get { return _text; }\n            set\n            {\n                _text = value;\n                if (!IsDisposed)\n                {\n                    VerticalScroll.Value = VerticalScroll.Minimum;\n                    _htmlContainer.SetHtml(Text, _baseCssData);\n                    PerformLayout();\n                    Invalidate();\n                }\n            }\n        }</code></pre>\n\nI did not tested it properly but it does render the content.\r<br />\n<br />\nThank you again and have a nice day!<br />\n",
    "PostedDate": "2014-03-21T04:09:14.147-07:00",
    "UserRole": null,
    "MarkedAsAnswerDate": null
  },
  {
    "Id": "1225498",
    "ThreadId": "539714",
    "Html": "Indeed a strange bug, someone else reported something similar but i couldn't reproduce the issue even with his input so, guess there is some environment thing to it as well.\r<br />\nWill add the change to the code for HtmlPanel and HtmlLabel.\r<br />\nThx for finding it.<br />\n",
    "PostedDate": "2014-03-22T04:23:04.003-07:00",
    "UserRole": null,
    "MarkedAsAnswerDate": null
  }
]