[
  {
    "Id": "1041061",
    "ThreadId": "443011",
    "Html": "Can this control support editing of text content? Some browsers support contenteditable, and if HtmlRenderer supports something similar it would be very useful.<br />\n",
    "PostedDate": "2013-05-08T13:41:07.417-07:00",
    "UserRole": null,
    "MarkedAsAnswerDate": null
  },
  {
    "Id": "1041227",
    "ThreadId": "443011",
    "Html": "It would be very useful, unfortunately it's very complex feature, I don't see it been added in the near future.<br />\n",
    "PostedDate": "2013-05-09T00:10:59.717-07:00",
    "UserRole": null,
    "MarkedAsAnswerDate": null
  },
  {
    "Id": "1148448",
    "ThreadId": "443011",
    "Html": "I also need a very simple editor. Can the following be accomplished by HTML Renderer?<br />\n<ol>\n<li>Display a 'caret' symbol/image at a specified position.</li>\n<li>Raise keyboard events eg: arrow keys</li>\n<li>Raise mouse events.</li>\n<li>\nReturn 'text-only' (ie non-HTML) content.<br />\n</li>\n</ol>\nThanks,\r<br />\nGareth.<br />\n",
    "PostedDate": "2014-01-04T16:44:23.217-08:00",
    "UserRole": null,
    "MarkedAsAnswerDate": null
  },
  {
    "Id": "1149672",
    "ThreadId": "443011",
    "Html": "You may find <a href=\"http://www.modeltext.com/html/index.aspx\" rel=\"nofollow\">HTML Edit Control</a> useful.<br />\n",
    "PostedDate": "2014-01-05T04:37:00.62-08:00",
    "UserRole": null,
    "MarkedAsAnswerDate": null
  }
]