[
  {
    "Id": "1157417",
    "ThreadId": "489585",
    "Html": "Hi,\r<br />\n<br />\nI have a some html that has .css files included. Is there a way to get the HTML rendered with the css included?\r<br />\n<br />\nPatrick<br />\n",
    "PostedDate": "2014-01-12T05:06:15.197-08:00",
    "UserRole": null,
    "MarkedAsAnswerDate": null
  },
  {
    "Id": "1157757",
    "ThreadId": "489585",
    "Html": "The standard way should work fine<br />\n",
    "PostedDate": "2014-01-12T07:25:36.75-08:00",
    "UserRole": null,
    "MarkedAsAnswerDate": null
  },
  {
    "Id": "1213715",
    "ThreadId": "489585",
    "Html": "Patrick, I thought the same, that I had to do something manually to get external CSS stylesheets applied to the HTML, but you do not. The standard way HTML Renderer works is that if it sees a &lt;link&gt; tag that points to a stylesheet, it will pull it in and apply it. Just make sure the URI to the stylesheet is valid and accessible to HTML Renderer.<br />\n",
    "PostedDate": "2014-02-24T06:48:51.803-08:00",
    "UserRole": null,
    "MarkedAsAnswerDate": null
  }
]