[
  {
    "Id": "1138335",
    "ThreadId": "474957",
    "Html": "Hi,\r<br />\nI tried loading some SVG images in the demo program but got an error when I put an SVG image inside an &lt;img&gt; tag, and it did not render when I put it on its own (inside a div).\r<br />\n<br />\nIt is probably the case that SVG images are not supported yet, but do you intend to add support?\r<br />\n<br />\nPS. The error I got was: <strong>Failed to load Image from disk</strong>\r<br />\nThe ArgumentException was: <strong>Parameter is not valid</strong><br />\n",
    "PostedDate": "2013-12-19T09:52:21.073-08:00",
    "UserRole": null,
    "MarkedAsAnswerDate": null
  },
  {
    "Id": "1140311",
    "ThreadId": "474957",
    "Html": "Unfortunately SVG format is not supported by .NET\r<br />\nBut there is a workaround, see <a href=\"https://htmlrenderer.codeplex.com/wikipage?title=Rendering%20SVG%20images\" rel=\"nofollow\">Rendering SVG images</a>.<br />\n",
    "PostedDate": "2013-12-20T07:18:05.09-08:00",
    "UserRole": null,
    "MarkedAsAnswerDate": "2013-12-20T09:12:58.87-08:00"
  },
  {
    "Id": "1140345",
    "ThreadId": "474957",
    "Html": "ArthurTep, thanks for that quick response, and the workaround using the svg renderer code  is ok though it falls short of what I required it for, i.e no support for animations. Still, HTML Renderer (used with SVG Renderer or on its own) will be handy for some other projects I have. \r<br />\nHandy project this!<br />\n",
    "PostedDate": "2013-12-20T09:12:50.26-08:00",
    "UserRole": null,
    "MarkedAsAnswerDate": null
  },
  {
    "Id": "1324847",
    "ThreadId": "474957",
    "Html": "The workaround suggested works when I have <code>&lt;img src=&quot;my.svg&quot;/&gt;</code>.  However, I was wondering if there was anyway to replace the <code>&lt;img&gt;</code> tag with a raw <code>&lt;svg&gt;</code> tag, and still have the rendering work.  Is this possible somehow? Thanks!<br />\n",
    "PostedDate": "2014-11-21T10:33:59.41-08:00",
    "UserRole": null,
    "MarkedAsAnswerDate": null
  },
  {
    "Id": "1326827",
    "ThreadId": "474957",
    "Html": "you will have to extract the svg tags data from the html, replace with img tag and then provide the rendered svg.<br />\n",
    "PostedDate": "2014-11-27T09:09:21.88-08:00",
    "UserRole": null,
    "MarkedAsAnswerDate": null
  }
]