[
  {
    "Id": "1258025",
    "ThreadId": "549157",
    "Html": "I'm trying to render an HtmlLabel over a gradient background by setting BackColor=Color.Transparent in the HtmlLabel, but it seems to be picking up the colour of the top right pixel of the background and painting the entire label background as a solid of that colour.\r<br />\n<br />\nIs there a way to get true transparency behind the HtmlLabel?<br />\n",
    "PostedDate": "2014-06-19T12:50:25.55-07:00",
    "UserRole": null,
    "MarkedAsAnswerDate": null
  },
  {
    "Id": "1258178",
    "ThreadId": "549157",
    "Html": "It should work as expected, there is nothing in code that can &quot;pickup&quot; color.\r<br />\nYou can see it in action on the sample form that is part of the demo app:\r<br />\n<img src=\"http://snag.gy/LKAte.jpg\" alt=\"Image\" />\r<br />\n<br />\nCan you provide sample code that reproduces the issue?<br />\n",
    "PostedDate": "2014-06-20T02:45:25.443-07:00",
    "UserRole": null,
    "MarkedAsAnswerDate": null
  }
]