[
  {
    "Id": "1467947",
    "ThreadId": "652906",
    "Html": "Hi,\r<br />\n When I use RenderToImage() method generate the image , there is a problem images Content.\r<br />\n<br />\nhtml:<br />\n<blockquote>\nstring html = &quot;&lt;html&gt;&lt;body&gt;&lt;table&gt;&lt;tr&gt;&lt;td style=\\&quot;writing-mode:rl-tb;direction:rtl;text-align:right;\\&quot;&gt;מצופה : %55 אצטט / %45 אקרילי / למטה&lt;/td&gt;&lt;/tr&gt;&lt;/table&gt;&lt;hr/&gt;&lt;div align=\\&quot;left\\&quot; style=\\&quot;width: 380px;font-family:Clotex Universal Icon;font-size:30pt\\&quot;&gt;¶—∆ě∕&lt;/div&gt;&lt;/body&gt;&lt;/html&gt;&quot;;<br />\n</blockquote>\ncode:<br />\n<blockquote>\nSystem.Drawing.Image image = HtmlRender.RenderToImage(html);<br />\nvar bitmap = new Bitmap(image);<br />\n<a href=\"mailto:bitmap.Save(@&quot;D:\\Test.png&quot;,\" rel=\"nofollow\">bitmap.Save(@\"D:\\Test.png\",</a> ImageFormat.Png);<br />\n</blockquote>\ngenarete image:\r<br />\n<a href=\"http://nike-demo.1-label.com/Images/Test_Error.Png\" rel=\"nofollow\">Image</a>\r<br />\n<br />\nHowever, the correct display should be as follows:\r<br />\n<a href=\"http://nike-demo.1-label.com/Images/Test_True.Png\" rel=\"nofollow\">Image</a>\r<br />\n<br />\nHow solve it?<br />\n",
    "PostedDate": "2016-03-24T23:35:49.653-07:00",
    "UserRole": null,
    "MarkedAsAnswerDate": null
  },
  {
    "Id": "1468180",
    "ThreadId": "652906",
    "Html": "<h1></h1>\nI found a problem.<br />\n<br />\nIf I set the Image Size, the generate Image display normal.<br />\n<blockquote>\nSystem.Drawing.Image image = HtmlRender.RenderToImage(html, new System.Drawing.Size(400, 200));<br />\n</blockquote>\n<hr />\nNow the problem is that I don't know the height of the image.<br />\n<br />\nHow can I calculate the height of html?<br />\n",
    "PostedDate": "2016-03-27T20:11:47.93-07:00",
    "UserRole": null,
    "MarkedAsAnswerDate": null
  }
]