[
  {
    "Id": "599345",
    "ThreadId": "254395",
    "Html": "\r\n<p>Two questions: first, what is the license? The license page says BSD, but the demo app says GNU GPL. The GPL is too restrictive for me to use (although LGPL would be fine).</p>\r\n<p>Second, has the project been abandoned?</p>\r\n",
    "PostedDate": "2011-04-18T13:27:46.867-07:00",
    "UserRole": null,
    "MarkedAsAnswerDate": null
  },
  {
    "Id": "940977",
    "ThreadId": "254395",
    "Html": "\r\n<p>Changed demo page to BSD referencing this project.</p>\r\n<p>I will be contributing to the project.</p>\r\n",
    "PostedDate": "2012-11-13T06:40:37.093-08:00",
    "UserRole": null,
    "MarkedAsAnswerDate": null
  }
]