[
  {
    "Id": "267775",
    "ThreadId": "78270",
    "Html": "<p>In the description on the main page is says that the HTML Label object can have a background = transparent.&nbsp; I have tried to set the background to transparent and it says it is not a valid parameter.</p>\r\n<p>Anyone run into this problem or even better, know how to get around it?</p>\r\n<p>Thanks in advance.</p>\r\n<p>&nbsp;</p>",
    "PostedDate": "2009-12-15T14:59:04.28-08:00",
    "UserRole": null,
    "MarkedAsAnswerDate": null
  },
  {
    "Id": "940984",
    "ThreadId": "78270",
    "Html": "\r\n<p>fixed in 1.1.0.0</p>\r\n",
    "PostedDate": "2012-11-13T06:48:48.373-08:00",
    "UserRole": null,
    "MarkedAsAnswerDate": null
  }
]