[
  {
    "Id": "1130558",
    "ThreadId": "471600",
    "Html": "Hi,<br />\nI tried to add RTL support for my html. I added the RTL tag to every object but didn't worked:<br />\n<pre><code>                       var sb = new StringBuilder();\n            sb.Append(@&quot;&lt;!DOCTYPE HTML PUBLIC &quot;&quot;-//W3C//DTD HTML 4.01 Transitional//EN&quot;&quot; &quot;&quot;http://www.w3.org/TR/html4/loose.dtd&quot;&quot;&gt;\n                        &lt;html xmlns=&quot;&quot;http://www.w3.org/1999/xhtml&quot;&quot; dir=&quot;&quot;rtl&quot;&quot;&gt;\n                        &lt;head&gt;\n&lt;/head&gt;&lt;body dir=&quot;&quot;rtl&quot;&quot; style=&quot;&quot;direction:rtl&quot;&quot;&gt;&quot;);\n\n            foreach (var item in data)\n            {\n                sb.Append(item.Content);\n                sb.Append(&quot;&lt;br/&gt;&lt;/br&gt;&lt;br/&gt;&lt;/br&gt;&quot;);\n            }\n\n\n            sb.Append(&quot;&lt;/body&gt;&lt;/html&gt;&quot;);\n\n\n            var css = HtmlRenderer.CssData.Parse(&quot;html { direction:rtl; text-align:right } body { direction:rtl; text-align:right } table { direction:rtl!important; }&quot;, true);\n\n            \n\n            var img = HtmlRenderer.HtmlRender.RenderToImage(sb.ToString(), 600,  cssData: css);\n\n            img.Save(Path.Combine(path, &quot;file.jpg&quot;));</code></pre>\n\nI'm using the latest version (1.4.10).<br />\n<br />\nThank you for you help.<br />\n",
    "PostedDate": "2013-11-30T13:58:02.4-08:00",
    "UserRole": null,
    "MarkedAsAnswerDate": null
  },
  {
    "Id": "1130614",
    "ThreadId": "471600",
    "Html": "there is a bug with handling &lt;br/&gt; elements in RTL\r<br />\nUntil I fix it you can set RTL only on div that has the content in it like so:<br />\n<pre><code>&lt;html&gt;\n&lt;style&gt;\nbody { text-align:right }\n&lt;/style&gt;\n&lt;body&gt;\n&lt;div dir=&quot;rtl&quot;&gt;\nשלום עולם יש ברבורים בעגם\n&lt;/div&gt;\n&lt;br/&gt;\n&lt;/body&gt;\n&lt;/html&gt;</code></pre>\n\nNote: currently the RTL support is very basic so make sure it works for you.<br />\n",
    "PostedDate": "2013-12-01T01:20:08.87-08:00",
    "UserRole": null,
    "MarkedAsAnswerDate": null
  }
]