[
  {
    "Id": "1005230",
    "ThreadId": "434114",
    "Html": "I'm seriously scratching my head over some of the behavior for the rendering used in a label.\r<br />\n<br />\nWith AutoSize = True (min/max are 0 for the label), content is rendered at the narrowest width possible rather than the default (for either HTML content or the Windows Forms Label) of taking as much room as it can. With a browser, the parent container will constrain content while in the case of a normal Label it will continue on past the borders. At a minimum, I would expect the normal Label behavior (extending past the borders) and ideally it would constrain itself to the parent.\r<br />\n<br />\nThe behavior is the same with AutoSize = False and AutoSizeHeightOnly = False, though in this case, if I set a label to a particular size, I expect the content to run past the border of the label (as opposed to the border of the parent above).\r<br />\n<br />\nIt was only by setting a specific size, anchors, AutoSize = False and AutoSizeHeightOnly = True (plus marking the html as centered) that I could get a semblance of normal operation out of the HtmlLabel. Other than a transparent background (a strange limitation on the HtmlPanel, btw) I'm not sure why I would ever use the HtmlLabel if I have to set it up like the panel in the first place.<br />\n",
    "PostedDate": "2013-02-22T06:18:08.767-08:00",
    "UserRole": null,
    "MarkedAsAnswerDate": null
  },
  {
    "Id": "1006129",
    "ThreadId": "434114",
    "Html": "Sorry about that, dynamic width is the less common scenario so there are a few bugs there, will be fixed in v1.4\r<br />\n<br />\nThe major differential to use HtmlPanel or HtmlLabel is size and scrollbars.\r<br />\nIf the size of the control depends on the html content the HtmlLabel should be used.\r<br />\nIf the size is set by some kind of layout then HtmlPanel is more suitable, also shows scrollbars if the html contents is larger than the control client rectangle.\r<br />\nAlso the HtmlPanel scrollbars making transparency is kinda weird so it is not allowed.\r<br />\n<br />\n<strong>AutoSize = AutoSizeHeightOnly = false</strong> (has bug in v1.3, will be fixed in v1.4)\r<br />\nThe label size will not change by the html content. MaximumSize and MinimumSize are ignored. \r<br />\n<br />\n<strong>AutoSizeHeightOnly = true</strong>\r<br />\nThis is a special case that I believe very missing from WinForms label.\r<br />\nThe width of the label is set and will not change by the content, the height is adjustable by the html content with restrictions to the MaximumSize.Height and MinimumSize.Height values.\r<br />\n<br />\n<strong>AutoSize = true</strong> (has bug in v1.3, will be fixed in v1.4)\r<br />\nThe width and height is adjustable by the html content, the width will be longest line in the html, MaximumSize.Width will restrict it but it can be lower than that.\r<br />\n<br />\nNote: Not rendering outside control client rectangle is fundamentally the way WinForms works.\r<br />\n<br />\nNot sure why you needed to center the html though..<br />\n",
    "PostedDate": "2013-02-25T00:07:55.06-08:00",
    "UserRole": null,
    "MarkedAsAnswerDate": null
  },
  {
    "Id": "1006654",
    "ThreadId": "434114",
    "Html": "<blockquote>\nNot sure why you needed to center the html though..<br />\n</blockquote>\nOnce the HtmlLabel will resize itself based on the content, I won't need to (centering via &lt;center&gt;&lt;/center&gt; has another issue I'll mention in a moment). The current use case for the HtmlLabel is to replace a set of controls I'm using to render the content in my example. I have five label controls (two which give me the dynamic content/bold text required for the display). I have these set in a panel (itself inside a TableFlowPanel with no anchors so it floats in the center of the row). When the content changes, I go through a centering pass to position all the labels so it appears as one block of text. With HtmlLabel auto-sized, I can just let the control replace the panel/labels and let the TableFlowPanel position the control when it changes size.\r<br />\n<br />\nI haven't replaced these labels yet, but if I go forward with HtmlLabel as it stands now, I would have to set AutoSizeHeightOnly = true, stretch the HtmlLabel across the panel, anchor it left/right and then force an invalidate on the HtmlLabel whenever the panel changes size. The reason for the invalidate is the label does not update itself whenever it's size changes. It probably should take another render pass on resize (for any and all location-setting html/css) to make sure the content is positioned properly for the new size.<br />\n",
    "PostedDate": "2013-02-25T19:40:13.413-08:00",
    "UserRole": null,
    "MarkedAsAnswerDate": null
  },
  {
    "Id": "1006742",
    "ThreadId": "434114",
    "Html": "From your description I would say using AutoSizeHeightOnly = true and center is the best option.\r<br />\nYou just anchor the label and let it layout the text by itself.\r<br />\nIf everything is set correctly there is no need to invalidate or manually layout anything.<br />\n",
    "PostedDate": "2013-02-26T00:22:19.8-08:00",
    "UserRole": null,
    "MarkedAsAnswerDate": null
  }
]