{
  "WorkItem": {
    "AffectedComponent": {
      "Name": "",
      "DisplayName": ""
    },
    "ClosedComment": "",
    "ClosedDate": "2013-10-19T08:37:31.51-07:00",
    "CommentCount": 1,
    "Custom": null,
    "Description": "Hello and thank you for this fantastic library.\r\n\r\nOne problem that I have is that when I raise an exception from within a LinkClicked event handler - the exception never makes it to my application-wide exception routines (Application.ThreadException and AppDomain.CurrentDomain.UnhandledException).\r\n\r\nWhen I raise an exception from within any other control event handlers, the application-wide exception routines are notified.\r\n\r\nThis is because in HtmlContainer.ReportError, the code attempts to render the exception as HTML but if that fails too, the catch block eats the exception.\r\n\r\nInstead of attempting to render errors as HTML, the code should simply allow _those_ exceptions to be raised.",
    "LastUpdatedDate": "2017-12-09T14:51:43.353-08:00",
    "PlannedForRelease": "1.4.14.0",
    "ReleaseVisibleToPublic": true,
    "Priority": {
      "Name": "Low",
      "Severity": 50,
      "Id": 1
    },
    "ProjectName": "HtmlRenderer",
    "ReportedDate": "2013-10-11T11:27:22.74-07:00",
    "Status": {
      "Name": "Closed",
      "Id": 4
    },
    "ReasonClosed": {
      "Name": "Fixed"
    },
    "Summary": "LinkClicked event is eating Exceptions",
    "Type": {
      "Name": "Issue",
      "Id": 3
    },
    "VoteCount": 1,
    "Id": 9020
  },
  "FileAttachments": [],
  "Comments": [
    {
      "Message": "Thank you.\n\nReportError doesn't renders the error in html, it is reporting errors the occurred during html rendering to the client so they won't go unnoticed, the client can't do much with them apart from logging for debugging purposes. \nDuring the different stages of html rendering propagating the exception to the top of the stack is unacceptable as it will stop html rendering for what can be minor error or event terminate the process, that's thy the ReportError event mechanism is used.\nIf there is an error in reporting the error it will be swallowed as there isn't much to do with it.\n\nYou are correct that exception from client code, as opposed to html renderer internal logic code, don't need to follow the same scheme so in case an exception is thrown from LinkClicked event handler it should propagate to the top.\nSo this scenario I will fix in the next version.\nIt is probably apply only to LinkClicked event as ImageLoad event for example can't propagate the exception to the top as it will break the html rendering logic preventing the render of the html with broken image indicator as is expected from web browser placement control.\n\nAs a side note, global exception handlers should be used as a last resort for logging unexpected errors in the application similarly to the ReportError event.",
      "PostedDate": "2013-10-12T09:12:54.267-07:00",
      "Id": 118250
    }
  ]
}