{
  "WorkItem": {
    "AffectedComponent": {
      "Name": "",
      "DisplayName": ""
    },
    "ClosedComment": "",
    "ClosedDate": null,
    "CommentCount": 0,
    "Custom": null,
    "Description": "Error:\r\n```\r\nMethod not found: 'Void TheArtOfDev.HtmlRenderer.Core.HtmlContainerInt.SetMargins(Int32)'. \r\nInstances of this error (10)  \r\n1.   Hide Call Stack \r\nat TheArtOfDev.HtmlRenderer.WinForms.HtmlContainer..ctor()\r\nat TheArtOfDev.HtmlRenderer.WinForms.HtmlPanel..ctor() in myFolder\\HtmlRenderer.WinForms\\HtmlPanel.cs:line 121\r\n```\r\n\r\nI was using HTML-Renderer for few weeks now and I have no problems before, but now instead of opening design of Forms with HtmlPanel in it, this weird error is there for each HtmlPanel in Form.\r\nApplication can be started and debugged step by step to HtmlContainer line 56: `_htmlContainerInt.SetMargins(0);` to HtmlContainerInt line 454:\r\n```\r\npublic void SetMargins(int value)\r\n        {\r\n            if (value > -1)\r\n                _marginBottom = _marginLeft = _marginTop = _marginRight = value;\r\n        }\r\n```\r\nEverything is OK application run normally. At run time if found method as expected, even `F12 Go To Definition` work.\r\nBut designer not work, I already try to clean solution, rebuild, reboot system.\r\nThanks in advance for your help.\r\n[I already post this on github.com](https://github.com/ArthurHub/HTML-Renderer/issues/60)",
    "LastUpdatedDate": "2017-01-06T21:15:05.993-08:00",
    "PlannedForRelease": "",
    "ReleaseVisibleToPublic": false,
    "Priority": {
      "Name": "Unassigned",
      "Severity": 0,
      "Id": 0
    },
    "ProjectName": "HtmlRenderer",
    "ReportedDate": "2017-01-06T21:15:05.993-08:00",
    "Status": {
      "Name": "Proposed",
      "Id": 1
    },
    "ReasonClosed": {
      "Name": "Unassigned"
    },
    "Summary": "Method not found: 'Void TheArtOfDev.HtmlRenderer.Core.HtmlContainerInt.SetMargins(Int32)'",
    "Type": {
      "Name": "Unassigned",
      "Id": 5
    },
    "VoteCount": 1,
    "Id": 9112
  },
  "FileAttachments": [],
  "Comments": []
}