{
  "WorkItem": {
    "AffectedComponent": {
      "Name": "",
      "DisplayName": ""
    },
    "ClosedComment": "",
    "ClosedDate": "2013-02-21T07:42:56.553-08:00",
    "CommentCount": 0,
    "Custom": "",
    "Description": "Code says:\n  case CssConstants.TableRowGroup:\n    foreach (CssBox bb in b.Boxes)\n    {\n      if (b.Display == CssConstants.TableRow)\n      {\n        this.BodyRows.Add(b);\n      }\n    }\n \nI think you meant to do\n \n      if (bb.Display == CssConstants.TableRow)\n      {\n        this.BodyRows.Add(bb);\n      }",
    "LastUpdatedDate": "2013-05-16T03:19:34.873-07:00",
    "PlannedForRelease": "1.3.0.0",
    "ReleaseVisibleToPublic": true,
    "Priority": {
      "Name": "Low",
      "Severity": 50,
      "Id": 1
    },
    "ProjectName": "HtmlRenderer",
    "ReportedDate": "2012-07-12T13:07:12.993-07:00",
    "Status": {
      "Name": "Closed",
      "Id": 4
    },
    "ReasonClosed": {
      "Name": "Unassigned"
    },
    "Summary": "Possible bug in CssTable.cs:Analyze(Graphics g)",
    "Type": {
      "Name": "Issue",
      "Id": 3
    },
    "VoteCount": 1,
    "Id": 8106
  },
  "FileAttachments": [],
  "Comments": []
}