{
  "WorkItem": {
    "AffectedComponent": {
      "Name": "",
      "DisplayName": ""
    },
    "ClosedComment": "fixed in 1.3.0.0",
    "ClosedDate": "2013-01-13T09:40:56.4-08:00",
    "CommentCount": 0,
    "Custom": "",
    "Description": "File: Parse\\CssValueParser.cs\nFunction: public static Color GetActualColor(string colorValue)\nApproximate Line: 247\n\nIssue:\nI'm rendering HTML documents from C# code, using .NET colors and fonts. Currently HtmlRender doesn't recognize (most of) the color names.\n\nDescription:\nBefore GetActualColor gives up and returns empty \"unknown color\", I added a call to Color.FromName():\n Color c = Color.FromName(colorValue);\n\nThis lets us use all the .NET named colors cheaply. \n\nCode change:\n\n                if (string.IsNullOrEmpty(hex))\n                {\n                    try\n                    {\n                        Color c = Color.FromName(colorValue);\n                        r = c.R;\n                        g = c.G;\n                        b = c.B;\n                    }\n                    catch\n                    {\n                        return onError;\n                    }\n                }\n                else\n                {\n                    Color c = GetActualColor(hex);\n                    r = c.R;\n                    g = c.G;\n                    b = c.B;\n                }\n            }\n\n            return Color.FromArgb(r, g, b);\n        }",
    "LastUpdatedDate": "2013-05-16T03:19:34.287-07:00",
    "PlannedForRelease": "1.3.0.0",
    "ReleaseVisibleToPublic": true,
    "Priority": {
      "Name": "Low",
      "Severity": 50,
      "Id": 1
    },
    "ProjectName": "HtmlRenderer",
    "ReportedDate": "2012-12-12T08:22:10.66-08:00",
    "Status": {
      "Name": "Closed",
      "Id": 4
    },
    "ReasonClosed": {
      "Name": "Unassigned"
    },
    "Summary": ".NET Color.FromName() to use .NET color names",
    "Type": {
      "Name": "Issue",
      "Id": 3
    },
    "VoteCount": 1,
    "Id": 8454
  },
  "FileAttachments": [],
  "Comments": []
}