{
  "WorkItem": {
    "AffectedComponent": {
      "Name": "",
      "DisplayName": ""
    },
    "ClosedComment": "",
    "ClosedDate": "2014-01-04T09:51:09.47-08:00",
    "CommentCount": 1,
    "Custom": null,
    "Description": "Hello,\r\n\r\nJust been having a quick look at your control as I was about to resurrect a truly ancient HtmlLabel control I wrote over a decade ago in VB6! Although yours has many more features and saves me reinventing the wheel.\r\n\r\nAssuming I go ahead and use it I'll be adding a bit of functionality to which I'll submit a pull request, but my main reason for this issue report is the most basic - strong naming.\r\n\r\nCurrently the HTML Renderer library doesn't use a strong name. As all my projects use them, it means I can't use libraries without. Do you have any plans to sign the assemblies with a strong name?\r\n\r\nThere seems to be something of a war where some people love them and some hate them (kind of like the endless tab vs space indenting!) but I much prefer to have them. I can always add one to my forked code, but I guess it would complicate things if I'm trying to submit patches to make sure I remember to exclude it.\r\n\r\nRegards;\r\nRichard Moss\r\n",
    "LastUpdatedDate": "2014-01-04T09:51:09.47-08:00",
    "PlannedForRelease": "",
    "ReleaseVisibleToPublic": false,
    "Priority": {
      "Name": "Unassigned",
      "Severity": 0,
      "Id": 0
    },
    "ProjectName": "HtmlRenderer",
    "ReportedDate": "2014-01-04T05:25:33.123-08:00",
    "Status": {
      "Name": "Closed",
      "Id": 4
    },
    "ReasonClosed": {
      "Name": "Unassigned"
    },
    "Summary": "Strong name",
    "Type": {
      "Name": "Unassigned",
      "Id": 5
    },
    "VoteCount": 1,
    "Id": 9026
  },
  "FileAttachments": [],
  "Comments": [
    {
      "Message": "Glad you can find the library of use to you and I'm always happy to receive help with it.\nI won't be adding a strong name, not a big fan of it and most projects don't need it.\nIf I were in your place I would sign the dll with my own strong name to a pre-compiled dll like so: \n[Adding a Strong Name to an existing DLL](http://www.geekzilla.co.uk/ViewCE64BEF3-51A6-4F1C-90C9-6A76B015C9FB.htm)",
      "PostedDate": "2014-01-04T09:50:58.393-08:00",
      "Id": 129088
    }
  ]
}