{
  "WorkItem": {
    "AffectedComponent": {
      "Name": "",
      "DisplayName": ""
    },
    "ClosedComment": "",
    "ClosedDate": null,
    "CommentCount": 0,
    "Custom": null,
    "Description": "The current prerelease package of PdfSharp (1.50.4000-beta3b) fixes support for Acrobat 6 istreams; unfortunately they reorganized their assemblies and from now on the needed assembly has a \"-gdi\" postfix in the name (same for Migradoc), so HtmlRenderer.PdfSharp pulls in the wrong dependency.\r\n\r\nA prerelease package of HtmlRenderer.PdfSharp depending on PdfSharp-gdi >= 1.50.4000-beta3b would fix this; and is needed anyway going forward.\r\n\r\n",
    "LastUpdatedDate": "2016-02-29T03:47:44.423-08:00",
    "PlannedForRelease": "",
    "ReleaseVisibleToPublic": false,
    "Priority": {
      "Name": "Unassigned",
      "Severity": 0,
      "Id": 0
    },
    "ProjectName": "HtmlRenderer",
    "ReportedDate": "2016-02-27T23:16:36.533-08:00",
    "Status": {
      "Name": "Proposed",
      "Id": 1
    },
    "ReasonClosed": {
      "Name": "Unassigned"
    },
    "Summary": "Provide prelease NuGet package depending on PdfSharp-gdi 1.50.4000-beta3b",
    "Type": {
      "Name": "Unassigned",
      "Id": 5
    },
    "VoteCount": 1,
    "Id": 9101
  },
  "FileAttachments": [],
  "Comments": []
}