{
  "WorkItem": {
    "AffectedComponent": {
      "Name": "",
      "DisplayName": ""
    },
    "ClosedComment": "",
    "ClosedDate": "2013-09-23T09:11:59.483-07:00",
    "CommentCount": 0,
    "Custom": null,
    "Description": "I have a problem with a table nested in another table cell:\r\n```\r\n<html>\r\n\t<head>\r\n\t\t<title>Tables</title>\r\n\t\t<style type=\"text/css\">\r\n\t\t\ttable td{\r\n\t\t\t  border-width:1px;\r\n\t\t\t  border-style:solid;\r\n\t\t\t  border-color:blue;\r\n\t\t\t}\t\t\r\n\t\t</style>\r\n\t</head>\r\n\t<body>\r\n\t   <table>\r\n\t\t   <tr>\r\n\t\t\t   <td>\r\n\t\t\t\t  <table width=\"100%\">\r\n\t\t\t\t\t  <tr>\r\n\t\t\t\t\t\t  <td style=\"white-space:nowrap;\">Left Inner Cell One</td>\r\n\t\t\t\t\t\t  <td style=\"white-space:nowrap;\" align=\"right\">Right Inner Cell Two</td>\r\n\t\t\t\t\t  </tr>\r\n\t\t\t\t  </table>\r\n\t\t\t   </td>\r\n\t\t   </tr>\r\n\t   </table>\r\n\t</body>\r\n</html>\r\n```\r\n\r\nThe outer table cell is not wide enough to display the content:\r\n![Image](http://cdn01.trixum.de/upload2/31800/31767/5/553b96edc0a4eeb2b95e7d686c9e47b22.jpg)\r\n\r\nAnother with col span:\r\n'''\r\n<html>\r\n<body>\r\n        <div class=\"caption\">\r\n            Table with colspans:</div>\r\n        <table>\r\n            <tr>\r\n                <td colspan=\"2\" nowrap>\r\n                    Cell One Cell One Cell this text is not visible\r\n                </td>\r\n                <td>\r\n                    Cell Two\r\n                </td>\r\n            </tr>\r\n            <tr>\r\n                <td>\r\n                    Cell Three\r\n                </td>\r\n                <td>\r\n                    Cell Four\r\n                </td>\r\n                <td>\r\n                    Cell Five\r\n                </td>\r\n            </tr>\r\n        </table>\r\n</body>\r\n</html>\r\n'''\r\n\r\nOlaf",
    "LastUpdatedDate": "2017-12-09T14:51:43.353-08:00",
    "PlannedForRelease": "1.4.14.0",
    "ReleaseVisibleToPublic": true,
    "Priority": {
      "Name": "Medium",
      "Severity": 100,
      "Id": 2
    },
    "ProjectName": "HtmlRenderer",
    "ReportedDate": "2013-09-22T00:40:22.137-07:00",
    "Status": {
      "Name": "Closed",
      "Id": 4
    },
    "ReasonClosed": {
      "Name": "Fixed"
    },
    "Summary": "tables layout issues",
    "Type": {
      "Name": "Issue",
      "Id": 3
    },
    "VoteCount": 1,
    "Id": 9016
  },
  "FileAttachments": [],
  "Comments": []
}