{
  "WorkItem": {
    "AffectedComponent": {
      "Name": "",
      "DisplayName": ""
    },
    "ClosedComment": "",
    "ClosedDate": null,
    "CommentCount": 2,
    "Custom": null,
    "Description": "after reviewing the code I noticed that they height is often calculated in reverse, starting from the children and working up to the parent.  The problem is that if you use % for sizing your elements this completely breaks because the .Size for every box is 0 while the layout is being generated..  I haven't been able to find an easy fix for this yet...",
    "LastUpdatedDate": "2015-08-31T23:23:20.277-07:00",
    "PlannedForRelease": "",
    "ReleaseVisibleToPublic": false,
    "Priority": {
      "Name": "Unassigned",
      "Severity": 0,
      "Id": 0
    },
    "ProjectName": "HtmlRenderer",
    "ReportedDate": "2014-05-05T17:48:07.707-07:00",
    "Status": {
      "Name": "Proposed",
      "Id": 1
    },
    "ReasonClosed": {
      "Name": "Unassigned"
    },
    "Summary": "support liquid layout",
    "Type": {
      "Name": "Unassigned",
      "Id": 5
    },
    "VoteCount": 3,
    "Id": 9035
  },
  "FileAttachments": [],
  "Comments": [
    {
      "Message": "Any luck with this issue, I'm having the same problem.",
      "PostedDate": "2014-06-04T10:58:32-07:00",
      "Id": 148827
    },
    {
      "Message": "I know it's an important feature but unfortunately a complicated one.\nI don't think I will be able to work on it in the near future, sorry.",
      "PostedDate": "2014-06-05T01:02:37.247-07:00",
      "Id": 148903
    }
  ]
}