{
  "WorkItem": {
    "AffectedComponent": {
      "Name": "",
      "DisplayName": ""
    },
    "ClosedComment": "",
    "ClosedDate": null,
    "CommentCount": 0,
    "Custom": null,
    "Description": "I wonder if it's possible to set the resolution of the picture generatedion by HtmlRenderer, without changing the font size of the html content.\r\n\r\nThank you in advance!\r\n\r\nJeromerg",
    "LastUpdatedDate": "2015-12-03T06:02:22.2-08:00",
    "PlannedForRelease": "",
    "ReleaseVisibleToPublic": false,
    "Priority": {
      "Name": "Unassigned",
      "Severity": 0,
      "Id": 0
    },
    "ProjectName": "HtmlRenderer",
    "ReportedDate": "2015-12-03T06:02:22.2-08:00",
    "Status": {
      "Name": "Proposed",
      "Id": 1
    },
    "ReasonClosed": {
      "Name": "Unassigned"
    },
    "Summary": "How do you set the resolution (dpi)?",
    "Type": {
      "Name": "Unassigned",
      "Id": 5
    },
    "VoteCount": 1,
    "Id": 9093
  },
  "FileAttachments": [],
  "Comments": []
}