{
  "WorkItem": {
    "AffectedComponent": {
      "Name": "",
      "DisplayName": ""
    },
    "ClosedComment": "",
    "ClosedDate": null,
    "CommentCount": 2,
    "Custom": null,
    "Description": "I am trying to use PDFSharp in our project but it seems that the assemblies are not signed and we get compile error in our project\r\n\r\nError\t3\tAssembly generation failed -- Referenced assembly 'HtmlRenderer' does not have a strong Error\t2\tAssembly generation failed -- Referenced assembly 'HtmlRenderer.PdfSharp' does not have a strong name\r\n",
    "LastUpdatedDate": "2016-12-05T19:35:16.707-08:00",
    "PlannedForRelease": "",
    "ReleaseVisibleToPublic": false,
    "Priority": {
      "Name": "Unassigned",
      "Severity": 0,
      "Id": 0
    },
    "ProjectName": "HtmlRenderer",
    "ReportedDate": "2015-12-23T12:05:01.127-08:00",
    "Status": {
      "Name": "Proposed",
      "Id": 1
    },
    "ReasonClosed": {
      "Name": "Unassigned"
    },
    "Summary": "Strong Name Assemblies Error",
    "Type": {
      "Name": "Unassigned",
      "Id": 5
    },
    "VoteCount": 4,
    "Id": 9095
  },
  "FileAttachments": [],
  "Comments": [
    {
      "Message": "also hitting this issue; tracking",
      "PostedDate": "2016-01-07T10:42:21.553-08:00",
      "Id": 195167
    },
    {
      "Message": "I'm also hitting this issue. I want to use HTML Renderer to render HTML as images in SQL Server Reporting Services (SSRS) reports. The problem is that SSRS is quite secure in the way it needs to be extended so it would allow for a much simpler/cleaner solution if the HTML Renderer DLLs were strong name assemblies.",
      "PostedDate": "2016-12-05T19:27:28.073-08:00",
      "Id": 205490
    }
  ]
}