{
  "WorkItem": {
    "AffectedComponent": {
      "Name": "",
      "DisplayName": ""
    },
    "ClosedComment": "fixed in 1.2.0.0",
    "ClosedDate": "2012-11-29T09:23:07.48-08:00",
    "CommentCount": 2,
    "Custom": "",
    "Description": "I'm facing a problem with spacing... i wan't to bold a \"part\" of an text... like\"CodePlex\"the output is doing bold right, but is including aditional spaces between those parts\"Code Plex\"I'm using the latest version.Thanks a lot.(*PS: Same problem with tags -> i, span, i think others inline too)",
    "LastUpdatedDate": "2013-05-16T03:19:34.597-07:00",
    "PlannedForRelease": "",
    "ReleaseVisibleToPublic": false,
    "Priority": {
      "Name": "Low",
      "Severity": 50,
      "Id": 1
    },
    "ProjectName": "HtmlRenderer",
    "ReportedDate": "2012-11-19T03:52:53.163-08:00",
    "Status": {
      "Name": "Closed",
      "Id": 4
    },
    "ReasonClosed": {
      "Name": "Unassigned"
    },
    "Summary": "Unwanted aditional spaces between tags/texts",
    "Type": {
      "Name": "Issue",
      "Id": 3
    },
    "VoteCount": 1,
    "Id": 8415
  },
  "FileAttachments": [
    {
      "FileId": 731492,
      "FileName": "Output.png",
      "DownloadUrl": ".\\731492"
    }
  ],
  "Comments": [
    {
      "Message": "thx for the report,looking into it now, update will be available in a week or two with more fixes.",
      "PostedDate": "2012-11-20T00:07:56.57-08:00",
      "Id": 114900
    },
    {
      "Message": "thanks!! xD",
      "PostedDate": "2012-12-17T03:55:17.16-08:00",
      "Id": 114901
    }
  ]
}