{
  "WorkItem": {
    "AffectedComponent": {
      "Name": "",
      "DisplayName": ""
    },
    "ClosedComment": "",
    "ClosedDate": null,
    "CommentCount": 0,
    "Custom": null,
    "Description": "The line https://github.com/ArthurHub/HTML-Renderer/blob/master/Source/HtmlRenderer.WPF/Adapters/FontFamilyAdapter.cs#L57 throws sometimes exception ArgumentException. More details and workaround http://code.logos.com/blog/2012/11/how-to-crash-many-wpf-applications-wpf-4-edition.html",
    "LastUpdatedDate": "2016-01-11T04:49:21.277-08:00",
    "PlannedForRelease": "",
    "ReleaseVisibleToPublic": false,
    "Priority": {
      "Name": "Unassigned",
      "Severity": 0,
      "Id": 0
    },
    "ProjectName": "HtmlRenderer",
    "ReportedDate": "2016-01-11T04:49:21.277-08:00",
    "Status": {
      "Name": "Proposed",
      "Id": 1
    },
    "ReasonClosed": {
      "Name": "Unassigned"
    },
    "Summary": "FontFamily issues",
    "Type": {
      "Name": "Unassigned",
      "Id": 5
    },
    "VoteCount": 1,
    "Id": 9097
  },
  "FileAttachments": [],
  "Comments": []
}