{
  "WorkItem": {
    "AffectedComponent": {
      "Name": "",
      "DisplayName": ""
    },
    "ClosedComment": "possibly bug in PdfSharp or acrobat",
    "ClosedDate": "2014-09-22T01:41:26.277-07:00",
    "CommentCount": 3,
    "Custom": null,
    "Description": "The PDF generation doesn't seem to work properly with multiple pages.\r\nWhen I try the WinForms demo (1.5.0.4) on my Windows 7 x64 computer, there are blank pages at the end of the PDF document.\r\nFor example the Intro and the Text demo:\r\nIntro - text cut off and only the background is visible on the next page\r\nText - text cut off and two blank pages following",
    "LastUpdatedDate": "2014-09-22T01:41:26.277-07:00",
    "PlannedForRelease": "",
    "ReleaseVisibleToPublic": false,
    "Priority": {
      "Name": "Unassigned",
      "Severity": 0,
      "Id": 0
    },
    "ProjectName": "HtmlRenderer",
    "ReportedDate": "2014-09-18T09:15:34.807-07:00",
    "Status": {
      "Name": "Closed",
      "Id": 4
    },
    "ReasonClosed": {
      "Name": "Unassigned"
    },
    "Summary": "PDF generation - blank pages",
    "Type": {
      "Name": "Unassigned",
      "Id": 5
    },
    "VoteCount": 1,
    "Id": 9050
  },
  "FileAttachments": [],
  "Comments": [
    {
      "Message": "can you upload the pdfs generated.",
      "PostedDate": "2014-09-20T02:46:49.473-07:00",
      "Id": 160266
    },
    {
      "Message": "I opened the generated PDF documents in Chrome and they looked fine.\nI forgot to mention, that I used Adobe Acrobat Reader XI (11.0). Sometimes Adobe Acrobat Reader reports, that there is an error on a page.\n\nEither the newest Acrobat Reader has a bug or the generated PDF document is not 100% valid.",
      "PostedDate": "2014-09-21T15:14:50.2-07:00",
      "Id": 160316
    },
    {
      "Message": "k, it's most probably a bug in PdfSharp.\nIf you find that this is the case please report a bug to [PdfSharp](https://pdfsharp.codeplex.com/workitem/list/basic).",
      "PostedDate": "2014-09-22T01:40:28.15-07:00",
      "Id": 160331
    }
  ]
}