{
  "WorkItem": {
    "AffectedComponent": {
      "Name": "",
      "DisplayName": ""
    },
    "ClosedComment": "",
    "ClosedDate": null,
    "CommentCount": 2,
    "Custom": null,
    "Description": "On Win7 x64 and a defined AnyCPU build configuration, I get a NullRefernce Exception on calling the Win32 method \"GetTextMetrics\"\r\n\r\nThe problem is inside the interop definition in: _../Source/HtmlRenderer.WinForms/Utilities/Win32Utils.cs_\r\n\r\nThe definition have to be changed from CharSet.Auto to CharSet.Ansi.\r\nHere the correct definition:\r\n[DllImport(\"gdi32.dll\", CharSet = CharSet.__Ansi__)]\r\npublic static extern bool GetTextMetrics(IntPtr hdc, out TextMetric lptm);\r\n\r\n",
    "LastUpdatedDate": "2014-11-14T04:48:54.323-08:00",
    "PlannedForRelease": "",
    "ReleaseVisibleToPublic": false,
    "Priority": {
      "Name": "Unassigned",
      "Severity": 0,
      "Id": 0
    },
    "ProjectName": "HtmlRenderer",
    "ReportedDate": "2014-11-13T04:22:33.653-08:00",
    "Status": {
      "Name": "Proposed",
      "Id": 1
    },
    "ReasonClosed": {
      "Name": "Unassigned"
    },
    "Summary": "NullReference on x64 Win7 AnyCPU configuration",
    "Type": {
      "Name": "Unassigned",
      "Id": 5
    },
    "VoteCount": 1,
    "Id": 9059
  },
  "FileAttachments": [],
  "Comments": [
    {
      "Message": "fucking pInvoke crap #$@#$\nsorry about that.\n\nAnother developer had the same issue, see [Fails while debugging in VS](https://htmlrenderer.codeplex.com/workitem/9056), so I have updated the code to explicitly use Unicode charset. \nPlease try it because ansi will not work properly with non English characters.\n\nAre you using VS 2010?\nDo you see it only when running from VS?\n\n\n",
      "PostedDate": "2014-11-14T00:50:38.507-08:00",
      "Id": 164711
    },
    {
      "Message": "Yes, you are right, my previous definition wasn't correct in all cases.\n\nI found a good resource for pInvoke, also listed on CodePlex:\nhttps://clrinterop.codeplex.com/releases/view/14120\nIs is called \"P/Invoke Interop Assistant\" and there you can search for the right definition of many existing Win32 functions.\n\nHere is my new definition which works correctly for me:\n```\n[DllImport(\"gdi32.dll\", EntryPoint = \"GetTextMetricsW\")]\n[return: MarshalAs(UnmanagedType.Bool)]\npublic static extern bool GetTextMetricsW([In] IntPtr hdc, [Out] out TEXTMETRICW lptm);\n        \n[DllImport(\"gdi32.dll\", EntryPoint = \"GetTextMetricsA\")]\n[return: MarshalAs(UnmanagedType.Bool)]\npublic static extern bool GetTextMetricsA([In] IntPtr hdc, [Out] out TEXTMETRICA lptm);\n\n    [StructLayout(LayoutKind.Sequential)]\n        public struct TEXTMETRICW {\n        public int tmHeight;\n        public int tmAscent;\n        public int tmDescent;\n        public int tmInternalLeading;\n        public int tmExternalLeading;\n        public int tmAveCharWidth;\n        public int tmMaxCharWidth;\n        public int tmWeight;\n        public int tmOverhang;\n        public int tmDigitizedAspectX;\n        public int tmDigitizedAspectY;\n        public ushort tmFirstChar;\n        public ushort tmLastChar;\n        public ushort tmDefaultChar;\n        public ushort tmBreakChar;\n        public byte tmItalic;\n        public byte tmUnderlined;\n        public byte tmStruckOut;\n        public byte tmPitchAndFamily;\n        public byte tmCharSet;\n    }\n\n    [StructLayout(LayoutKind.Sequential)]\n    public struct TEXTMETRICA\n    {\n        public int tmHeight;\n        public int tmAscent;\n        public int tmDescent;\n        public int tmInternalLeading;\n        public int tmExternalLeading;\n        public int tmAveCharWidth;\n        public int tmMaxCharWidth;\n        public int tmWeight;\n        public int tmOverhang;\n        public int tmDigitizedAspectX;\n        public int tmDigitizedAspectY;\n        public byte tmFirstChar;\n        public byte tmLastChar;\n        public byte tmDefaultChar;\n        public byte tmBreakChar;\n        public byte tmItalic;\n        public byte tmUnderlined;\n        public byte tmStruckOut;\n        public byte tmPitchAndFamily;\n        public byte tmCharSet;\n    }\n```\n\nAnd the using of the functions can be done in this way: (But i have only tested on Win7 x64)\n```\nif (Environment.Is64BitOperatingSystem)\n{\n    TEXTMETRICW lptm;\n    Win32Utils.GetTextMetricsW(_hdc, out lptm);\n    ((FontAdapter)font).SetMetrics(size.Height, lptm.tmHeight - lptm.tmDescent + lptm.tmUnderlined + 1);\n}\nelse\n{\n    TEXTMETRICA lptm;\n    Win32Utils.GetTextMetricsA(_hdc, out lptm);\n    ((FontAdapter)font).SetMetrics(size.Height, lptm.tmHeight - lptm.tmDescent + lptm.tmUnderlined + 1);\n}\n```\n\nNow it works on x86 and x64 build configuration, inside MSVS 2010 debugger and standalone.\n\n ",
      "PostedDate": "2014-11-14T04:48:54.323-08:00",
      "Id": 164729
    }
  ]
}