{
  "WorkItem": {
    "AffectedComponent": {
      "Name": "",
      "DisplayName": ""
    },
    "ClosedComment": "",
    "ClosedDate": null,
    "CommentCount": 1,
    "Custom": null,
    "Description": "Please, I'm trying to convert a PDF file using the simplest implementation of HTML:\r\n```\r\nDim outputDocument = PdfGenerator.GeneratePdf(html, PdfSharp.PageSize.A4)\r\n```\r\nHowever, the PDF file is generated with failures.\r\n\r\nI'm sending the source html attached.\r\n\r\nThank you very much.",
    "LastUpdatedDate": "2017-02-20T07:14:20.49-08:00",
    "PlannedForRelease": "",
    "ReleaseVisibleToPublic": false,
    "Priority": {
      "Name": "Unassigned",
      "Severity": 0,
      "Id": 0
    },
    "ProjectName": "HtmlRenderer",
    "ReportedDate": "2017-02-20T07:12:37.33-08:00",
    "Status": {
      "Name": "Proposed",
      "Id": 1
    },
    "ReasonClosed": {
      "Name": "Unassigned"
    },
    "Summary": "PDF is corrupted",
    "Type": {
      "Name": "Unassigned",
      "Id": 5
    },
    "VoteCount": 1,
    "Id": 9116
  },
  "FileAttachments": [
    {
      "FileId": 1639447,
      "FileName": "GRU-SIAFI-Teste.htm",
      "DownloadUrl": ".\\1639447"
    },
    {
      "FileId": 1639448,
      "FileName": "GRU-SIAFI-Teste.pdf",
      "DownloadUrl": ".\\1639448"
    }
  ],
  "Comments": [
    {
      "Message": "This is the resulting PDF",
      "PostedDate": "2017-02-20T07:14:20.49-08:00",
      "Id": 206696
    }
  ]
}