{
  "WorkItem": {
    "AffectedComponent": {
      "Name": "",
      "DisplayName": ""
    },
    "ClosedComment": "",
    "ClosedDate": "2013-04-22T05:31:24.897-07:00",
    "CommentCount": 3,
    "Custom": "",
    "Description": "When using a CSS class containing text-\n\nI see that this works from the Demo app:\n<span style=\"text-decoration: line-through\">Font style</span>\n\nbut in my case I must use CSS to define the start and stop of the line-through area.  \nHere's my CSS:\n```\n.strikePrice {      \n        text-decoration: line-through;\n    }\n```\n\nHere's the HTML:\n```\n<div class=\"productPrice strikePrice\">Price: {Price}</div>\n```\n\nAttached IE and HTML Renderer versions of image.\n\nI see where it is occurring, but I can't figure out the best way to solve it.  What needs to be done is measure the width (and location) of the text, and draw a line THAT wide.  It is currently drawing a line the full width of the rectangle.\n\nThat, or a workaround is appreciated.\n\nCode is in: CSSBox.cs, PaintDecoration (line 1262, 1263)\n            float x1 = rectangle.X;\n            float x2 = rectangle.Right;\n\nThe information is there in the .LineBoxes, but I can't figure out how to best parse it without breaking other things down the line.",
    "LastUpdatedDate": "2013-05-16T03:19:33.267-07:00",
    "PlannedForRelease": "1.4.14.0",
    "ReleaseVisibleToPublic": true,
    "Priority": {
      "Name": "Low",
      "Severity": 50,
      "Id": 1
    },
    "ProjectName": "HtmlRenderer",
    "ReportedDate": "2013-03-25T15:10:01.93-07:00",
    "Status": {
      "Name": "Closed",
      "Id": 4
    },
    "ReasonClosed": {
      "Name": "Unassigned"
    },
    "Summary": "line-through in CSS renders incorrectly",
    "Type": {
      "Name": "Issue",
      "Id": 3
    },
    "VoteCount": 1,
    "Id": 8651
  },
  "FileAttachments": [
    {
      "FileId": 731493,
      "FileName": "ie_line-through.jpg",
      "DownloadUrl": ".\\731493"
    },
    {
      "FileId": 731494,
      "FileName": "htmlrenderer_line-through.jpg",
      "DownloadUrl": ".\\731494"
    }
  ],
  "Comments": [
    {
      "Message": "HTML Renderer version of attachment",
      "PostedDate": "2013-03-25T15:11:20.533-07:00",
      "Id": 114909
    },
    {
      "Message": "Will be fixed in next release in a week or so.",
      "PostedDate": "2013-04-18T09:44:48.3-07:00",
      "Id": 114910
    },
    {
      "Message": "Awesome, thanks!",
      "PostedDate": "2013-04-18T10:19:37.33-07:00",
      "Id": 114911
    }
  ]
}