{
  "WorkItem": {
    "AffectedComponent": {
      "Name": "",
      "DisplayName": ""
    },
    "ClosedComment": "fixed 1.5.0.0",
    "ClosedDate": "2014-10-09T08:55:24.657-07:00",
    "CommentCount": 0,
    "Custom": null,
    "Description": "The standard Label and Panel controls will honor its Padding property and shift its contents (the label text, or the panel controls) respecting the amount of padding added. \r\n\r\nWhen I first started using HtmlLabel and HtmlPanel I was struggling because the Control.Padding property is not honored. In fact it is completely ignored, and the HTML content will use the control's entire client area. I think that, mostly for consistency, it should honor this property. \r\n\r\nThe padding property is a LOT useful to create Visual Inheritance of forms because there are many issues with visual inheritance and Anchors + changes in inherited forms which are solved by the clever use of Dock and Padding... \r\n\r\nIt is NOT that much of a big deal because the workaround is simple: Add the HtmlPanel/Label inside a standard Panel and set the parent's Padding property instead. But this adds unneeded complexity to the layout and may cause trouble to inexperienced developers.\r\n\r\nAnd I also believe it should be very, very easy to implement (I didn't take a look at the source code, but given the quality of the HtmlRenderer controls I believe they are all very well coded, so this shouldn't be a big deal!)",
    "LastUpdatedDate": "2014-10-09T08:55:24.657-07:00",
    "PlannedForRelease": "",
    "ReleaseVisibleToPublic": false,
    "Priority": {
      "Name": "Unassigned",
      "Severity": 0,
      "Id": 0
    },
    "ProjectName": "HtmlRenderer",
    "ReportedDate": "2014-06-21T11:49:34.49-07:00",
    "Status": {
      "Name": "Closed",
      "Id": 4
    },
    "ReasonClosed": {
      "Name": "Fixed"
    },
    "Summary": "Support standard .NET Contol.Padding property",
    "Type": {
      "Name": "Unassigned",
      "Id": 5
    },
    "VoteCount": 1,
    "Id": 9039
  },
  "FileAttachments": [],
  "Comments": []
}