{
  "WorkItem": {
    "AffectedComponent": {
      "Name": "",
      "DisplayName": ""
    },
    "ClosedComment": "",
    "ClosedDate": null,
    "CommentCount": 0,
    "Custom": null,
    "Description": "Rendering table with first top cell on the left that cointains colspan and rowspan together couses an issue (cell is not merged in two dimensions - there are borders in the center of cell - looks very weird). Fo example: first cell row has rowspan='5' and next first cells in next 5 rows have colspan='2'.",
    "LastUpdatedDate": "2017-01-16T11:28:42.593-08:00",
    "PlannedForRelease": "",
    "ReleaseVisibleToPublic": false,
    "Priority": {
      "Name": "Unassigned",
      "Severity": 0,
      "Id": 0
    },
    "ProjectName": "HtmlRenderer",
    "ReportedDate": "2016-11-28T01:08:18.287-08:00",
    "Status": {
      "Name": "Proposed",
      "Id": 1
    },
    "ReasonClosed": {
      "Name": "Unassigned"
    },
    "Summary": "Rowspan and colspan together",
    "Type": {
      "Name": "Unassigned",
      "Id": 5
    },
    "VoteCount": 2,
    "Id": 9111
  },
  "FileAttachments": [],
  "Comments": []
}