{
  "WorkItem": {
    "AffectedComponent": {
      "Name": "",
      "DisplayName": ""
    },
    "ClosedComment": "",
    "ClosedDate": null,
    "CommentCount": 1,
    "Custom": null,
    "Description": "This is an example of table which contains span element inside cell. Function TheArtOfDev.HtmlRenderer.PdfSharp.PdfGenerator.GeneratePdf generates just blank page. In some cases, Adobe Reader even reports that PDF is invalid. Without span it works fine. Due to this bug it's impossible to render Word generated tables to PDF.\r\n\r\n```\r\n<table>\r\n<tr><td><span>123</span></td></tr>\r\n</table>\r\n```\r\n\r\nFails also for font and maybe for some other tags.\r\n```\r\n<table>\r\n<tr><td><font>123</font></td></tr>\r\n</table>\r\n```\r\n\r\nPS. - Thanks for this great library and keep up that good work!",
    "LastUpdatedDate": "2015-08-03T04:06:13.223-07:00",
    "PlannedForRelease": "",
    "ReleaseVisibleToPublic": false,
    "Priority": {
      "Name": "Unassigned",
      "Severity": 0,
      "Id": 0
    },
    "ProjectName": "HtmlRenderer",
    "ReportedDate": "2014-12-26T04:00:22.54-08:00",
    "Status": {
      "Name": "Proposed",
      "Id": 1
    },
    "ReasonClosed": {
      "Name": "Unassigned"
    },
    "Summary": "PDF generation fails for tables with span element",
    "Type": {
      "Name": "Unassigned",
      "Id": 5
    },
    "VoteCount": 3,
    "Id": 9064
  },
  "FileAttachments": [
    {
      "FileId": 1429932,
      "FileName": "GraphicsAdapter.cs",
      "DownloadUrl": ".\\1429932"
    }
  ],
  "Comments": [
    {
      "Message": "Hi,\r\n\r\nI stumbled across a very similar issue. Even with the home html in the WinForms Demo project the second page of the generated PDF is empty and Adboe reader (tested 10 and 11)  occasionally reports an error. Other PDF viewers like gsview or Foxit reader are able to open the document.\r\nAfter analyzing the generated PDF and playing with the renderer source code I found that Adobe reader doesn't like it when a clip path is being set without actually defining a path first. In the PDF file it looks like this (from decoded page content stream):\r\n```\r\nq //push stack\r\nW* n //set current path as clip path\r\nQ //pop stack\r\n```\r\nI was able to fix it by avoiding to clip to an empty recangle in HtmlRenderer.PdfSharp.Adapters.GraphicsAdapter.PushClip() and HtmlRenderer.PdfSharp.Adapters.GraphicsAdapter.PopClip():\r\n```\r\n        public override void PopClip()\r\n        {\r\n            RRect rect = _clipStack.Pop();\r\n            if (!rect.IsEmpty)\r\n            {\r\n                _g.Restore();\r\n            }\r\n        }\r\n\r\n        public override void PushClip(RRect rect)\r\n        {\r\n            _clipStack.Push(rect);\r\n            if (!rect.IsEmpty)\r\n            {\r\n                _g.Save();\r\n                _g.IntersectClip(Utils.Convert(rect));\r\n            }\r\n        }\r\n```\r\nComplete changed file is attached.\r\n\r\nBest regards\r\n\r\nLars",
      "PostedDate": "2015-02-15T03:55:15.75-08:00",
      "Id": 174613
    }
  ]
}