{
  "WorkItem": {
    "AffectedComponent": {
      "Name": "",
      "DisplayName": ""
    },
    "ClosedComment": "",
    "ClosedDate": null,
    "CommentCount": 0,
    "Custom": null,
    "Description": "When running \"HtmlRenderer Mono Demo.exe\" or \"HtmlRenderer WinForms Demo.exe\" and selecting \r\n\"Test Samples > Fonts decorations\", application shows following exception in MessageBox.\r\n\r\nRunning \"HtmlRenderer WPF Demo.exe\", exception does not occur.\r\n\r\n__MessageBox Title:__ Error in Html Renderer\r\n__MessageBox text:__\r\nException in box layout\r\n__System.ArgumentException: The font 'Berlin Sans FB Demi' does not support style 'Regular'.__\r\n   in System.Drawing.Font.CreateNativeFont()\r\n   in System.Drawing.Font.Initialize(FontFamily family, Single emSize, FontStyle style, GraphicsUnit unit, Byte gdiCharSet, Boolean gdiVerticalFont)\r\n   in System.Drawing.Font..ctor(FontFamily family, Single emSize, FontStyle style)\r\n   in TheArtOfDev.HtmlRenderer.WinForms.Adapters.WinFormsAdapter.CreateFontInt(RFontFamily family, Double size, RFontStyle style)\r\n   in TheArtOfDev.HtmlRenderer.Adapters.RAdapter.CreateFont(RFontFamily family, Double size, RFontStyle style)\r\n   in TheArtOfDev.HtmlRenderer.Core.Handlers.FontsHandler.CreateFont(String family, Double size, RFontStyle style)\r\n   in TheArtOfDev.HtmlRenderer.Core.Handlers.FontsHandler.GetCachedFont(String family, Double size, RFontStyle style)\r\n   in TheArtOfDev.HtmlRenderer.Core.Dom.CssBox.GetCachedFont(String fontFamily, Double fsize, RFontStyle st)\r\n   in TheArtOfDev.HtmlRenderer.Core.Dom.CssBoxProperties.get_ActualFont()\r\n   in TheArtOfDev.HtmlRenderer.Core.Parse.CssValueParser.ParseLength(String length, Double hundredPercent, CssBoxProperties box, Boolean fontAdjust)\r\n   in TheArtOfDev.HtmlRenderer.Core.Dom.CssBoxProperties.get_ActualMarginLeft()\r\n   in TheArtOfDev.HtmlRenderer.Core.Dom.CssLayoutEngine.FlowBox(RGraphics g, CssBox blockbox, CssBox box, Double limitRight, Double linespacing, Double startx, CssLineBox& line, Double& curx, Double& cury, Double& maxRight, Double& maxbottom)\r\n   in TheArtOfDev.HtmlRenderer.Core.Dom.CssLayoutEngine.CreateLineBoxes(RGraphics g, CssBox blockBox)\r\n   in TheArtOfDev.HtmlRenderer.Core.Dom.CssBox.PerformLayoutImp(RGraphics g)\r\n   in TheArtOfDev.HtmlRenderer.Core.Dom.CssBox.PerformLayout(RGraphics g)",
    "LastUpdatedDate": "2015-04-29T03:06:27.957-07:00",
    "PlannedForRelease": "",
    "ReleaseVisibleToPublic": false,
    "Priority": {
      "Name": "Unassigned",
      "Severity": 0,
      "Id": 0
    },
    "ProjectName": "HtmlRenderer",
    "ReportedDate": "2015-04-29T03:06:27.627-07:00",
    "Status": {
      "Name": "Proposed",
      "Id": 1
    },
    "ReasonClosed": {
      "Name": "Unassigned"
    },
    "Summary": "ArgumentException when a font does not support a specific style",
    "Type": {
      "Name": "Unassigned",
      "Id": 5
    },
    "VoteCount": 1,
    "Id": 9076
  },
  "FileAttachments": [
    {
      "FileId": 1453312,
      "FileName": "HtmlRenderer WinForms Demo.exe Exception.PNG",
      "DownloadUrl": ".\\1453312"
    }
  ],
  "Comments": []
}