{
  "WorkItem": {
    "AffectedComponent": {
      "Name": "",
      "DisplayName": ""
    },
    "ClosedComment": "",
    "ClosedDate": null,
    "CommentCount": 1,
    "Custom": null,
    "Description": "The following works in all browsers but does not work in HtmlRenderer.  I am trying to render multiple overlay images but can't.\r\n\r\n\r\n```\r\n<!DOCTYPE HTML PUBLIC \"-//W3C//DTD HTML 4.01//EN\" \"http://www.w3.org/TR/html4/strict.dtd\">\r\n<html>\r\n<head>\r\n<meta http-equiv=\"Content-Type\" content=\"text/html; charset=utf-8\">\r\n<title>Untitled Document</title>\r\n<style type=\"text/css\">\r\nbody {\r\n\tfont: 100%/1.4 Verdana, Arial, Helvetica, sans-serif;\r\n\tbackground-color: #42413C;\r\n\tmargin: 0;\r\n\tpadding: 0;\r\n\tcolor: #000;\r\n}\r\n\r\n.container {\r\n    position:relative;\r\n\twidth: 100%;\r\n\theight: 100%;\r\n\tbackground-color: #42413C;\r\n\tmargin: 0 auto;\r\n}\r\n\r\n.stretch {\r\n\twidth:100%;\r\n\theight:100%;\r\n}\r\n\r\n.pointer{\r\n\twidth: 8%;\r\n\theight: 8%;\r\n\tposition:absolute;\r\n\tmargin-left:-4%;\r\n\tmargin-top:-4%;\r\n}\r\n\r\n#main_image{\r\n    width: 100%;\r\n    height: 100%;\r\n}\r\n#overlay_image{\r\n    position: absolute;\r\n    top: 0px;\r\n    left: 0px;\r\n    width: 100%;\r\n    height: 100%;\r\n}\r\n</style></head>\r\n\r\n<body>\r\n\r\n<div class=\"container\">\r\n    <div id=\"main_image\"><img src=\"main.png\" class=\"stretch\"/></div>\r\n    <div id=\"overlay_image\"><img src=\"overlay.png\" class=\"stretch\"/></div>\r\n    <div id=\"overlay_image\"><img src=\"pointer.png\" class=\"pointer\" style=\"left:53.7%; top:24.1%;\"/></div>\r\n</div>\r\n</body>\r\n</html>\r\n\r\n```\r\n",
    "LastUpdatedDate": "2014-05-05T13:40:20.113-07:00",
    "PlannedForRelease": "",
    "ReleaseVisibleToPublic": false,
    "Priority": {
      "Name": "Unassigned",
      "Severity": 0,
      "Id": 0
    },
    "ProjectName": "HtmlRenderer",
    "ReportedDate": "2014-05-05T11:53:56.717-07:00",
    "Status": {
      "Name": "Proposed",
      "Id": 1
    },
    "ReasonClosed": {
      "Name": "Unassigned"
    },
    "Summary": "DIV support",
    "Type": {
      "Name": "Unassigned",
      "Id": 5
    },
    "VoteCount": 1,
    "Id": 9034
  },
  "FileAttachments": [],
  "Comments": [
    {
      "Message": "I found a workaround, but it required fixing a bug in HtmlRender.  I haven't yet tested the \"pointer\" example in the original post yet, but I'm getting closer.\n\nin FlowBox()\n```\n                        if (b.Position == CssConstants.Absolute)\n                        {\n\t\t\t\t\t\t\tCssLength left = new CssLength(b.Left);\n\t\t\t\t\t\t\tCssLength top = new CssLength(b.Top);\n\n\t\t\t\t\t\t\tword.Left = left.ConvertToPixels(box.ActualWidth, new CssLength(box.MaxWidth)) + box.ActualMarginLeft;\n\t\t\t\t\t\t\tword.Top = top.ConvertToPixels(box.ActualHeight, new CssLength(box.MaxWidth)) + box.ActualMarginTop;\n                        }\n```\n\nA added ConvertToPixels() which is basically this:\n```\n\t\tpublic float ConvertToPixels(float boxWidth, CssLength maxWidth)\n\t\t{\n\t\t\tfloat finalValue = 0;\n\n\t\t\tif (Number > 0 && Unit == CssUnit.Pixels)\n\t\t\t{\n\t\t\t\tfinalValue = Number;\n\t\t\t}\n\t\t\telse if (Number > 0 && IsPercentage)\n\t\t\t{\n\t\t\t\tfinalValue = Number * boxWidth;\n\t\t\t}\n\n\t\t\tif (maxWidth.Number > 0)\n\t\t\t{\n\t\t\t\tfloat maxWidthVal = -1;\n\n\t\t\t\tif (maxWidth.Unit == CssUnit.Pixels)\n\t\t\t\t{\n\t\t\t\t\tmaxWidthVal = maxWidth.Number;\n\t\t\t\t}\n\t\t\t\telse if (maxWidth.IsPercentage)\n\t\t\t\t{\n\t\t\t\t\tmaxWidthVal = maxWidth.Number * boxWidth;\n\t\t\t\t}\n\n\t\t\t\tif (maxWidthVal > -1 && finalValue > maxWidthVal)\n\t\t\t\t{\n\t\t\t\t\tfinalValue = maxWidthVal;\n\t\t\t\t}\n\t\t\t}\n\n\t\t\treturn finalValue;\n\t\t}\n```\n\nNow, ABSOLUTE images don't wrap like they did.\n```\n<!DOCTYPE HTML PUBLIC \"-//W3C//DTD HTML 4.01//EN\" \"http://www.w3.org/TR/html4/strict.dtd\">\n<html>\n<head>\n<meta http-equiv=\"Content-Type\" content=\"text/html; charset=utf-8\">\n<title>Untitled Document</title>\n<style type=\"text/css\">\nbody {\n\tfont: 100%/1.4 Verdana, Arial, Helvetica, sans-serif;\n\tbackground-color: #42413C;\n\tmargin: 0;\n\tpadding: 0;\n\tcolor: #000;\n}\n\n.container {\n    position:relative;\n\twidth: 100%;\n\theight: 100%;\n\tbackground-color: #42413C;\n\tmargin: 0 auto;\n}\n\n.stretch {\n\twidth:100%;\n\theight:100%;\n}\n\n.overlay_image{\n    position: absolute;\n    top: 80px;\n    left: 80px;\n    width: 100%;\n    height: 100%;\n}\n</style></head>\n\n<body>\n\n<div class=\"container\">\n    <img src=\"main.png\" class=\"stretch\"/>\n    <img src=\"overlay.png\" class=\"overlay_image\"/>\n</div>\n</body>\n</html>\n\n```",
      "PostedDate": "2014-05-05T13:40:20.113-07:00",
      "Id": 145624
    }
  ]
}