{
  "WorkItem": {
    "AffectedComponent": {
      "Name": "",
      "DisplayName": ""
    },
    "ClosedComment": "",
    "ClosedDate": "2012-12-05T03:14:51.08-08:00",
    "CommentCount": 3,
    "Custom": "",
    "Description": "HiSupport for inline images (format like  is missing (not the sample is a trucated base64 encoded image.It's actually quite easy to add my modifying DetectSource in CssValue.csJust add a new if statement like:            else if (path.StartsWith(\"data:\", StringComparison.CurrentCultureIgnoreCase))            {                string base64 = path.Remove(0, path.IndexOf(',') + 1).Trim();                byte[] imageBytes = Convert.FromBase64String(base64);                MemoryStream ms = new MemoryStream(imageBytes, 0,                  imageBytes.Length);                // Convert byte[] to Image                ms.Write(imageBytes, 0, imageBytes.Length);                Image image = Image.FromStream(ms, true);                return image;            }just before the lines:            else            {                return new FileInfo(path);            }and add some lines to GetImage in the same source file:            Image image = source as Image;and             else if (image != null)                {                    return image;                }just before the final             else                {                    return null;                }regardswvd_vegt",
    "LastUpdatedDate": "2013-05-16T03:19:34.44-07:00",
    "PlannedForRelease": "1.2.0.0",
    "ReleaseVisibleToPublic": true,
    "Priority": {
      "Name": "Low",
      "Severity": 50,
      "Id": 1
    },
    "ProjectName": "HtmlRenderer",
    "ReportedDate": "2012-12-03T10:48:39.763-08:00",
    "Status": {
      "Name": "Closed",
      "Id": 4
    },
    "ReasonClosed": {
      "Name": "Unassigned"
    },
    "Summary": "Support for inline images is missing.",
    "Type": {
      "Name": "Issue",
      "Id": 3
    },
    "VoteCount": 1,
    "Id": 8435
  },
  "FileAttachments": [],
  "Comments": [
    {
      "Message": "Hi\r\n\r\nJust scrolling down in the sources i see there is support for an uri Scheme data but the html code I tried to display  just would not get there. It already stopped in the DetectSource() with an exception on the last  return new FileInfo(path); statement as the src data contains illegal characters for a filename!\r\n\r\nIn the original issue the image code is screwed up, it should read (without tag brackets:\r\n\r\nimg src=\"data:image/png;base64, /9j/4AAQSkZJRgABAQEAYABgAAD/4QNGRXhpZgAATU0AKgAAAAgABFEAAAQAAAABAAAAAFEBAAMA\"",
      "PostedDate": "2012-12-03T10:53:25.7-08:00",
      "Id": 114902
    },
    {
      "Message": "Hi\r\n\r\nSeems to be fixed in the latest 1.2.0.0 beta (just upgraded), so you can close this issue.\r\n\r\nregardswvd_vegt",
      "PostedDate": "2012-12-03T11:13:28.57-08:00",
      "Id": 114903
    },
    {
      "Message": "the img source you provided doesn't seems to be validI tried it in chrome and IE and it didn't work",
      "PostedDate": "2012-12-05T00:58:44.903-08:00",
      "Id": 114904
    }
  ]
}