{
  "WorkItem": {
    "AffectedComponent": {
      "Name": "",
      "DisplayName": ""
    },
    "ClosedComment": "",
    "ClosedDate": "2013-09-23T09:11:47.723-07:00",
    "CommentCount": 0,
    "Custom": null,
    "Description": "The following HTML should limit the div to 40 pixels when rendered:\r\n\r\n\"<div style=\"height: 40px; line-height: 20px; overflow: hidden;>\" + body + \"</div>\";\r\n\r\nHowever it renders the div as large as needed to display the entire text in the body variable. The exact same HTML renders correctly and limits the div height in Firefox and other browsers.\r\n\r\nIs this a bug or a limitation of HTMLRenderer? Is there any workaround here other than reduce the size of body to fit in 40 pixels which isn't really practical.\r\n",
    "LastUpdatedDate": "2017-12-09T14:51:43.353-08:00",
    "PlannedForRelease": "1.4.14.0",
    "ReleaseVisibleToPublic": true,
    "Priority": {
      "Name": "Low",
      "Severity": 50,
      "Id": 1
    },
    "ProjectName": "HtmlRenderer",
    "ReportedDate": "2013-09-22T07:58:24.703-07:00",
    "Status": {
      "Name": "Closed",
      "Id": 4
    },
    "ReasonClosed": {
      "Name": "Fixed"
    },
    "Summary": "div height doesn't seem to be respected",
    "Type": {
      "Name": "Issue",
      "Id": 3
    },
    "VoteCount": 1,
    "Id": 9017
  },
  "FileAttachments": [],
  "Comments": []
}