[
  {
    "Id": 717,
    "Title": "Home, End, Page Up, Page Down"
  },
  {
    "Id": 1443,
    "Title": "<TBODY>   bug  and Style issues"
  },
  {
    "Id": 1605,
    "Title": "Add static MeasureHtml methods to HtmlRenderer"
  },
  {
    "Id": 1665,
    "Title": "HtmlRenderer.Render methods do not take Y coordinate into account"
  },
  {
    "Id": 2526,
    "Title": "Cookie passed through to anchor href"
  },
  {
    "Id": 2547,
    "Title": "Crash when clicking an anchor that has an URL with an equal sign"
  },
  {
    "Id": 3580,
    "Title": "Enhancement proposals"
  },
  {
    "Id": 7514,
    "Title": "Combine with PdfSharp"
  },
  {
    "Id": 7939,
    "Title": "Font size for HtmlLabel"
  },
  {
    "Id": 8106,
    "Title": "Possible bug in CssTable.cs:Analyze(Graphics g)"
  },
  {
    "Id": 8407,
    "Title": "Handle clicking on link in tooltip"
  },
  {
    "Id": 8415,
    "Title": "Unwanted aditional spaces between tags/texts"
  },
  {
    "Id": 8435,
    "Title": "Support for inline images is missing."
  },
  {
    "Id": 8454,
    "Title": ".NET Color.FromName() to use .NET color names"
  },
  {
    "Id": 8455,
    "Title": "<br> inside <font> not acting correctly"
  },
  {
    "Id": 8456,
    "Title": "Hyperlink <a> tag sometimes not rendered as hyperlink"
  },
  {
    "Id": 8457,
    "Title": "Callback to provide images"
  },
  {
    "Id": 8518,
    "Title": "HtmlContainer.GetHtml always returns inline styles"
  },
  {
    "Id": 8555,
    "Title": "Why ignore white space?"
  },
  {
    "Id": 8618,
    "Title": "User code does not belong under System.*"
  },
  {
    "Id": 8651,
    "Title": "line-through in CSS renders incorrectly"
  },
  {
    "Id": 8718,
    "Title": "vertical-align doesn't survive resize"
  },
  {
    "Id": 8760,
    "Title": "Pass ACID 1 test"
  },
  {
    "Id": 8763,
    "Title": "Cannot wrap lines in Chinese."
  },
  {
    "Id": 8772,
    "Title": "Text white spaces dissappear when styling"
  },
  {
    "Id": 8834,
    "Title": "Support Links to Anchors"
  },
  {
    "Id": 8840,
    "Title": "Support image align\\floating"
  },
  {
    "Id": 8907,
    "Title": "white-space: nowrap"
  },
  {
    "Id": 8941,
    "Title": "Unicode in HTML with HEX representation"
  },
  {
    "Id": 8993,
    "Title": "Transparency on text"
  },
  {
    "Id": 9015,
    "Title": "support CSS :hover selector"
  },
  {
    "Id": 9016,
    "Title": "tables layout issues"
  },
  {
    "Id": 9017,
    "Title": "div height doesn't seem to be respected"
  },
  {
    "Id": 9018,
    "Title": "Issue with loading image"
  },
  {
    "Id": 9019,
    "Title": "Protruding Borders (Rounding Issue?)"
  },
  {
    "Id": 9020,
    "Title": "LinkClicked event is eating Exceptions"
  },
  {
    "Id": 9021,
    "Title": "Clicking/dragging in scroll bars causes text selection"
  },
  {
    "Id": 9022,
    "Title": "Version 1.4.8.0 targets wrong framework"
  },
  {
    "Id": 9023,
    "Title": "Invalid table width detection when rendering"
  },
  {
    "Id": 9024,
    "Title": "DrawTransparentText error"
  },
  {
    "Id": 9025,
    "Title": "render nothing with some htm file"
  },
  {
    "Id": 9026,
    "Title": "Strong name"
  },
  {
    "Id": 9027,
    "Title": "Scroll HtmlPanel to Anchor?"
  },
  {
    "Id": 9028,
    "Title": "Access to HtmlContainer instance that HtmlPanel uses."
  },
  {
    "Id": 9029,
    "Title": "Style is ignored if surrounded by HTML comment"
  },
  {
    "Id": 9030,
    "Title": "Event overrides + race conditions"
  },
  {
    "Id": 9031,
    "Title": "NullReferenceException when parsing style tag"
  },
  {
    "Id": 9032,
    "Title": "<br /> issues"
  },
  {
    "Id": 9033,
    "Title": "Anchors with style display: block don't work"
  },
  {
    "Id": 9034,
    "Title": "DIV support"
  },
  {
    "Id": 9035,
    "Title": "support liquid layout"
  },
  {
    "Id": 9036,
    "Title": "Table cell width invalid calculation"
  },
  {
    "Id": 9037,
    "Title": "URL attributes with double quotes are not processed correctly"
  },
  {
    "Id": 9038,
    "Title": "Loaded images lock source file until component disposed"
  },
  {
    "Id": 9039,
    "Title": "Support standard .NET Contol.Padding property"
  },
  {
    "Id": 9040,
    "Title": "Add back support for property: and method: image sources"
  },
  {
    "Id": 9041,
    "Title": "Support vertical - align: middle"
  },
  {
    "Id": 9042,
    "Title": "css * wildcard"
  },
  {
    "Id": 9043,
    "Title": "Exception when 'FontStyle not AvailAble' in 'FontsUtils.cs', l. 317"
  },
  {
    "Id": 9044,
    "Title": "Font not used when rendering image on server"
  },
  {
    "Id": 9045,
    "Title": "Doesn't work on mono under Debian"
  },
  {
    "Id": 9046,
    "Title": "Improve rendering for complex pages"
  },
  {
    "Id": 9047,
    "Title": "Layout measurement override of element 'TheArtOfDev.HtmlRenderer.WPF.HtmlPanel' should not return PositiveInfinity as its DesiredSize, even if Infinity is passed in as available size."
  },
  {
    "Id": 9048,
    "Title": "img Element Caching"
  },
  {
    "Id": 9049,
    "Title": "HtmlRenderer.Handlers.StylesheetLoadHandler.CorrectRelativeUrls get stuck in loop in certain cases"
  },
  {
    "Id": 9050,
    "Title": "PDF generation - blank pages"
  },
  {
    "Id": 9051,
    "Title": "html tags getting mixed up"
  },
  {
    "Id": 9052,
    "Title": "The libraries should have a strong key name."
  },
  {
    "Id": 9053,
    "Title": "Styling issue on table when two or more classes specified"
  },
  {
    "Id": 9054,
    "Title": "Absolute positioning not working"
  },
  {
    "Id": 9055,
    "Title": "Incorrect paragraph alignment when combined with an image inside a div"
  },
  {
    "Id": 9056,
    "Title": "Fails while debugging in VS"
  },
  {
    "Id": 9057,
    "Title": "Memory leak in HtmlControl"
  },
  {
    "Id": 9058,
    "Title": "HTML Pages with table spanning multiple pages not rendered completely for PDF generation."
  },
  {
    "Id": 9059,
    "Title": "NullReference on x64 Win7 AnyCPU configuration"
  },
  {
    "Id": 9060,
    "Title": "Is HtmlRender Support WinRT?"
  },
  {
    "Id": 9061,
    "Title": "Table with colspan renders wrong"
  },
  {
    "Id": 9062,
    "Title": "Image absolute position problem"
  },
  {
    "Id": 9063,
    "Title": "GetAttributeAt returns null"
  },
  {
    "Id": 9064,
    "Title": "PDF generation fails for tables with span element"
  },
  {
    "Id": 9065,
    "Title": "HTML Renderer and PDFSharp"
  },
  {
    "Id": 9066,
    "Title": "Pressing space should page down "
  },
  {
    "Id": 9067,
    "Title": "Wrong CSS by copy to HTML clipboard"
  },
  {
    "Id": 9068,
    "Title": "Support for PDFsharp 1.50"
  },
  {
    "Id": 9069,
    "Title": "PDF rendering new page issue"
  },
  {
    "Id": 9070,
    "Title": "HtmlTooltip doesn't stay open long enough to click a link"
  },
  {
    "Id": 9071,
    "Title": "Paragraph tags in bullet items wrap to newline"
  },
  {
    "Id": 9072,
    "Title": "HtmlPanel: Links don't work when starting offset from the client rectangle."
  },
  {
    "Id": 9073,
    "Title": "PDF doesn't render tables or divs properly"
  },
  {
    "Id": 9074,
    "Title": "Scrolling problem"
  },
  {
    "Id": 9075,
    "Title": "Wrongly rendered as white on white"
  },
  {
    "Id": 9076,
    "Title": "ArgumentException when a font does not support a specific style"
  },
  {
    "Id": 9077,
    "Title": "IndexOutOfRangeException in HtmlParser.ExtractAttributes"
  },
  {
    "Id": 9078,
    "Title": "Word-spacing not working..."
  },
  {
    "Id": 9079,
    "Title": "Thread safe use of HTML Renderer (using PDFSharp)"
  },
  {
    "Id": 9080,
    "Title": "NuGet packages don't work out of the box"
  },
  {
    "Id": 9081,
    "Title": "Crash in class HtmlContainerInt, fct Clear"
  },
  {
    "Id": 9082,
    "Title": "The WPF implementation should use template"
  },
  {
    "Id": 9083,
    "Title": "ParseCssBlockProperties does not parse url attribute correctly"
  },
  {
    "Id": 9084,
    "Title": "PDF generation significantly different from Image"
  },
  {
    "Id": 9085,
    "Title": "Rowsan example shows inconsistent behaviour"
  },
  {
    "Id": 9086,
    "Title": "Table with colspan doesn't work"
  },
  {
    "Id": 9087,
    "Title": "Problem with aligning tables"
  },
  {
    "Id": 9088,
    "Title": "WpfAdapter Constructor Failed. "
  },
  {
    "Id": 9089,
    "Title": "Creating PDF on webserver (Win 2008)"
  },
  {
    "Id": 9090,
    "Title": "Selection does not work properly when using dir='rtl' "
  },
  {
    "Id": 9091,
    "Title": "Acrobat only displays first page of Mult-page PDF "
  },
  {
    "Id": 9092,
    "Title": "animation .gif don't play animation"
  },
  {
    "Id": 9093,
    "Title": "How do you set the resolution (dpi)?"
  },
  {
    "Id": 9094,
    "Title": "HTML to PDF: Putting any tag inside a <td></td> will stop the next page from showing in PDF"
  },
  {
    "Id": 9095,
    "Title": "Strong Name Assemblies Error"
  },
  {
    "Id": 9096,
    "Title": "It seems that line-height doesn't work in solution"
  },
  {
    "Id": 9097,
    "Title": "FontFamily issues"
  },
  {
    "Id": 9098,
    "Title": "Words are shown overlapped"
  },
  {
    "Id": 9099,
    "Title": "Partial selection with mouse does not work with RTL (attribute dir='rtl')"
  },
  {
    "Id": 9100,
    "Title": "RenderGdiPlus or Render for Winforms Y-limit?"
  },
  {
    "Id": 9101,
    "Title": "Provide prelease NuGet package depending on PdfSharp-gdi 1.50.4000-beta3b"
  },
  {
    "Id": 9102,
    "Title": "Null background throws exception."
  },
  {
    "Id": 9103,
    "Title": "special symbols are rendered as squares"
  },
  {
    "Id": 9104,
    "Title": "text-align:justify breaks words"
  },
  {
    "Id": 9105,
    "Title": "Image alignment"
  },
  {
    "Id": 9106,
    "Title": "mailto support"
  },
  {
    "Id": 9107,
    "Title": "Azure Website"
  },
  {
    "Id": 9108,
    "Title": "Corrupted colspan makes columns appear in top left corner of document."
  },
  {
    "Id": 9109,
    "Title": "Exception on Windows Universal"
  },
  {
    "Id": 9110,
    "Title": "Page Break Issue - Unable to recognise page-break-after"
  },
  {
    "Id": 9111,
    "Title": "Rowspan and colspan together"
  },
  {
    "Id": 9112,
    "Title": "Method not found: 'Void TheArtOfDev.HtmlRenderer.Core.HtmlContainerInt.SetMargins(Int32)'"
  },
  {
    "Id": 9113,
    "Title": "New Method to PdfGenerator"
  },
  {
    "Id": 9114,
    "Title": "Q: Unicode literals rendering"
  },
  {
    "Id": 9115,
    "Title": "HtmlLabel autosizes too small on 4k monitor, truncating the render, if app is not DpiAware "
  },
  {
    "Id": 9116,
    "Title": "PDF is corrupted"
  },
  {
    "Id": 9117,
    "Title": "Persian word appeared incorrect"
  }
]