{
  "WorkItem": {
    "AffectedComponent": {
      "Name": "",
      "DisplayName": ""
    },
    "ClosedComment": "",
    "ClosedDate": "2012-11-29T09:31:14.547-08:00",
    "CommentCount": 0,
    "Custom": "",
    "Description": "The static HtmlRenderer.Render methods do not take the passed in RectangleF.Y or PointF.Y coordinate into account, so all rendering seems to be defaulting to Y = 0. Using new RectangleF(0,0,100,100) works great since it should start at 0.  Using new PointF (0,0) also works correctly. Using new RectangleF(50,50,100,100) or new PointF(50,50) on the other hand results in incorrect rendering.  The X will start at 50 (correct) but Y will be 0 (incorrect, should be 50).  If clip = true there is a chance that nothing will be rendered since it is outside of the visible bounds.  If clip = false then rendering will take place, but Y will start at 0 instead of the passed in Y coordinate.  System.Drawing.Graphics workaround: // create graphics container to reset graphics object after translationSystem.Drawing.Drawing2D.GraphicsContainer con = g.BeginContainer(); // use translate method to set desired x and yg.TranslateTransform(50, 50); // call HtmlRenderer.Render method passing in x = 0 and y = 0// new RectangleF(0, 0, width, height) or new PointF(0, 0)System.Drawing.Html.HtmlRenderer.Render(g, \"this is a simple html test\", new RectangleF(0, 0, 100, 50), false); // reset graphicsg.EndContainer(con);  HtmlRenderer source code change: I don't fully understand the code yet (I haven't had a chance to just sit down for a while and dig through all the methods), but I was able to make a change that worked for me.  I have not tested the change with HtmlLabel, HtmlPanel, or HtmlToolTip since I have been using the static Render methods in HtmlRenderer. Look around line 2693 in CssBox.cs under the MeasureBounds(Graphics g) method.  That calculates the top (Y) location.  ContainingBlock.Location.Y is not used, this is probably why Y is defaulting to 0 instead of the passed in Y coordinate.  If ContainingBlock.Location.Y is added into the calculation then it sets Y to the desired location. Again, this change works for the static HtmlRenderer.Render method but I don't know what it will do to the Html controls.  It is probably a better idea to use the graphics workaround method mentioned above until an official fix is released.",
    "LastUpdatedDate": "2013-05-16T03:19:35.433-07:00",
    "PlannedForRelease": "1.2.0.0",
    "ReleaseVisibleToPublic": true,
    "Priority": {
      "Name": "Low",
      "Severity": 50,
      "Id": 1
    },
    "ProjectName": "HtmlRenderer",
    "ReportedDate": "2009-05-26T11:40:13.733-07:00",
    "Status": {
      "Name": "Closed",
      "Id": 4
    },
    "ReasonClosed": {
      "Name": "Unassigned"
    },
    "Summary": "HtmlRenderer.Render methods do not take Y coordinate into account",
    "Type": {
      "Name": "Issue",
      "Id": 3
    },
    "VoteCount": 1,
    "Id": 1665
  },
  "FileAttachments": [],
  "Comments": []
}