{
  "WorkItem": {
    "AffectedComponent": {
      "Name": "",
      "DisplayName": ""
    },
    "ClosedComment": "",
    "ClosedDate": null,
    "CommentCount": 4,
    "Custom": null,
    "Description": "I've just upgraded HtmlRenderer from version 1.4 to the latest 1.5.0.5. I immediately got the problem that instances of HtmlLabel rendered wrong all over my application when I run it in debug mode through Visual Studio 2010. If I run the application outside (still the debug build), it works fine. I traced this down to the an issue in the layout, where the method Win32Utils.GetTextMetrics (in GraphicsAdapter.MeasureString) throws an exception.\r\n\r\nLooking at the declarations in Win32Utils, I made the following changes, which solved my problems:\r\n\r\n```\r\n[DllImport(\"gdi32.dll\", EntryPoint = \"GetTextMetricsW\", CharSet = CharSet.Unicode)]\r\npublic static extern bool GetTextMetrics(IntPtr hdc, out TextMetric lptm);\r\n```\r\n\r\n```\r\n[StructLayout(LayoutKind.Sequential, CharSet = CharSet.Unicode)]\r\ninternal struct TextMetric\r\n{\r\n  public int tmHeight;\r\n  ...\r\n```\r\n\r\nI did try to make a small test application to illustrate the problem, but that did however not exhibit this behavior. Also, I 'only' did the test on one computer, running Windows 7, 64 bit.\r\n\r\nI hope this makes sense to you and that these or similar changes can be incorporated in the official build of HtmlRenderer.\r\n\r\nLast, but not least, thanks for a great library. I look forward to working with all the new features.",
    "LastUpdatedDate": "2014-11-03T05:01:57.353-08:00",
    "PlannedForRelease": "",
    "ReleaseVisibleToPublic": false,
    "Priority": {
      "Name": "Unassigned",
      "Severity": 0,
      "Id": 0
    },
    "ProjectName": "HtmlRenderer",
    "ReportedDate": "2014-10-28T08:04:35.517-07:00",
    "Status": {
      "Name": "Proposed",
      "Id": 1
    },
    "ReasonClosed": {
      "Name": "Unassigned"
    },
    "Summary": "Fails while debugging in VS",
    "Type": {
      "Name": "Unassigned",
      "Id": 5
    },
    "VoteCount": 1,
    "Id": 9056
  },
  "FileAttachments": [],
  "Comments": [
    {
      "Message": "strange... can you remove the charSet attribute (from both the method and the struct) and see if it works?\nthx",
      "PostedDate": "2014-10-28T10:06:56.44-07:00",
      "Id": 163438
    },
    {
      "Message": "I have tried adding only the \"EntryPoint = GetTextMetricsW\" part. I would make sense as all other methods in Win32Util with string parameters also use the 'W' version of the API call, but it wasn't enough to get it working.\n\nTo me the strange part is that the CharSet attributes are necessary at all, given that I would assume Unicode to be default. But from the documentation from Microsoft it seems that it defaults to Ansi when using C#:\n\n\n> Automatically marshal strings appropriately for the target operating system. The default is Unicode on Windows NT, Windows 2000, Windows XP, and the Windows Server 2003 family; the default is Ansi on Windows 98 and Windows Me. Although the common language runtime default is Auto, languages may override this default. For example, __by default C# marks all methods and types as Ansi__.\n\n\nHave you ever checked the contents of the entire structure from the function call to see that all fields are valid? As I recall, you just use three values, all coming from above the part in the structure with char fields. I would suspect that fields below tmDigitizedAspectY would be wrong, unless the suggested change is made. Even if the function doesn't throw an exception. Just a thought.",
      "PostedDate": "2014-10-28T11:29:29.393-07:00",
      "Id": 163444
    },
    {
      "Message": "very strange.. maybe its a bug in VS 2010...\nwell, I think it is safe to say the library will only run on Unicode supported OS, so I added it explicitly to all text related functions.\nthx for your help.",
      "PostedDate": "2014-11-01T08:11:20.717-07:00",
      "Id": 163766
    },
    {
      "Message": "Indeed strange. Thanks for including the fix even though it may only affect very few.\n\nBeing curious, I tried a simple test declaring the TextMetric 4 times. One without the CharSet set, one with CharSet.Auto, one with CharSet.Ansi and one with CharSet.Unicode. I then used Marshall.SizeOf to get the size of each structure and with the following results:\n\nNone: 56 bytes\nAuto: 60 bytes\nAnsi: 56 bytes\nUnocode: 60 bytes\n\nSo it seems that leaving out the CharSet parameter will make the structure default to Ansi rather than Auto, which I would have imagined. \n\nThe test were done on a Windows 7, 64 bit, and gave the same results debugging from within VS2010 and running outside VS.",
      "PostedDate": "2014-11-03T05:01:57.353-08:00",
      "Id": 163851
    }
  ]
}