{
  "WorkItem": {
    "AffectedComponent": {
      "Name": "",
      "DisplayName": ""
    },
    "ClosedComment": "",
    "ClosedDate": "2014-12-05T02:25:05.077-08:00",
    "CommentCount": 1,
    "Custom": null,
    "Description": "I mean is HtmlRender can use in Win8 metro apps or Windows Phone 8.1 runtime apps?\r\nIf not, how to use the HtmlRender.Core to implement the WinRT platform?\r\nThanks for the developers.",
    "LastUpdatedDate": "2014-12-05T02:25:05.077-08:00",
    "PlannedForRelease": "",
    "ReleaseVisibleToPublic": false,
    "Priority": {
      "Name": "Unassigned",
      "Severity": 0,
      "Id": 0
    },
    "ProjectName": "HtmlRenderer",
    "ReportedDate": "2014-11-26T22:50:31.737-08:00",
    "Status": {
      "Name": "Closed",
      "Id": 4
    },
    "ReasonClosed": {
      "Name": "Unassigned"
    },
    "Summary": "Is HtmlRender Support WinRT?",
    "Type": {
      "Name": "Unassigned",
      "Id": 5
    },
    "VoteCount": 1,
    "Id": 9060
  },
  "FileAttachments": [],
  "Comments": [
    {
      "Message": "question are more appropriate in the discussion section, i will close the \"issue\" later.\n\ncurrently WinRT is not supported but with a bit of work it can be.\n\n1. Remove File System access and change HTTP usage in HtmlRenderer.Core.\n2. Create HtmlRenderer.WinRT library by looking on what is done in HtmlRenderer.WinForms and HtmlRenderer.WPF.\n\nI'm not familiar with WinRT rendering framework but I'm sure it will be similar to either WinForms or WPF.\nI would estimate the work to be 2 weeks.",
      "PostedDate": "2014-11-27T09:19:39.08-08:00",
      "Id": 166781
    }
  ]
}