{
  "WorkItem": {
    "AffectedComponent": {
      "Name": "",
      "DisplayName": ""
    },
    "ClosedComment": "",
    "ClosedDate": "2014-06-05T00:56:42.267-07:00",
    "CommentCount": 1,
    "Custom": null,
    "Description": "Hello,\r\n\r\nThis is a follow on bug I found whilst investigating [this one](https://htmlrenderer.codeplex.com/workitem/9037). The sample project I attached to that issue can also be used to repro this one.\r\n\r\nApologies but I haven't dug through the code to find the exact cause, or indeed to raise a pull request with a fix.\r\n\r\nI assume you are using the standard `Image.FromFile` method or similar to load a source image. The problem with this approach is that it [actually locks the source file](http://stackoverflow.com/a/3845491/148962), so that you cannot modify it or delete it etc.\r\n\r\nIf you open up the demo project I provided in the other issue, you can see I copy a source image to a temporary file, and use that in the HTML for the control. Then, in `OnFormClosing` I attempt to clean up by deleting the temp file. In this method you'll notice I have a call to `htmlPanel.Dispose`. If you remove this call, you'll then find that the `File.Delete` call will crash as the file is in use.\r\n\r\nI tend to work around this by creating a copy of the image, that way I can dispose of the original image, thus releasing the file in case I want to save over it, or delete it, and so on. Then I just ensure I dispose of the copy as usual.\r\n\r\nRegards;\r\nRichard Moss\r\n",
    "LastUpdatedDate": "2014-06-05T00:56:42.267-07:00",
    "PlannedForRelease": "",
    "ReleaseVisibleToPublic": false,
    "Priority": {
      "Name": "Unassigned",
      "Severity": 0,
      "Id": 0
    },
    "ProjectName": "HtmlRenderer",
    "ReportedDate": "2014-06-04T12:33:32.627-07:00",
    "Status": {
      "Name": "Closed",
      "Id": 4
    },
    "ReasonClosed": {
      "Name": "Unassigned"
    },
    "Summary": "Loaded images lock source file until component disposed",
    "Type": {
      "Name": "Unassigned",
      "Id": 5
    },
    "VoteCount": 1,
    "Id": 9038
  },
  "FileAttachments": [],
  "Comments": [
    {
      "Message": "I know of it but it is not a bug but a way .NET loads images where if the image is formatted in some way the original stream must be available at later point.\nIf you are 100% sure your images do not suffer from this issue you can override the image loading using ImageLoad event and load the image yourself.\n\nHope it help,\nCheers.",
      "PostedDate": "2014-06-05T00:56:32.25-07:00",
      "Id": 148900
    }
  ]
}