{
  "WorkItem": {
    "AffectedComponent": {
      "Name": "",
      "DisplayName": ""
    },
    "ClosedComment": "",
    "ClosedDate": null,
    "CommentCount": 0,
    "Custom": null,
    "Description": "Hello,\r\nif I use the GetAttributeAt method like `htmlPanel.HtmlContainer.GetAttributeAt(e.Location, \"alt\");` with the following input text\r\n\r\n`<p><img src=\"human.png\" alt=\"human\"/></p>`\r\n\r\nthe method return `human` correct. But if I use the input text\r\n\r\n`<p>test  <img src=\"human.png\" alt=\"human\"/></p>`\r\n\r\nit only returns `null`. \r\n\r\nI use the `HtmlContainer` like I show in [Discussion #575515](https://htmlrenderer.codeplex.com/discussions/575515)\r\n\r\nCan you please fix this method.\r\n\r\nThank you.",
    "LastUpdatedDate": "2014-12-22T10:52:32.983-08:00",
    "PlannedForRelease": "",
    "ReleaseVisibleToPublic": false,
    "Priority": {
      "Name": "Unassigned",
      "Severity": 0,
      "Id": 0
    },
    "ProjectName": "HtmlRenderer",
    "ReportedDate": "2014-12-22T10:52:32.983-08:00",
    "Status": {
      "Name": "Proposed",
      "Id": 1
    },
    "ReasonClosed": {
      "Name": "Unassigned"
    },
    "Summary": "GetAttributeAt returns null",
    "Type": {
      "Name": "Unassigned",
      "Id": 5
    },
    "VoteCount": 1,
    "Id": 9063
  },
  "FileAttachments": [],
  "Comments": []
}