{
  "WorkItem": {
    "AffectedComponent": {
      "Name": "",
      "DisplayName": ""
    },
    "ClosedComment": "",
    "ClosedDate": "2013-03-10T09:37:13.917-07:00",
    "CommentCount": 1,
    "Custom": "",
    "Description": "HTML Renderer is great, but why ignore white space? \n\nI need to show structured data indented by a space or tab, eg.:\n\n\nName:     John Smith\nAddress:     Columbus \n                              Ohio 23\n                              USA\n\n\nI would be pleased, if it were possible to set this behavior, thanks ...",
    "LastUpdatedDate": "2013-05-16T03:19:33.547-07:00",
    "PlannedForRelease": "1.4.14.0",
    "ReleaseVisibleToPublic": true,
    "Priority": {
      "Name": "Low",
      "Severity": 50,
      "Id": 1
    },
    "ProjectName": "HtmlRenderer",
    "ReportedDate": "2013-02-05T13:40:51.477-08:00",
    "Status": {
      "Name": "Closed",
      "Id": 4
    },
    "ReasonClosed": {
      "Name": "Unassigned"
    },
    "Summary": "Why ignore white space?",
    "Type": {
      "Name": "Issue",
      "Id": 3
    },
    "VoteCount": 1,
    "Id": 8555
  },
  "FileAttachments": [],
  "Comments": [
    {
      "Message": "Yep, the preformatted text is currently broken, I will try to fix it for next version.",
      "PostedDate": "2013-02-13T04:16:23.507-08:00",
      "Id": 114907
    }
  ]
}