{
  "WorkItem": {
    "AffectedComponent": {
      "Name": "",
      "DisplayName": ""
    },
    "ClosedComment": "",
    "ClosedDate": null,
    "CommentCount": 1,
    "Custom": null,
    "Description": "Hello,\r\n\r\nBy playing around with different web sites web snippets I realized that sometimes html code is rendered as white font on white background despite the fact the original page renders normally. See this screenshot from StackOverflow site:\r\n\r\n![Image](http://i.imgur.com/xZTdeVM.png)\r\n\r\nAs seen below even the demo renders is wrongly:\r\n\r\n![Image](http://i.imgur.com/lm2tWv7.png)\r\n\r\nI am attaching the html snippet.\r\n\r\nCan anybody explain or even fix this?\r\n\r\nThank you for every hint.\r\n\r\nBest regards\r\nJan",
    "LastUpdatedDate": "2015-05-22T06:31:07.423-07:00",
    "PlannedForRelease": "",
    "ReleaseVisibleToPublic": false,
    "Priority": {
      "Name": "Unassigned",
      "Severity": 0,
      "Id": 0
    },
    "ProjectName": "HtmlRenderer",
    "ReportedDate": "2015-04-01T06:16:59.377-07:00",
    "Status": {
      "Name": "Proposed",
      "Id": 1
    },
    "ReasonClosed": {
      "Name": "Unassigned"
    },
    "Summary": "Wrongly rendered as white on white",
    "Type": {
      "Name": "Unassigned",
      "Id": 5
    },
    "VoteCount": 1,
    "Id": 9075
  },
  "FileAttachments": [
    {
      "FileId": 1442654,
      "FileName": "WhiteOnWhiteProblem.htm",
      "DownloadUrl": ".\\1442654"
    }
  ],
  "Comments": [
    {
      "Message": "\nHello Jan.\n\nI had a similar issue.\n\nI figured out that when you have the following HTML code:\n\n<td>\n</td>\n\nI mean, a table cell element being opened and closed in different lines, without content, the pages after the first page will render as white on white.\n\nWhen you change this code to:\n\n<td></td>\n\nThe problem is resolved.\n\nMaybe this is not your case, but this could help you.\nI opened your code and notice that you have <tr> elements without a <table> element. Have you tried to include the <tr> elements inside a <table></table> element?\n\n\nRegards,\nAllan Poppe",
      "PostedDate": "2015-05-22T06:31:07.423-07:00",
      "Id": 184705
    }
  ]
}