{
  "WorkItem": {
    "AffectedComponent": {
      "Name": "",
      "DisplayName": ""
    },
    "ClosedComment": "",
    "ClosedDate": "2013-08-18T08:10:50.15-07:00",
    "CommentCount": 1,
    "Custom": "",
    "Description": "Try this in HtmlPanel (Contians Chinese characters without any blank):\n\n<p>管理的外延非常宽泛，大到国家政府的活动，小到寻常老百姓的油盐酱醋柴，都是在做管理。管理虽然有一些规律可寻，但更多的时候需要根据环境的具体情况做出判断，进而行动，管理既是一门科学又是一门艺术，有的人做管理工作非常吃力，有的做管理工作则得心应手。许多职业都要求从业者有较强的管理能力，如教练员、教师、导演、调度员、各行业管理人员、编辑、导游、税收专管人员、各种咨询工作、律师、警察、政府机关公务员、社会科学研究人员、企业家、各行各业领导人员等。本测验考查测试者是否适合做管理工作，对其从事管理工作的适当性做出评估，确定做一个好的管理人员还需要在哪些方面做出改进和提高，也可为企业组织选拔管理人员提供参考依据。</p>\n\nThe HtmlPanel cannot wrap line as wished, it will pain all characters in single one line.",
    "LastUpdatedDate": "2013-08-18T08:10:50.15-07:00",
    "PlannedForRelease": "1.4.14.0",
    "ReleaseVisibleToPublic": true,
    "Priority": {
      "Name": "Medium",
      "Severity": 100,
      "Id": 2
    },
    "ProjectName": "HtmlRenderer",
    "ReportedDate": "2013-05-23T20:20:50.577-07:00",
    "Status": {
      "Name": "Closed",
      "Id": 4
    },
    "ReasonClosed": {
      "Name": "Unassigned"
    },
    "Summary": "Cannot wrap lines in Chinese.",
    "Type": {
      "Name": "Issue",
      "Id": 3
    },
    "VoteCount": 1,
    "Id": 8763
  },
  "FileAttachments": [],
  "Comments": [
    {
      "Message": "That is a very hard problem to solve.My advice is to have whitespaces between the group of words there where you have '，' character.",
      "PostedDate": "2013-06-12T00:17:41.89-07:00",
      "Id": 114912
    }
  ]
}