{
  "WorkItem": {
    "AffectedComponent": {
      "Name": "",
      "DisplayName": ""
    },
    "ClosedComment": "",
    "ClosedDate": null,
    "CommentCount": 1,
    "Custom": null,
    "Description": "            I  am currently working with HTML Renderer, which is superb, seamlessly fast than other PDF generator available. I  experienced it's fast pdf generation too.\r\n\r\n            But while dealing with HTML having HTML which spans across multiple pages i faced some problems like given below:\r\n\r\n                 1. incomplete PDF generated on only first page, All remaining pages remains blank.\r\n\r\n            I Have provided PDF generated. Please look through it & suggest me something to avoid or correct this error.\r\n\r\nIn addition i have tested the demo provided with the source code. in which html which containing tables are not generate PDF completely. Please check Tables Section to generate PDF, See bottom Table in generated PDF.  To workaround it i am trying to generate table layout using divs which works for table spanning multiple pages but generating complex table structure using supported CSS tags is not working correctly.\r\n\r\ntmp37F8.pdf --- generated by HtmlRenderer WinForms Demo.exe\r\n",
    "LastUpdatedDate": "2016-04-17T18:26:37.153-07:00",
    "PlannedForRelease": "",
    "ReleaseVisibleToPublic": false,
    "Priority": {
      "Name": "Unassigned",
      "Severity": 0,
      "Id": 0
    },
    "ProjectName": "HtmlRenderer",
    "ReportedDate": "2014-11-06T21:57:15.677-08:00",
    "Status": {
      "Name": "Proposed",
      "Id": 1
    },
    "ReasonClosed": {
      "Name": "Unassigned"
    },
    "Summary": "HTML Pages with table spanning multiple pages not rendered completely for PDF generation.",
    "Type": {
      "Name": "Unassigned",
      "Id": 5
    },
    "VoteCount": 3,
    "Id": 9058
  },
  "FileAttachments": [
    {
      "FileId": 929165,
      "FileName": "tmp37F8.pdf",
      "DownloadUrl": ".\\929165"
    }
  ],
  "Comments": [
    {
      "Message": "Did you come up with a solution to this?  I am having a similar problem",
      "PostedDate": "2016-04-17T18:26:37.153-07:00",
      "Id": 198671
    }
  ]
}