{
  "WorkItem": {
    "AffectedComponent": {
      "Name": "",
      "DisplayName": ""
    },
    "ClosedComment": "check out my post on the image handling implementation: http://theartofdev.wordpress.com/2013/01/13/html-renderer-1-3-0-0/",
    "ClosedDate": "2013-01-13T09:43:57.02-08:00",
    "CommentCount": 1,
    "Custom": "",
    "Description": "(You said you might already have this in progress, just adding an issue to track it because I'm looking forward to it!)\n\nIssue:\nI'd like to be able to provide a .NET image directly from my program, in addition to the current great methods. This is useful for scenarios like loading images from a database or generating images on the fly when I might not know at compile time what the images will be.\n\nPotential Solutions:\nThere are lots of ways to solve it, it doesn't really matter which you choose. Here are some brainstorms:\n* Raise an event: public event Image OnGetImage(bool Handled)\n* Provide an interface: IGetImage { Image OnGetImage(bool Handled); }, cast bridge object: if (bridge is IGetImage)\n* Extend the current 'method:' handler: if methodInfo has 1 string parameter, pass in the image url\n\nPersonally, I like the event or callback interface methods best.",
    "LastUpdatedDate": "2013-05-16T03:19:33.837-07:00",
    "PlannedForRelease": "1.3.0.0",
    "ReleaseVisibleToPublic": true,
    "Priority": {
      "Name": "Low",
      "Severity": 50,
      "Id": 1
    },
    "ProjectName": "HtmlRenderer",
    "ReportedDate": "2012-12-12T09:24:57.903-08:00",
    "Status": {
      "Name": "Closed",
      "Id": 4
    },
    "ReasonClosed": {
      "Name": "Unassigned"
    },
    "Summary": "Callback to provide images",
    "Type": {
      "Name": "Issue",
      "Id": 3
    },
    "VoteCount": 1,
    "Id": 8457
  },
  "FileAttachments": [],
  "Comments": [
    {
      "Message": "Previously I implemented the interface callback. Do what you'd like, but in case you are interested in the code, here it is. The interface definition went in one file, then I extended the current GetImage() code to use it.\r\n\r\nThe interface can return 'false' meaning \"unhandled, proceed with normal implementation\", or it can return 'true' meaning \"handled, use my image or return error image on null value\"\r\n\r\n---New File: Interfaces.cs\r\n\r\nusing System.Drawing;\r\n\r\nnamespace HtmlRenderer{    public interface IHtmlImageResolver    {        bool GetImage(string path, out Image image);    }}\r\n\r\n---\r\n\r\nFile: Parse\\CssValueParser.csFunction: public static Image GetImage(string path, object bridge)Approximate Line: 345\r\n\r\n        public static Image GetImage(string path, object bridge)        {            if (bridge is IHtmlImageResolver)            {                Image overrideImage;                if (((IHtmlImageResolver)bridge).GetImage(path, out overrideImage))                {                    return overrideImage ??  new Bitmap(20, 20); //TODO: Return error image;                }            }\r\n\r\n            object source = DetectSource(path,bridge);            Uri uri = source as Uri;            ...",
      "PostedDate": "2012-12-12T09:30:51.093-08:00",
      "Id": 114905
    }
  ]
}