{
  "WorkItem": {
    "AffectedComponent": {
      "Name": "",
      "DisplayName": ""
    },
    "ClosedComment": "",
    "ClosedDate": "2013-03-11T03:51:19.843-07:00",
    "CommentCount": 1,
    "Custom": "",
    "Description": "Why are you putting your code under the System namespace?\n\nPlease put your code in a namespace that makes sense.",
    "LastUpdatedDate": "2013-05-16T03:19:33.407-07:00",
    "PlannedForRelease": "",
    "ReleaseVisibleToPublic": false,
    "Priority": {
      "Name": "Unassigned",
      "Severity": 0,
      "Id": 0
    },
    "ProjectName": "HtmlRenderer",
    "ReportedDate": "2013-03-10T23:26:47.723-07:00",
    "Status": {
      "Name": "Closed",
      "Id": 4
    },
    "ReasonClosed": {
      "Name": "Unassigned"
    },
    "Summary": "User code does not belong under System.*",
    "Type": {
      "Name": "Issue",
      "Id": 3
    },
    "VoteCount": 1,
    "Id": 8618
  },
  "FileAttachments": [],
  "Comments": [
    {
      "Message": "I have no idea what you are talking about all the code is under HtmlRenderer namespace",
      "PostedDate": "2013-03-11T03:47:07.343-07:00",
      "Id": 114908
    }
  ]
}