{
  "WorkItem": {
    "AffectedComponent": {
      "Name": "",
      "DisplayName": ""
    },
    "ClosedComment": "",
    "ClosedDate": null,
    "CommentCount": 0,
    "Custom": null,
    "Description": "Partial selection is not working when use attribute dir='rtl' on div to make Right to Left direction. When trying to select any specific word, it is selectig all words and does not select with mouse movement.\r\n\r\nPlease help.",
    "LastUpdatedDate": "2016-02-13T21:17:15.167-08:00",
    "PlannedForRelease": "",
    "ReleaseVisibleToPublic": false,
    "Priority": {
      "Name": "Unassigned",
      "Severity": 0,
      "Id": 0
    },
    "ProjectName": "HtmlRenderer",
    "ReportedDate": "2016-02-13T21:17:15.167-08:00",
    "Status": {
      "Name": "Proposed",
      "Id": 1
    },
    "ReasonClosed": {
      "Name": "Unassigned"
    },
    "Summary": "Partial selection with mouse does not work with RTL (attribute dir='rtl')",
    "Type": {
      "Name": "Unassigned",
      "Id": 5
    },
    "VoteCount": 1,
    "Id": 9099
  },
  "FileAttachments": [],
  "Comments": []
}