{
  "WorkItem": {
    "AffectedComponent": {
      "Name": "",
      "DisplayName": ""
    },
    "ClosedComment": "added in 1.1.0.0\r\nincluding Up, Down keys",
    "ClosedDate": "2012-11-13T06:35:54.117-08:00",
    "CommentCount": 0,
    "Custom": "",
    "Description": "Add support for the scroll navigation keys:\n \nHome, End, Page Up, Page Down",
    "LastUpdatedDate": "2013-05-16T03:19:35.857-07:00",
    "PlannedForRelease": "",
    "ReleaseVisibleToPublic": false,
    "Priority": {
      "Name": "Low",
      "Severity": 50,
      "Id": 1
    },
    "ProjectName": "HtmlRenderer",
    "ReportedDate": "2009-01-30T06:40:13-08:00",
    "Status": {
      "Name": "Closed",
      "Id": 4
    },
    "ReasonClosed": {
      "Name": "Unassigned"
    },
    "Summary": "Home, End, Page Up, Page Down",
    "Type": {
      "Name": "Feature",
      "Id": 1
    },
    "VoteCount": 1,
    "Id": 717
  },
  "FileAttachments": [],
  "Comments": []
}