{
  "WorkItem": {
    "AffectedComponent": {
      "Name": "",
      "DisplayName": ""
    },
    "ClosedComment": "",
    "ClosedDate": null,
    "CommentCount": 0,
    "Custom": null,
    "Description": "<html>\r\n<body >\r\n    <table>\r\n        <tr>\r\n            <td>Test</td>\r\n            <td colspan=\"3\">8 570</td>\r\n            <td>Test</td>\r\n        </tr>\r\n        <tr>\r\n            <td colspan=\"4\">1 449</td>\r\n            <td>1 187</td>\r\n        </tr>\r\n    </table>\r\n</body>\r\n</html>",
    "LastUpdatedDate": "2016-07-19T02:49:18.887-07:00",
    "PlannedForRelease": "",
    "ReleaseVisibleToPublic": false,
    "Priority": {
      "Name": "Unassigned",
      "Severity": 0,
      "Id": 0
    },
    "ProjectName": "HtmlRenderer",
    "ReportedDate": "2016-07-19T02:49:18.887-07:00",
    "Status": {
      "Name": "Proposed",
      "Id": 1
    },
    "ReasonClosed": {
      "Name": "Unassigned"
    },
    "Summary": "Corrupted colspan makes columns appear in top left corner of document.",
    "Type": {
      "Name": "Unassigned",
      "Id": 5
    },
    "VoteCount": 1,
    "Id": 9108
  },
  "FileAttachments": [],
  "Comments": []
}