{
  "WorkItem": {
    "AffectedComponent": {
      "Name": "",
      "DisplayName": ""
    },
    "ClosedComment": "",
    "ClosedDate": "2013-08-18T08:08:48.297-07:00",
    "CommentCount": 0,
    "Custom": "",
    "Description": "Hello,\n\nif I put --- & # x 4 1 ; --- (without spaces) as HEX value it dosen´t show an \"A\" but --- & # 6 5 ; --- shows an \"A\". Is it possible to fix this. I´m using a markdown processor which encode an email address with this representation (see [http://daringfireball.net/projects/markdown/syntax#autolink](http://daringfireball.net/projects/markdown/syntax#autolink)).\n\nThank you",
    "LastUpdatedDate": "2013-08-18T08:08:48.297-07:00",
    "PlannedForRelease": "1.4.14.0",
    "ReleaseVisibleToPublic": true,
    "Priority": {
      "Name": "Low",
      "Severity": 50,
      "Id": 1
    },
    "ProjectName": "HtmlRenderer",
    "ReportedDate": "2013-08-10T23:36:26.297-07:00",
    "Status": {
      "Name": "Closed",
      "Id": 4
    },
    "ReasonClosed": {
      "Name": "Unassigned"
    },
    "Summary": "Unicode in HTML with HEX representation",
    "Type": {
      "Name": "Issue",
      "Id": 3
    },
    "VoteCount": 1,
    "Id": 8941
  },
  "FileAttachments": [],
  "Comments": []
}