{
  "WorkItem": {
    "AffectedComponent": {
      "Name": "",
      "DisplayName": ""
    },
    "ClosedComment": "* fixed in 1.1.0.0",
    "ClosedDate": "2012-11-13T06:34:46.35-08:00",
    "CommentCount": 2,
    "Custom": "",
    "Description": "When having the following example script:\n \n<html>\n<body>This is text with <a href=\"http://www.my-page.com/index.html?token=value\">a hyperlink</a> inside.</body>\n</html>\n \nThe renderer crashes with \"EmptyURL\" when clicking the hyperlink.\n \nThis happens with any URL that contains an equal sign \"=\"\n \nQuestion: Any idea how to correct this?",
    "LastUpdatedDate": "2013-05-16T03:19:35.163-07:00",
    "PlannedForRelease": "",
    "ReleaseVisibleToPublic": false,
    "Priority": {
      "Name": "Low",
      "Severity": 50,
      "Id": 1
    },
    "ProjectName": "HtmlRenderer",
    "ReportedDate": "2009-09-04T14:04:44.073-07:00",
    "Status": {
      "Name": "Closed",
      "Id": 4
    },
    "ReasonClosed": {
      "Name": "Unassigned"
    },
    "Summary": "Crash when clicking an anchor that has an URL with an equal sign",
    "Type": {
      "Name": "Issue",
      "Id": 3
    },
    "VoteCount": 1,
    "Id": 2547
  },
  "FileAttachments": [],
  "Comments": [
    {
      "Message": "Seems that the definition\r\n\r\npublic const string HmlTagAttributes = \"[^\\\\s]*\\\\s*=\\\\s*(\\\"[^\\\"]*\\\"|[^\\\\s]*)\";\r\n\r\ninside \"Parser.cs\" is not capable of handling equal signs inside attributes. I am currently trying to figure out how to solve.",
      "PostedDate": "2009-09-04T14:37:17.41-07:00",
      "Id": 114897
    },
    {
      "Message": "OK, I think I fixed it by doing the following:\r\n\r\n------------------------\r\n\r\n1.) Changed the RegEx in \"Parser.cs\" due to the hint at http://stackoverflow.com/questions/317053/regular-expression-for-extracting-tag-attributes/574968#574968 to the following:\r\n\r\npublic const string HmlTagAttributes = \"(?\\\\b\\\\w+\\\\b)\\\\s*=\\\\s*(?\\\"[^\\\"]*\\\"|'[^']*'|[^\\\"'\\\\s]+)\";\r\n\r\n2.) Modified the constructor in \"HtmlTag.cs\" to the following:\r\n\r\npublic HtmlTag(string tag)\r\n\t: this()\r\n{\r\n\ttag = tag.Substring(1, tag.Length - 2);\r\n\r\n\tint spaceIndex = tag.IndexOf(\" \");\r\n\r\n\t//Extract tag name\r\n\tif (spaceIndex  2)\r\n\t\t\t{\r\n\t\t\t\tattvalue = attvalue.Substring(1, attvalue.Length - 2);\r\n\t\t\t}\r\n\r\n\t\t\tif (!Attributes.ContainsKey(attname))\r\n\t\t\t\tAttributes.Add(attname, attvalue);\r\n\t\t}\r\n\t}\r\n}\r\n\r\n------------------------\r\n\r\nHopefully this if of help to someone.",
      "PostedDate": "2009-09-04T15:00:16.637-07:00",
      "Id": 114898
    }
  ]
}