{
  "WorkItem": {
    "AffectedComponent": {
      "Name": "",
      "DisplayName": ""
    },
    "ClosedComment": "",
    "ClosedDate": "2014-08-03T00:46:23.653-07:00",
    "CommentCount": 2,
    "Custom": null,
    "Description": "For some reason, the font I've defined in my css is not being used when rendering an image on my server. It works fine locally. I've verified that the font is installed on the server.\r\n\r\nIs there anything else that I should be doing? Not really sure how to troubleshoot this. Any help would be appreciated.",
    "LastUpdatedDate": "2014-08-03T00:46:23.653-07:00",
    "PlannedForRelease": "",
    "ReleaseVisibleToPublic": false,
    "Priority": {
      "Name": "Unassigned",
      "Severity": 0,
      "Id": 0
    },
    "ProjectName": "HtmlRenderer",
    "ReportedDate": "2014-07-31T15:35:59.317-07:00",
    "Status": {
      "Name": "Closed",
      "Id": 4
    },
    "ReasonClosed": {
      "Name": "Fixed"
    },
    "Summary": "Font not used when rendering image on server",
    "Type": {
      "Name": "Unassigned",
      "Id": 5
    },
    "VoteCount": 1,
    "Id": 9044
  },
  "FileAttachments": [],
  "Comments": [
    {
      "Message": "Turned out that I needed to restart the server for the newly installed font to be used. I'm guessing this has nothing to do with HTML Render and is a nuance related to how windows server handles fonts.",
      "PostedDate": "2014-08-01T05:05:22.567-07:00",
      "Id": 154154
    },
    {
      "Message": "I agree its a Windows issue, great you found it.",
      "PostedDate": "2014-08-03T00:46:17.96-07:00",
      "Id": 154257
    }
  ]
}