{
  "WorkItem": {
    "AffectedComponent": {
      "Name": "",
      "DisplayName": ""
    },
    "ClosedComment": "",
    "ClosedDate": null,
    "CommentCount": 0,
    "Custom": null,
    "Description": "The following HTML code will not render well to an image or will show well in the wpf or win forms controls.\r\nThis problem does not occurres if I use the standard wpf web browser control or someting else that can show html.\r\n\r\n```\r\n<!DOCTYPE HTML PUBLIC \"-//W3C//DTD HTML 4.0 Transitional//EN\"><html><head>\r\n\r\n   </head>\r\n   <body bgcolor=\"#ffffff\">\r\n      <font face=\"Verdana,\" Arial,Helvetica=\"\" size=\"2\" color=\"#000000\">\r\n      Hi...,<br><br>\r\n      Lorem ipsum dolor sit amet, consetetur sadipscing elitr, sed diam nonumy eirmod tempor invidu<br>\r\n      <br>\r\n      <table border=\"0\" cellpadding=\"0\" cellspacing=\"0\">\r\n      <tr>\r\n         <td><font face=\"Verdana,\" Arial,Helvetica=\"\" size=\"2\" color=\"#000000\"><b></b></td>\r\n         <td>&nbsp;&nbsp;</td> \r\n      </tr>\r\n      </table>\r\n      <br>\r\n      Lorem ipsum dolor sit amet, consetetur sadipscing elitr, sed diam nonumy eirmod tempor invidu<br>\r\n      <br>\r\n      <table border=\"0\" cellpadding=\"0\" cellspacing=\"0\">\r\n      <tr>\r\n         <td><font face=\"Verdana,\" Arial,Helvetica=\"\" size=\"2\" color=\"#000000\"><b>Login</b></td>\r\n         <td>&nbsp;&nbsp;</td>\r\n      </tr>\r\n      <tr>\r\n         <td><font face=\"Verdana,\" Arial,Helvetica=\"\" size=\"2\" color=\"#000000\"><b>Nr.:</b></td>\r\n         <td>&nbsp;&nbsp;</td> \r\n         <td><font face=\"Verdana,\" Arial,Helvetica=\"\" size=\"2\" color=\"#000000\">24345</td>\r\n      </tr>\r\n      <tr> \r\n         <td><font face=\"Verdana,\" Arial,Helvetica=\"\" size=\"2\" color=\"#000000\"><b>E-Mail:</b></td> \r\n         <td>&nbsp;&nbsp;</td> \r\n         <td><font face=\"Verdana,\" Arial,Helvetica=\"\" size=\"2\" color=\"#000000\">email@test.de</td> \r\n      </tr>\r\n      </table>\r\n      <br>\r\n     Lorem ipsum dolor sit amet, consetetur sadipscing elitr, sed diam nonumy eirmod tempor invidu<br>\r\n      <br><br>\r\n      Lorem ipsum dolor sit amet, consetetur sadipscing elitr, sed diam nonumy eirmod tempor invidu<br>\r\n      </font>\r\n   </body>\r\n</html>\r\n```\r\nAlmost all words are displayed overlaped, like in the attached picture. ",
    "LastUpdatedDate": "2016-02-05T01:52:16.043-08:00",
    "PlannedForRelease": "",
    "ReleaseVisibleToPublic": false,
    "Priority": {
      "Name": "Unassigned",
      "Severity": 0,
      "Id": 0
    },
    "ProjectName": "HtmlRenderer",
    "ReportedDate": "2016-02-05T01:52:15.747-08:00",
    "Status": {
      "Name": "Proposed",
      "Id": 1
    },
    "ReasonClosed": {
      "Name": "Unassigned"
    },
    "Summary": "Words are shown overlapped",
    "Type": {
      "Name": "Unassigned",
      "Id": 5
    },
    "VoteCount": 1,
    "Id": 9098
  },
  "FileAttachments": [
    {
      "FileId": 1545817,
      "FileName": "Unbenannt.PNG",
      "DownloadUrl": ".\\1545817"
    }
  ],
  "Comments": []
}