{
  "WorkItem": {
    "AffectedComponent": {
      "Name": "",
      "DisplayName": ""
    },
    "ClosedComment": "",
    "ClosedDate": null,
    "CommentCount": 1,
    "Custom": null,
    "Description": "Faced issue with rendering document. Line is splitted into two pages. See attached image![Image](http://s15.postimg.org/uvch2zy63/bug.png)",
    "LastUpdatedDate": "2016-05-14T14:28:28.7-07:00",
    "PlannedForRelease": "",
    "ReleaseVisibleToPublic": false,
    "Priority": {
      "Name": "Unassigned",
      "Severity": 0,
      "Id": 0
    },
    "ProjectName": "HtmlRenderer",
    "ReportedDate": "2015-02-27T07:22:33.497-08:00",
    "Status": {
      "Name": "Proposed",
      "Id": 1
    },
    "ReasonClosed": {
      "Name": "Unassigned"
    },
    "Summary": "PDF rendering new page issue",
    "Type": {
      "Name": "Unassigned",
      "Id": 5
    },
    "VoteCount": 9,
    "Id": 9069
  },
  "FileAttachments": [],
  "Comments": [
    {
      "Message": "Did you ever find a solution to this?  I am having the same problem. ",
      "PostedDate": "2016-04-17T18:29:07.283-07:00",
      "Id": 198672
    }
  ]
}