{
  "WorkItem": {
    "AffectedComponent": {
      "Name": "",
      "DisplayName": ""
    },
    "ClosedComment": "",
    "ClosedDate": null,
    "CommentCount": 0,
    "Custom": null,
    "Description": "Here is example, it is not working properly at demo application.\r\n<html>\r\n<SPAN style='FONT-FAMILY:Symbol'>£ &#163; qwe&spades;</SPAN>&spades;\r\n </html>",
    "LastUpdatedDate": "2016-03-17T05:38:59.027-07:00",
    "PlannedForRelease": "",
    "ReleaseVisibleToPublic": false,
    "Priority": {
      "Name": "Unassigned",
      "Severity": 0,
      "Id": 0
    },
    "ProjectName": "HtmlRenderer",
    "ReportedDate": "2016-03-17T05:38:59.027-07:00",
    "Status": {
      "Name": "Proposed",
      "Id": 1
    },
    "ReasonClosed": {
      "Name": "Unassigned"
    },
    "Summary": "special symbols are rendered as squares",
    "Type": {
      "Name": "Unassigned",
      "Id": 5
    },
    "VoteCount": 1,
    "Id": 9103
  },
  "FileAttachments": [],
  "Comments": []
}