{
  "WorkItem": {
    "AffectedComponent": {
      "Name": "",
      "DisplayName": ""
    },
    "ClosedComment": "fixed 1.5.0.0",
    "ClosedDate": "2014-10-09T08:53:10.887-07:00",
    "CommentCount": 1,
    "Custom": null,
    "Description": "Hi, not sure why, but I cannot use HtmlPanel, I tried WPF version both from source code and from nuget. both with same results: \r\n> Layout measurement override of element 'TheArtOfDev.HtmlRenderer.WPF.HtmlPanel' should not return PositiveInfinity as its DesiredSize, even if Infinity is passed in as available size.\r\n\r\nMy code:\r\n```\r\n<UserControl x:Class=\"CBR.View.Reports.UserControl1\"\r\n             xmlns=\"http://schemas.microsoft.com/winfx/2006/xaml/presentation\"\r\n             xmlns:x=\"http://schemas.microsoft.com/winfx/2006/xaml\"\r\n             xmlns:mc=\"http://schemas.openxmlformats.org/markup-compatibility/2006\" \r\n             xmlns:d=\"http://schemas.microsoft.com/expression/blend/2008\"\r\n             xmlns:wpf=\"clr-namespace:TheArtOfDev.HtmlRenderer.WPF;assembly=HtmlRenderer.WPF\"\r\n             mc:Ignorable=\"d\" \r\n             >\r\n    <Grid>\r\n\r\n        <wpf:HtmlPanel Grid.Column=\"0\" DataContext=\"{Binding}\">\r\n                <wpf:HtmlPanel.Text>\r\n                    <![CDATA[<B>Test</B> of HtmlPanel]]>\r\n                </wpf:HtmlPanel.Text>\r\n            </wpf:HtmlPanel>\r\n        \r\n    </Grid>\r\n    \r\n</UserControl>\r\n```\r\n\r\nNet 4.0, x86\r\n\r\nThanks\r\nJ",
    "LastUpdatedDate": "2014-10-09T08:53:10.887-07:00",
    "PlannedForRelease": "",
    "ReleaseVisibleToPublic": false,
    "Priority": {
      "Name": "Unassigned",
      "Severity": 0,
      "Id": 0
    },
    "ProjectName": "HtmlRenderer",
    "ReportedDate": "2014-09-04T10:14:17.18-07:00",
    "Status": {
      "Name": "Closed",
      "Id": 4
    },
    "ReasonClosed": {
      "Name": "Fixed"
    },
    "Summary": "Layout measurement override of element 'TheArtOfDev.HtmlRenderer.WPF.HtmlPanel' should not return PositiveInfinity as its DesiredSize, even if Infinity is passed in as available size.",
    "Type": {
      "Name": "Unassigned",
      "Id": 5
    },
    "VoteCount": 1,
    "Id": 9047
  },
  "FileAttachments": [],
  "Comments": [
    {
      "Message": "couldn't reproduce it or understand why would that happen =/\ncommit a possible fix, please let me know if it worked",
      "PostedDate": "2014-09-05T02:19:10.24-07:00",
      "Id": 158874
    }
  ]
}