{
  "WorkItem": {
    "AffectedComponent": {
      "Name": "",
      "DisplayName": ""
    },
    "ClosedComment": "",
    "ClosedDate": "2013-08-18T08:10:16.39-07:00",
    "CommentCount": 0,
    "Custom": "",
    "Description": "https://htmlrenderer.codeplex.com/discussions/448317",
    "LastUpdatedDate": "2013-08-18T08:10:16.39-07:00",
    "PlannedForRelease": "1.4.14.0",
    "ReleaseVisibleToPublic": true,
    "Priority": {
      "Name": "Low",
      "Severity": 50,
      "Id": 1
    },
    "ProjectName": "HtmlRenderer",
    "ReportedDate": "2013-06-27T13:06:47.92-07:00",
    "Status": {
      "Name": "Closed",
      "Id": 4
    },
    "ReasonClosed": {
      "Name": "Unassigned"
    },
    "Summary": "Support Links to Anchors",
    "Type": {
      "Name": "Feature",
      "Id": 1
    },
    "VoteCount": 1,
    "Id": 8834
  },
  "FileAttachments": [],
  "Comments": []
}