{
  "WorkItem": {
    "AffectedComponent": {
      "Name": "",
      "DisplayName": ""
    },
    "ClosedComment": "added in 1.1.0.0",
    "ClosedDate": "2012-11-13T06:36:50.093-08:00",
    "CommentCount": 0,
    "Custom": "",
    "Description": "It would be great to have some static MeasureHtml (MeasureBounds) methods on HtmlRenderer to help determine how much space is needed when using the static HtmlRenderer.Render method.",
    "LastUpdatedDate": "2013-05-16T03:19:35.563-07:00",
    "PlannedForRelease": "",
    "ReleaseVisibleToPublic": false,
    "Priority": {
      "Name": "Low",
      "Severity": 50,
      "Id": 1
    },
    "ProjectName": "HtmlRenderer",
    "ReportedDate": "2009-05-04T23:25:06.97-07:00",
    "Status": {
      "Name": "Closed",
      "Id": 4
    },
    "ReasonClosed": {
      "Name": "Unassigned"
    },
    "Summary": "Add static MeasureHtml methods to HtmlRenderer",
    "Type": {
      "Name": "Issue",
      "Id": 3
    },
    "VoteCount": 2,
    "Id": 1605
  },
  "FileAttachments": [],
  "Comments": []
}