{
  "WorkItem": {
    "AffectedComponent": {
      "Name": "",
      "DisplayName": ""
    },
    "ClosedComment": "fixed in 1.4.12.0",
    "ClosedDate": "2014-01-18T03:29:53.14-08:00",
    "CommentCount": 1,
    "Custom": null,
    "Description": "debug error picture in skydriver:\r\nhttps://pjkzua.dm1.livefilestore.com/y2paDDL4RwvRYZAysGMEYIiSuiPq-gv3QhAo62NjepFaG8Aduk_0XrbUq_60JTLSAhTL_SXH0u7iXp32rZ-5g7NS-BDvsk33hMvUygibBBJx8Y/DrawTransparentTextError.jpg?psid=1\r\n\r\nreproduce:\r\n1. open the demo and select the \"text\" node in \"html render\" category\r\n2. scroll down the page, while show \"Transparent text\", the error raise.\r\n3. the error message is: PInvokeStackImbalance was detected\r\nMessage: 对 PInvoke 函数“HtmlRenderer!HtmlRenderer.Utils.Win32Utils::BitBlt”的调用导致堆栈不对称。原因可能是托管的 PInvoke 签名与非托管的目标签名不匹配。请检查 PInvoke 签名的调用约定和参数与非托管的目标签名是否匹配。\r\n\r\nmy environment：\r\nwin8 64 enterprise with newlest update\r\nvs2012 sp4\r\nhtmlrender 1.4.11.0\r\n",
    "LastUpdatedDate": "2014-01-18T03:29:53.14-08:00",
    "PlannedForRelease": "",
    "ReleaseVisibleToPublic": false,
    "Priority": {
      "Name": "Unassigned",
      "Severity": 0,
      "Id": 0
    },
    "ProjectName": "HtmlRenderer",
    "ReportedDate": "2013-12-22T18:59:33.273-08:00",
    "Status": {
      "Name": "Closed",
      "Id": 4
    },
    "ReasonClosed": {
      "Name": "Fixed"
    },
    "Summary": "DrawTransparentText error",
    "Type": {
      "Name": "Unassigned",
      "Id": 5
    },
    "VoteCount": 1,
    "Id": 9024
  },
  "FileAttachments": [
    {
      "FileId": 770804,
      "FileName": "DrawTransparentTextError.jpg",
      "DownloadUrl": ".\\770804"
    }
  ],
  "Comments": [
    {
      "Message": "Sorry, see [this](https://htmlrenderer.codeplex.com/discussions/481056) for a fix until next release.",
      "PostedDate": "2014-01-06T06:49:11.043-08:00",
      "Id": 129208
    }
  ]
}