{
  "WorkItem": {
    "AffectedComponent": {
      "Name": "",
      "DisplayName": ""
    },
    "ClosedComment": "",
    "ClosedDate": "2013-09-16T04:43:35.67-07:00",
    "CommentCount": 0,
    "Custom": "",
    "Description": "Using transparency on text, i.e. setting the css color with rgba(...), ignores the alpha value and renders opaque. I would assume this have something to do with the changes in 1.4.6.0, where text rendering changed to using native GDI, as previous versions (1.4.5.0 and below) works fine.\n\nI would like to request that the transparency is supported again. This could be as test in the IGraphics.DrawString method, falling back to Graphics.DrawText when the alpha value is below 255. Alternately an option to select the previous Graphics class based rendering would also be a solution. This could be done by implementing another class based on the IGraphics interface, and making an option on the gui components (HtmlLabel, HtmlPanel, etc.) to select the specific implementation.",
    "LastUpdatedDate": "2013-09-16T04:43:35.67-07:00",
    "PlannedForRelease": "1.4.14.0",
    "ReleaseVisibleToPublic": true,
    "Priority": {
      "Name": "Low",
      "Severity": 50,
      "Id": 1
    },
    "ProjectName": "HtmlRenderer",
    "ReportedDate": "2013-09-04T12:30:32.54-07:00",
    "Status": {
      "Name": "Closed",
      "Id": 4
    },
    "ReasonClosed": {
      "Name": "Unassigned"
    },
    "Summary": "Transparency on text",
    "Type": {
      "Name": "Issue",
      "Id": 3
    },
    "VoteCount": 1,
    "Id": 8993
  },
  "FileAttachments": [],
  "Comments": []
}