{
  "WorkItem": {
    "AffectedComponent": {
      "Name": "",
      "DisplayName": ""
    },
    "ClosedComment": "1.4.14.0",
    "ClosedDate": "2014-04-26T09:09:08.077-07:00",
    "CommentCount": 0,
    "Custom": null,
    "Description": "The line spacing is to large. Chrome, Firefox and IE don't show these spaces. \r\nI pasted a sample document here: [http://pastebin.com/MiiHVQtU](http://pastebin.com/MiiHVQtU)\r\n\r\nUsing HTML Renderer 1.4.13.0\r\nRegards\r\nMark",
    "LastUpdatedDate": "2014-04-26T09:09:08.077-07:00",
    "PlannedForRelease": "",
    "ReleaseVisibleToPublic": false,
    "Priority": {
      "Name": "Unassigned",
      "Severity": 0,
      "Id": 0
    },
    "ProjectName": "HtmlRenderer",
    "ReportedDate": "2014-03-19T03:14:59.987-07:00",
    "Status": {
      "Name": "Closed",
      "Id": 4
    },
    "ReasonClosed": {
      "Name": "Fixed"
    },
    "Summary": "Style is ignored if surrounded by HTML comment",
    "Type": {
      "Name": "Unassigned",
      "Id": 5
    },
    "VoteCount": 1,
    "Id": 9029
  },
  "FileAttachments": [],
  "Comments": []
}