{
  "WorkItem": {
    "AffectedComponent": {
      "Name": "",
      "DisplayName": ""
    },
    "ClosedComment": "",
    "ClosedDate": null,
    "CommentCount": 0,
    "Custom": null,
    "Description": "class HtmlContainerInt, Crash Null pointer exception :\r\n        public void Clear()\r\n        {\r\n            _hoverBoxes.Clear(); <<< === PTR _hoverBoxes is NULL\r\n        ...\r\n       }\r\nWe need to insert at the beginning:\r\n   if(_hoverBoxes != null)\r\n\r\nThanks",
    "LastUpdatedDate": "2015-06-19T08:36:05.843-07:00",
    "PlannedForRelease": "",
    "ReleaseVisibleToPublic": false,
    "Priority": {
      "Name": "Unassigned",
      "Severity": 0,
      "Id": 0
    },
    "ProjectName": "HtmlRenderer",
    "ReportedDate": "2015-06-19T08:36:05.843-07:00",
    "Status": {
      "Name": "Proposed",
      "Id": 1
    },
    "ReasonClosed": {
      "Name": "Unassigned"
    },
    "Summary": "Crash in class HtmlContainerInt, fct Clear",
    "Type": {
      "Name": "Unassigned",
      "Id": 5
    },
    "VoteCount": 1,
    "Id": 9081
  },
  "FileAttachments": [],
  "Comments": []
}