{
  "WorkItem": {
    "AffectedComponent": {
      "Name": "",
      "DisplayName": ""
    },
    "ClosedComment": "",
    "ClosedDate": "2013-03-10T09:37:25.443-07:00",
    "CommentCount": 1,
    "Custom": "",
    "Description": "When you call HtmlContainer.GetHtml, you can optionally pass in a parameter to indicate whether you want the HTML markup returned with inline styles or styles in the header. However there is a minor bug in the implementation. The method doesn't pass through your choice to the underlying DomUtils.GenerateHtml call.\n\nYou can fix this by changing the single line in HtmlContainer.GetHtml from:\n\nreturn DomUtils.GenerateHtml(_root);\n\nto:\n\nreturn DomUtils.GenerateHtml(_root, styleGen);",
    "LastUpdatedDate": "2013-05-16T03:19:33.69-07:00",
    "PlannedForRelease": "1.4.14.0",
    "ReleaseVisibleToPublic": true,
    "Priority": {
      "Name": "Low",
      "Severity": 50,
      "Id": 1
    },
    "ProjectName": "HtmlRenderer",
    "ReportedDate": "2013-01-18T12:00:11.407-08:00",
    "Status": {
      "Name": "Closed",
      "Id": 4
    },
    "ReasonClosed": {
      "Name": "Unassigned"
    },
    "Summary": "HtmlContainer.GetHtml always returns inline styles",
    "Type": {
      "Name": "Issue",
      "Id": 3
    },
    "VoteCount": 1,
    "Id": 8518
  },
  "FileAttachments": [],
  "Comments": [
    {
      "Message": "thx, will be part of 1.4",
      "PostedDate": "2013-02-10T06:47:08.73-08:00",
      "Id": 114906
    }
  ]
}