{
  "WorkItem": {
    "AffectedComponent": {
      "Name": "",
      "DisplayName": ""
    },
    "ClosedComment": "",
    "ClosedDate": "2013-10-19T08:38:00.903-07:00",
    "CommentCount": 0,
    "Custom": null,
    "Description": "I am using the below code to convet an html to image. I ahev an image whcih is placed as the background of a div and then writing a text, \"Test\" over that. Then I am converting teh same html to a png image. Below is teh code for that.\r\n\r\nThe issue is, for the first time the image is coming properly. Next time when I try to run teh application, the original image which is used as the div background is locked. I tried deleting the file from folder manually, Iths throwing error that the fil is locked in IIS worker process.\r\n\r\nPlease help.\r\n\r\n Bitmap m_Bitmap = new Bitmap(1000, 682);\r\n PointF point = new PointF(0, 0);\r\n string path =\" D://Images//OriginalImage.png\";\r\n string newPath = \"D://Images//NewImage.png\";\r\nSizeF maxSize = new System.Drawing.SizeF(674, 690);\r\n\r\nstring html = \"<html><body><div style=\\\"background-image:url(\" + path + \");height:674px;width:670px;text-align:center;\\\"><div style=\\\"height:674px;width:670px;margin-top:400px;\\\"><span>Test</span></div></body></html>\";\r\n\r\nHtmlRenderer.HtmlRender.Render(Graphics.FromImage(m_Bitmap), html, point, maxSize);\r\n m_Bitmap.Save(newPath, ImageFormat.Png);\r\n",
    "LastUpdatedDate": "2017-12-09T14:51:43.353-08:00",
    "PlannedForRelease": "1.4.14.0",
    "ReleaseVisibleToPublic": true,
    "Priority": {
      "Name": "Low",
      "Severity": 50,
      "Id": 1
    },
    "ProjectName": "HtmlRenderer",
    "ReportedDate": "2013-09-27T05:48:02.283-07:00",
    "Status": {
      "Name": "Closed",
      "Id": 4
    },
    "ReasonClosed": {
      "Name": "Fixed"
    },
    "Summary": "Issue with loading image",
    "Type": {
      "Name": "Issue",
      "Id": 3
    },
    "VoteCount": 1,
    "Id": 9018
  },
  "FileAttachments": [],
  "Comments": []
}