{
  "WorkItem": {
    "AffectedComponent": {
      "Name": "",
      "DisplayName": ""
    },
    "ClosedComment": "shit, sorry, uploaded a fix 1.4.8.1",
    "ClosedDate": "2013-10-25T00:33:55.837-07:00",
    "CommentCount": 1,
    "Custom": null,
    "Description": "The current .NET 3.5 and 4.0 versions of HtmlRenderer.dll in NuGet are targeting the .NET 4.5 framework, which breaks all 3.5/4.0 projects using HtmlRenderer as soon as they upgrade to 1.4.8.\r\n\r\n[assembly: TargetFramework(\".NETFramework,Version=v4.5\", FrameworkDisplayName = \".NET Framework 4.5\")]\r\n\r\nThe attached image shows all the details.",
    "LastUpdatedDate": "2013-10-25T11:43:31.257-07:00",
    "PlannedForRelease": "",
    "ReleaseVisibleToPublic": false,
    "Priority": {
      "Name": "Unassigned",
      "Severity": 0,
      "Id": 0
    },
    "ProjectName": "HtmlRenderer",
    "ReportedDate": "2013-10-24T07:20:13.597-07:00",
    "Status": {
      "Name": "Closed",
      "Id": 4
    },
    "ReasonClosed": {
      "Name": "Fixed"
    },
    "Summary": "Version 1.4.8.0 targets wrong framework",
    "Type": {
      "Name": "Unassigned",
      "Id": 5
    },
    "VoteCount": 1,
    "Id": 9022
  },
  "FileAttachments": [
    {
      "FileId": 747895,
      "FileName": "2013-10-24 10_14_17-ILSpy.png",
      "DownloadUrl": ".\\747895"
    }
  ],
  "Comments": [
    {
      "Message": "No problem. Thanks for building this, it's super useful.",
      "PostedDate": "2013-10-25T11:43:31.257-07:00",
      "Id": 119713
    }
  ]
}