{
  "WorkItem": {
    "AffectedComponent": {
      "Name": "",
      "DisplayName": ""
    },
    "ClosedComment": "",
    "ClosedDate": null,
    "CommentCount": 0,
    "Custom": null,
    "Description": "The control doesn't render images with absolute position correctly, its supposed the image be behind the text but it isn't \r\n\r\nThanks",
    "LastUpdatedDate": "2016-08-26T20:55:00.01-07:00",
    "PlannedForRelease": "",
    "ReleaseVisibleToPublic": false,
    "Priority": {
      "Name": "Unassigned",
      "Severity": 0,
      "Id": 0
    },
    "ProjectName": "HtmlRenderer",
    "ReportedDate": "2014-12-18T23:01:49.777-08:00",
    "Status": {
      "Name": "Proposed",
      "Id": 1
    },
    "ReasonClosed": {
      "Name": "Unassigned"
    },
    "Summary": "Image absolute position problem",
    "Type": {
      "Name": "Unassigned",
      "Id": 5
    },
    "VoteCount": 4,
    "Id": 9062
  },
  "FileAttachments": [],
  "Comments": []
}