{
  "WorkItem": {
    "AffectedComponent": {
      "Name": "",
      "DisplayName": ""
    },
    "ClosedComment": "",
    "ClosedDate": null,
    "CommentCount": 2,
    "Custom": "",
    "Description": "Hi,\n\nFirst of all kudos for this great work.\n\nJust wanted to confirm if there is any chance you would like to get the renderer pass the ACID tests. I think passing ACID 1 is absolutely important for the renderer to claim to be following w3c specs, renderer passing ACID 2 would be great.\n\nLinks for ACID tests are:\nhttp://www.w3.org/Style/CSS/Test/CSS1/current/test5526c.htm\nhttp://acid2.acidtests.org/#top\n\nIn case of ACID 2 it would be great if the renderer could get the smiley correct, sans javascript.\n\nSince your goal is not to support js ACID 3 isn't possible I guess.\n\n\nPlease let me know your thoughts.\n\nRegards,\nNripendra",
    "LastUpdatedDate": "2015-08-31T23:23:07.25-07:00",
    "PlannedForRelease": "",
    "ReleaseVisibleToPublic": false,
    "Priority": {
      "Name": "Unassigned",
      "Severity": 0,
      "Id": 0
    },
    "ProjectName": "HtmlRenderer",
    "ReportedDate": "2013-05-23T05:33:53.407-07:00",
    "Status": {
      "Name": "Proposed",
      "Id": 1
    },
    "ReasonClosed": {
      "Name": "Unassigned"
    },
    "Summary": "Pass ACID 1 test",
    "Type": {
      "Name": "Unassigned",
      "Id": 5
    },
    "VoteCount": 3,
    "Id": 8760
  },
  "FileAttachments": [],
  "Comments": [
    {
      "Message": "Am quite sure that the acid 2 test uses javascript heavly .. so i dont think that will be possible either.",
      "PostedDate": "2015-08-31T23:21:34.727-07:00",
      "Id": 189753
    },
    {
      "Message": "Hrm ... ok I was wrong",
      "PostedDate": "2015-08-31T23:23:07.25-07:00",
      "Id": 189754
    }
  ]
}