{
  "WorkItem": {
    "AffectedComponent": {
      "Name": "",
      "DisplayName": ""
    },
    "ClosedComment": "",
    "ClosedDate": null,
    "CommentCount": 0,
    "Custom": null,
    "Description": "On windows universal there is no WebClient avaliable. It throws an exception inside SetHtml  All referencesz should be converted to WebRequest.\r\n\r\nException thrown: 'System.TypeLoadException' in HtmlRenderer.dll\r\nAppError:System.TypeLoadException: Could not load type 'System.Net.WebClient' from assembly 'System, Version=2.0.5.0, Culture=neutral, PublicKeyToken=7cec85d7bea7798e, Retargetable=Yes'.\r\n   at TheArtOfDev.HtmlRenderer.Core.Handlers.ImageDownloader..ctor()\r\n   at TheArtOfDev.HtmlRenderer.Core.HtmlContainerInt.SetHtml(String htmlSource, CssData baseCssData)",
    "LastUpdatedDate": "2016-07-20T00:20:34.217-07:00",
    "PlannedForRelease": "",
    "ReleaseVisibleToPublic": false,
    "Priority": {
      "Name": "Unassigned",
      "Severity": 0,
      "Id": 0
    },
    "ProjectName": "HtmlRenderer",
    "ReportedDate": "2016-07-20T00:20:34.217-07:00",
    "Status": {
      "Name": "Proposed",
      "Id": 1
    },
    "ReasonClosed": {
      "Name": "Unassigned"
    },
    "Summary": "Exception on Windows Universal",
    "Type": {
      "Name": "Unassigned",
      "Id": 5
    },
    "VoteCount": 1,
    "Id": 9109
  },
  "FileAttachments": [],
  "Comments": []
}