{
  "WorkItem": {
    "AffectedComponent": {
      "Name": "",
      "DisplayName": ""
    },
    "ClosedComment": "you can use the LinkClicked event that passes the value of src and a dictionary of all attributes of \"a\" element so you can use its data for dynamic parsing.",
    "ClosedDate": "2013-01-14T02:31:00.64-08:00",
    "CommentCount": 0,
    "Custom": "",
    "Description": "Would like to have a method to pass a unique id through to a method:..  E.g. if you dynamically create a list of links that all point to the same static method we need a way to distinguish which link in the list was clicked. Perhaps using the id attribute of the anchor?",
    "LastUpdatedDate": "2013-05-16T03:19:35.3-07:00",
    "PlannedForRelease": "1.3.0.0",
    "ReleaseVisibleToPublic": true,
    "Priority": {
      "Name": "Low",
      "Severity": 50,
      "Id": 1
    },
    "ProjectName": "HtmlRenderer",
    "ReportedDate": "2009-09-01T03:22:41.357-07:00",
    "Status": {
      "Name": "Closed",
      "Id": 4
    },
    "ReasonClosed": {
      "Name": "Unassigned"
    },
    "Summary": "Cookie passed through to anchor href",
    "Type": {
      "Name": "Issue",
      "Id": 3
    },
    "VoteCount": 1,
    "Id": 2526
  },
  "FileAttachments": [],
  "Comments": []
}