{
  "WorkItem": {
    "AffectedComponent": {
      "Name": "",
      "DisplayName": ""
    },
    "ClosedComment": "fixed 1.5.0.0",
    "ClosedDate": "2014-10-09T08:53:28.733-07:00",
    "CommentCount": 3,
    "Custom": null,
    "Description": "after some fixes (see https://github.com/ArsenShnurkov/HTML-Renderer/commit/2945f5d700d4737e9ba14767ffaf2f31cd2f7efb )\r\n\r\nthe program starts, but doesn't draw anything at HTML drawing rectangle...\r\n\r\n     $ mono --version\r\n     Mono JIT compiler version 3.0.6 (Debian 3.0.6+dfsg2-12)\r\n     Copyright (C) 2002-2012 Novell, Inc, Xamarin Inc and Contributors. www.mono-project.com\r\n         TLS:           __thread\r\n         SIGSEGV:       altstack\r\n         Notifications: epoll\r\n         Architecture:  amd64\r\n         Disabled:      none\r\n         Misc:          softdebug \r\n         LLVM:          supported, not enabled.\r\n         GC:            Included Boehm (with typed GC and Parallel Mark)\r\n     $ cat /etc/issue\r\n     Debian GNU/Linux jessie/sid \\n \\l\r\n",
    "LastUpdatedDate": "2014-10-09T08:53:28.733-07:00",
    "PlannedForRelease": "",
    "ReleaseVisibleToPublic": false,
    "Priority": {
      "Name": "Unassigned",
      "Severity": 0,
      "Id": 0
    },
    "ProjectName": "HtmlRenderer",
    "ReportedDate": "2014-08-07T05:00:27.993-07:00",
    "Status": {
      "Name": "Closed",
      "Id": 4
    },
    "ReasonClosed": {
      "Name": "Fixed"
    },
    "Summary": "Doesn't work on mono under Debian",
    "Type": {
      "Name": "Unassigned",
      "Id": 5
    },
    "VoteCount": 1,
    "Id": 9045
  },
  "FileAttachments": [],
  "Comments": [
    {
      "Message": "By default it uses GDI text rendering that is not available in Mono.\nI'm currently working on cross platform support for 1.5 that will include mono\nhope to finish soon",
      "PostedDate": "2014-08-07T08:30:10.973-07:00",
      "Id": 154758
    },
    {
      "Message": "Hey, can you test the latest code (on [GitHub](https://github.com/ArthurHub/HTML-Renderer)).\nI did some shallow testing and  it worked on latest Ubuntu, Its a bit of a pain for me to test it. \nLet me know if there are still issues.",
      "PostedDate": "2014-09-05T06:20:35.617-07:00",
      "Id": 158893
    },
    {
      "Message": "you fixed not all letters. linux filesystem is case sensitive.\nAnd this fix was in my patch (and 3-4 more occurences - just compare your Git history and my push proposal)\n\n\nBuild FAILED.\nErrors:\n\n/home/wiwar/github.com/ArthurHub/HTML-Renderer/Source/Demo/Common/HtmlRenderer.Demo.Common.csproj (Build) ->\n/usr/local/lib/mono/4.5/Microsoft.Common.targets (GenerateResources target) ->\n\n\t/usr/local/lib/mono/4.5/Microsoft.Common.targets: error : Tool exited with code: 1. Output: Error: Invalid ResX input.\nPosition: Line 129, Column 5.\nInner exception: Could not find file \"/home/wiwar/github.com/ArthurHub/HTML-Renderer/Source/Demo/Common/Resources/ie.png\".\n",
      "PostedDate": "2014-09-06T11:31:39.18-07:00",
      "Id": 158987
    }
  ]
}