{
  "WorkItem": {
    "AffectedComponent": {
      "Name": "",
      "DisplayName": ""
    },
    "ClosedComment": "",
    "ClosedDate": "2014-10-14T09:44:35.347-07:00",
    "CommentCount": 1,
    "Custom": null,
    "Description": "I am a big fan of this library.\r\n\r\nHowever, it would be great if the binaries were signed with a strong key name. I am currently facing \"Assembly Generation Failed\" error.",
    "LastUpdatedDate": "2014-10-14T09:44:35.347-07:00",
    "PlannedForRelease": "",
    "ReleaseVisibleToPublic": false,
    "Priority": {
      "Name": "Unassigned",
      "Severity": 0,
      "Id": 0
    },
    "ProjectName": "HtmlRenderer",
    "ReportedDate": "2014-10-14T07:25:47.637-07:00",
    "Status": {
      "Name": "Closed",
      "Id": 4
    },
    "ReasonClosed": {
      "Name": "Unassigned"
    },
    "Summary": "The libraries should have a strong key name.",
    "Type": {
      "Name": "Unassigned",
      "Id": 5
    },
    "VoteCount": 1,
    "Id": 9052
  },
  "FileAttachments": [],
  "Comments": [
    {
      "Message": "Strong name is the devil\nUse [Adding a Strong Name to an existing DLL](http://www.geekzilla.co.uk/ViewCE64BEF3-51A6-4F1C-90C9-6A76B015C9FB.htm)\n[not new](https://htmlrenderer.codeplex.com/workitem/9026)",
      "PostedDate": "2014-10-14T09:44:32.77-07:00",
      "Id": 162258
    }
  ]
}