{
  "WorkItem": {
    "AffectedComponent": {
      "Name": "",
      "DisplayName": ""
    },
    "ClosedComment": "",
    "ClosedDate": null,
    "CommentCount": 0,
    "Custom": null,
    "Description": "\r\n            <table>\r\n                <tr>\r\n                    <td rowspan=\"2\">\r\n                        Cell One\r\n                    </td>\r\n                    <td>\r\n                        Cell Two\r\n                    </td>\r\n                    <td>\r\n                        Cell Three\r\n                    </td>\r\n                </tr>\r\n                <tr>\r\n                    <td>\r\n                        Cell Five\r\n                    </td>\r\n                    <td rowspan=\"2\" style=\"color:red;\">\r\n                        Cell Six is bigger than this?vb\r\n                    </td>\r\n                </tr>\r\n                <tr>\r\n                    <td>\r\n                        Cell Seven\r\n                    </td>\r\n                    <td>\r\n                        Cell Eight\r\n                    </td>\r\n                </tr>\r\n            </table>\r\n\r\nCell One and Cell Six render differently.\r\n\r\nAlso, I tried adding style=\"height:100%\" to Cell Six and it stopped rendering completely\r\n",
    "LastUpdatedDate": "2016-01-11T10:04:50.12-08:00",
    "PlannedForRelease": "",
    "ReleaseVisibleToPublic": false,
    "Priority": {
      "Name": "Unassigned",
      "Severity": 0,
      "Id": 0
    },
    "ProjectName": "HtmlRenderer",
    "ReportedDate": "2015-07-21T15:26:45.13-07:00",
    "Status": {
      "Name": "Proposed",
      "Id": 1
    },
    "ReasonClosed": {
      "Name": "Unassigned"
    },
    "Summary": "Rowsan example shows inconsistent behaviour",
    "Type": {
      "Name": "Unassigned",
      "Id": 5
    },
    "VoteCount": 2,
    "Id": 9085
  },
  "FileAttachments": [
    {
      "FileId": 1474823,
      "FileName": "Untitled.png",
      "DownloadUrl": ".\\1474823"
    }
  ],
  "Comments": []
}