{
  "WorkItem": {
    "AffectedComponent": {
      "Name": "",
      "DisplayName": ""
    },
    "ClosedComment": "1.4.14.0",
    "ClosedDate": "2014-04-26T09:08:11.373-07:00",
    "CommentCount": 1,
    "Custom": null,
    "Description": "Hello,\r\n\r\nI replaced a component that previously inherited from the `WebBrowser` control and irritated me in various ways with a `HtmlPanel`. After making a couple of minor changes so that it would compile, I fired it up and it worked pretty nicely. There's some rendering issues where the underline of hyperlinks are sometimes offset by a pixel or two (unrelated to this particular issue as I've seen it in another project I was trialling the control in), plus some unexpected truncation of the top of some images, but otherwise it looks fine.\r\n\r\nHowever, what isn't working are the hyperlinks themselves. Some of them work, some of them don't. By don't, I mean they render as hyperlinks, but when one moves the mouse over then, no cursor updates occur, and clicking them doesn't raise any events.\r\n\r\nI found that the ones that didn't work are those which have a CSS attribute of `display: block`. Which I think is a perfectly valid attribute to use. As soon as I remove that attribute they work fine however.\r\n\r\nI haven't gone digging into the code yet (I use pre-built binaries as my code formatting is somewhat different to yours and I don't want a cleanup action to reformat all your code :)) so I wanted to raise it here first in case it was something you were already aware of (or had deliberately done) before I either \"fix\" it or revert back to the awful `WebBrowser`.\r\n\r\nRegards;\r\nRichard Moss",
    "LastUpdatedDate": "2014-04-26T09:08:11.373-07:00",
    "PlannedForRelease": "",
    "ReleaseVisibleToPublic": false,
    "Priority": {
      "Name": "Unassigned",
      "Severity": 0,
      "Id": 0
    },
    "ProjectName": "HtmlRenderer",
    "ReportedDate": "2014-04-18T12:49:46.777-07:00",
    "Status": {
      "Name": "Closed",
      "Id": 4
    },
    "ReasonClosed": {
      "Name": "Fixed"
    },
    "Summary": "Anchors with style display: block don't work",
    "Type": {
      "Name": "Unassigned",
      "Id": 5
    },
    "VoteCount": 1,
    "Id": 9033
  },
  "FileAttachments": [],
  "Comments": [
    {
      "Message": "A bug indeed, fixed it, will be available in next minor release (in a few days) no need to use WebBrowser :)\n\nany bug you find please provide a simple html sample that I can reproduce it with, 95% of layout/rendering bugs is easy to fix with a proper repro.\nas you see I'm very responsive to issues :)",
      "PostedDate": "2014-04-19T01:35:58.597-07:00",
      "Id": 142401
    }
  ]
}