{
  "WorkItem": {
    "AffectedComponent": {
      "Name": "",
      "DisplayName": ""
    },
    "ClosedComment": "1.4.14.0",
    "ClosedDate": "2014-04-26T09:08:37.98-07:00",
    "CommentCount": 0,
    "Custom": null,
    "Description": "Hello,\r\n\r\nThere is NullReferenceException when HTML text contains structure like this:\r\n```\r\n<v:shape style=\"color: Red\" />\r\n```\r\n\r\nStack Trace:\r\n```\r\nSystem.NullReferenceException: Object reference not set to an instance of an object.\r\n\r\n   at HtmlRenderer.Parse.DomParser.AssignCssBlock(CssBox box, CssBlock block) in HtmlRenderer 1.4.13.0\\Source\\HtmlRenderer\\Parse\\DomParser.cs:line 297\r\n\r\n   at HtmlRenderer.Parse.DomParser.CascadeStyles(CssBox box, HtmlContainer htmlContainer, CssData& cssData, Boolean& cssDataChanged) in HtmlRenderer 1.4.13.0\\Source\\HtmlRenderer\\Parse\\DomParser.cs:line 105\r\n\r\n   at HtmlRenderer.Parse.DomParser.CascadeStyles(CssBox box, HtmlContainer htmlContainer, CssData& cssData, Boolean& cssDataChanged) in HtmlRenderer 1.4.13.0\\Source\\HtmlRenderer\\Parse\\DomParser.cs:line 140\r\n\r\n   at HtmlRenderer.Parse.DomParser.GenerateCssTree(String html, HtmlContainer htmlContainer, CssData& cssData) in HtmlRenderer 1.4.13.0\\Source\\HtmlRenderer\\Parse\\DomParser.cs:line 43\r\n\r\n   at HtmlRenderer.HtmlContainer.SetHtml(String htmlSource, CssData baseCssData) in HtmlRenderer 1.4.13.0\\Source\\HtmlRenderer\\HtmlContainer.cs:line 419\r\n```\r\n\r\nTo fix that I added null check to CascadeStyles method of DomParser.\r\n\r\nExisting code:\r\n```\r\n                // Check for the style=\"\" attribute\r\n                if (box.HtmlTag.HasAttribute(\"style\"))\r\n                {\r\n                    var block = CssParser.ParseCssBlock(box.HtmlTag.Name, box.HtmlTag.TryGetAttribute(\"style\"));\r\n                    AssignCssBlock(box, block);\r\n                }\r\n```\r\n\r\nReplaced to:\r\n```\r\n                // Check for the style=\"\" attribute\r\n                if (box.HtmlTag.HasAttribute(\"style\"))\r\n                {\r\n                    var block = CssParser.ParseCssBlock(box.HtmlTag.Name, box.HtmlTag.TryGetAttribute(\"style\"));\r\n                    if (block != null)\r\n                    {\r\n                        AssignCssBlock(box, block);\r\n                    }\r\n                }\r\n```\r\n\r\nBecause ParseCssBlock is able to return null, I added also null check to WriteHtmlTag method of DomUtils class.\r\n\r\nExisting code:\r\n```\r\n                    else if (styleGen == HtmlGenerationStyle.Inline && att.Key == HtmlConstants.Style)\r\n                    {\r\n                        // if inline style add the styles to the collection\r\n                        var block = CssParser.ParseCssBlock(box.HtmlTag.Name, box.HtmlTag.TryGetAttribute(\"style\"));\r\n                        foreach (var prop in block.Properties)\r\n                            tagStyles[prop.Key] = prop.Value;\r\n                    }\r\n```\r\n\r\nReplaced to:\r\n```\r\n                    else if (styleGen == HtmlGenerationStyle.Inline && att.Key == HtmlConstants.Style)\r\n                    {\r\n                        // if inline style add the styles to the collection\r\n                        var block = CssParser.ParseCssBlock(box.HtmlTag.Name, box.HtmlTag.TryGetAttribute(\"style\"));\r\n\r\n                        if (block != null)\r\n                        {\r\n                            foreach (var prop in block.Properties)\r\n                                tagStyles[prop.Key] = prop.Value;\r\n                        }\r\n                    }\r\n```\r\n\r\nIt's just a quick fix.\r\n\r\nIt will be perfect if developer have a look into this bug =)\r\n\r\nThank you!",
    "LastUpdatedDate": "2014-04-26T09:08:37.98-07:00",
    "PlannedForRelease": "",
    "ReleaseVisibleToPublic": false,
    "Priority": {
      "Name": "Unassigned",
      "Severity": 0,
      "Id": 0
    },
    "ProjectName": "HtmlRenderer",
    "ReportedDate": "2014-04-07T09:18:19.233-07:00",
    "Status": {
      "Name": "Closed",
      "Id": 4
    },
    "ReasonClosed": {
      "Name": "Fixed"
    },
    "Summary": "NullReferenceException when parsing style tag",
    "Type": {
      "Name": "Unassigned",
      "Id": 5
    },
    "VoteCount": 2,
    "Id": 9031
  },
  "FileAttachments": [],
  "Comments": []
}