{
  "WorkItem": {
    "AffectedComponent": {
      "Name": "",
      "DisplayName": ""
    },
    "ClosedComment": "",
    "ClosedDate": null,
    "CommentCount": 0,
    "Custom": null,
    "Description": "Does anybody know the tweaks required to get HtmlRenderer.PdfSharp to work on a Windows 2008 webserver. I have the web application working without issue on my development machine but getting errors which I believe are authorisation related when the web application is deployed to a web server?\r\n\r\nThanks in advance...\r\n",
    "LastUpdatedDate": "2015-10-08T08:38:44.12-07:00",
    "PlannedForRelease": "",
    "ReleaseVisibleToPublic": false,
    "Priority": {
      "Name": "Unassigned",
      "Severity": 0,
      "Id": 0
    },
    "ProjectName": "HtmlRenderer",
    "ReportedDate": "2015-10-08T08:38:44.12-07:00",
    "Status": {
      "Name": "Proposed",
      "Id": 1
    },
    "ReasonClosed": {
      "Name": "Unassigned"
    },
    "Summary": "Creating PDF on webserver (Win 2008)",
    "Type": {
      "Name": "Unassigned",
      "Id": 5
    },
    "VoteCount": 1,
    "Id": 9089
  },
  "FileAttachments": [],
  "Comments": []
}