{
  "WorkItem": {
    "AffectedComponent": {
      "Name": "",
      "DisplayName": ""
    },
    "ClosedComment": "",
    "ClosedDate": null,
    "CommentCount": 1,
    "Custom": null,
    "Description": "When a link is not within the current client rectangle of the html panel, e.g. have to scroll to see it, the link doesn't show as clickable (mouse cursor doesn't change) and isn't clickable either.\r\n\r\nIt looks like the method DomUtils.GetLinkBox doesn't take into consideration the offset values but the passed in location does (for instance in HtmlContainerInt's OffSetByScroll method gets called before calling DomUtils.GetLinkBox).\r\n\r\nAny work around for this one?  I've been playing around with getting the HtmlContainer's ScrollOffset in GetLinkBox and have had some success, but nothing to make it fully work.\r\n\r\nThanks.",
    "LastUpdatedDate": "2015-03-05T13:55:06.43-08:00",
    "PlannedForRelease": "",
    "ReleaseVisibleToPublic": false,
    "Priority": {
      "Name": "Unassigned",
      "Severity": 0,
      "Id": 0
    },
    "ProjectName": "HtmlRenderer",
    "ReportedDate": "2015-03-05T10:01:44.387-08:00",
    "Status": {
      "Name": "Proposed",
      "Id": 1
    },
    "ReasonClosed": {
      "Name": "Unassigned"
    },
    "Summary": "HtmlPanel: Links don't work when starting offset from the client rectangle.",
    "Type": {
      "Name": "Unassigned",
      "Id": 5
    },
    "VoteCount": 1,
    "Id": 9072
  },
  "FileAttachments": [],
  "Comments": [
    {
      "Message": "After some more research, adding the offset for only the X value in the DomUtils.GetLinkBox method seems to fix the issue of any link not visible (behind a horizontal scroll).  For some reason, links not visible with a vertical scroll work fine without the adjustment.\n\nHere is my change for the DomUtils.GetLinkBox method:\n```\npublic static CssBox GetLinkBox(CssBox box, RPoint location)\n{\n\tif (box != null)\n\t{\n\t\tif (box.IsClickable && box.Visibility == CssConstants.Visible)\n\t\t{\n\t\t\tif (IsInBox(box, location))\n\t\t\t\treturn box;\n\t\t}\n\t\t\n\t\t// handle an offset from the htmlcontainer\n\t\t// Note: seems like scroll offset down is fine without offset\n\t\tvar offset = box.HtmlContainer != null ? box.HtmlContainer.ScrollOffset : new RPoint(0,0); \t\t\t\tRRect rect = box.ClientRectangle;\n\t\trect.X = rect.X - offset.X;\n\t   \n\t\tif (box.ClientRectangle.IsEmpty || rect.Contains(location))\n\t\t{\n\t\t\tforeach (var childBox in box.Boxes)\n\t\t\t{\n\t\t\t\tvar foundBox = GetLinkBox(childBox, location);\n\t\t\t\tif (foundBox != null)\n\t\t\t\t\treturn foundBox;\n\t\t\t}\n\t\t}\n\t}\n\n\treturn null;\n}\n```",
      "PostedDate": "2015-03-05T13:55:06.43-08:00",
      "Id": 177077
    }
  ]
}