{
  "WorkItem": {
    "AffectedComponent": {
      "Name": "",
      "DisplayName": ""
    },
    "ClosedComment": "1.4.14.0",
    "ClosedDate": "2014-04-26T09:08:24.717-07:00",
    "CommentCount": 1,
    "Custom": null,
    "Description": "Hello.\r\n\r\nThere is exception when HTML text contains\r\n```\r\n<br />\r\n```\r\n\r\nAny ideas?\r\n\r\nStack trace:\r\n```\r\nSystem.IndexOutOfRangeException: Index was outside the bounds of the array.\r\n\r\n   at HtmlRenderer.Parse.HtmlParser.ExtractAttributes(String source, Int32 idx, Int32 length, Dictionary`2& attributes) in HtmlRenderer 1.4.13.0\\Source\\HtmlRenderer\\Parse\\HtmlParser.cs:line 220\r\n\r\n   at HtmlRenderer.Parse.HtmlParser.ParseHtmlTag(String source, Int32 idx, Int32 length, String& name, Dictionary`2& attributes) in HtmlRenderer 1.4.13.0\\Source\\HtmlRenderer\\Parse\\HtmlParser.cs:line 186\r\n\r\n   at HtmlRenderer.Parse.HtmlParser.ParseHtmlTag(String source, Int32 tagIdx, CssBox& curBox) in HtmlRenderer 1.4.13.0\\Source\\HtmlRenderer\\Parse\\HtmlParser.cs:line 120\r\n\r\n   at HtmlRenderer.Parse.HtmlParser.ParseDocument(String source) in HtmlRenderer 1.4.13.0\\Source\\HtmlRenderer\\Parse\\HtmlParser.cs:line 63\r\n\r\n   at HtmlRenderer.Parse.DomParser.GenerateCssTree(String html, HtmlContainer htmlContainer, CssData& cssData) in HtmlRenderer 1.4.13.0\\Source\\HtmlRenderer\\Parse\\DomParser.cs:line 37\r\n.........\r\n```",
    "LastUpdatedDate": "2014-04-26T09:08:24.717-07:00",
    "PlannedForRelease": "",
    "ReleaseVisibleToPublic": false,
    "Priority": {
      "Name": "Unassigned",
      "Severity": 0,
      "Id": 0
    },
    "ProjectName": "HtmlRenderer",
    "ReportedDate": "2014-04-07T09:20:46.653-07:00",
    "Status": {
      "Name": "Closed",
      "Id": 4
    },
    "ReasonClosed": {
      "Name": "Fixed"
    },
    "Summary": "<br /> issues",
    "Type": {
      "Name": "Unassigned",
      "Id": 5
    },
    "VoteCount": 2,
    "Id": 9032
  },
  "FileAttachments": [],
  "Comments": [
    {
      "Message": "Issue does exist with any <tag />\nFor example: <hr />",
      "PostedDate": "2014-04-07T09:22:09.247-07:00",
      "Id": 140827
    }
  ]
}