{
  "WorkItem": {
    "AffectedComponent": {
      "Name": "",
      "DisplayName": ""
    },
    "ClosedComment": "",
    "ClosedDate": null,
    "CommentCount": 0,
    "Custom": null,
    "Description": "Consider this page (where I was recommended to use this framework, btw):\r\nhttp://stackoverflow.com/questions/25488569/webbrowser-control-enter-and-keep-offline-mode\r\n\r\nIf you save it as \"HTML only\" in latest Google Chrome, then try to load using HTML Renderer, everything below the title is blanked out. See attached screenshot for what I mean.\r\n\r\nOther websites I checked are working fine, so I guess just to help polish your creation. Thanks.",
    "LastUpdatedDate": "2014-10-14T08:03:42.64-07:00",
    "PlannedForRelease": "",
    "ReleaseVisibleToPublic": false,
    "Priority": {
      "Name": "Unassigned",
      "Severity": 0,
      "Id": 0
    },
    "ProjectName": "HtmlRenderer",
    "ReportedDate": "2014-08-25T17:12:32.617-07:00",
    "Status": {
      "Name": "Proposed",
      "Id": 1
    },
    "ReasonClosed": {
      "Name": "Unassigned"
    },
    "Summary": "Improve rendering for complex pages",
    "Type": {
      "Name": "Unassigned",
      "Id": 5
    },
    "VoteCount": 2,
    "Id": 9046
  },
  "FileAttachments": [
    {
      "FileId": 898783,
      "FileName": "html_renderer_stackoverflow_question.png",
      "DownloadUrl": ".\\898783"
    }
  ],
  "Comments": []
}