{
  "WorkItem": {
    "AffectedComponent": {
      "Name": "",
      "DisplayName": ""
    },
    "ClosedComment": "",
    "ClosedDate": null,
    "CommentCount": 1,
    "Custom": null,
    "Description": "Please add support for \"mailto:\" anchors.",
    "LastUpdatedDate": "2016-04-15T04:07:19.66-07:00",
    "PlannedForRelease": "",
    "ReleaseVisibleToPublic": false,
    "Priority": {
      "Name": "Unassigned",
      "Severity": 0,
      "Id": 0
    },
    "ProjectName": "HtmlRenderer",
    "ReportedDate": "2016-04-15T03:12:48.177-07:00",
    "Status": {
      "Name": "Proposed",
      "Id": 1
    },
    "ReasonClosed": {
      "Name": "Unassigned"
    },
    "Summary": "mailto support",
    "Type": {
      "Name": "Unassigned",
      "Id": 5
    },
    "VoteCount": 1,
    "Id": 9106
  },
  "FileAttachments": [],
  "Comments": [
    {
      "Message": "Ok, it was only a issue with my pc (not assigned app to url:mailto protocol).",
      "PostedDate": "2016-04-15T04:07:19.66-07:00",
      "Id": 198626
    }
  ]
}