{
  "WorkItem": {
    "AffectedComponent": {
      "Name": "",
      "DisplayName": ""
    },
    "ClosedComment": "",
    "ClosedDate": null,
    "CommentCount": 0,
    "Custom": null,
    "Description": "if i have in html something like \r\n\r\n<p style=\"text-align:justify\">The html<B>rend</B>erer</p>\r\ninstead of rendering it as The html**rend**erer\r\nit renders as The html [space] __rend__ [space] erer\r\n\r\nThis happens after every tag. The renderer leaves a space before and after every tag when align is justify",
    "LastUpdatedDate": "2016-03-23T01:39:25.96-07:00",
    "PlannedForRelease": "",
    "ReleaseVisibleToPublic": false,
    "Priority": {
      "Name": "Unassigned",
      "Severity": 0,
      "Id": 0
    },
    "ProjectName": "HtmlRenderer",
    "ReportedDate": "2016-03-23T01:34:57.96-07:00",
    "Status": {
      "Name": "Proposed",
      "Id": 1
    },
    "ReasonClosed": {
      "Name": "Unassigned"
    },
    "Summary": "text-align:justify breaks words",
    "Type": {
      "Name": "Unassigned",
      "Id": 5
    },
    "VoteCount": 1,
    "Id": 9104
  },
  "FileAttachments": [],
  "Comments": []
}