{
  "WorkItem": {
    "AffectedComponent": {
      "Name": "",
      "DisplayName": ""
    },
    "ClosedComment": "",
    "ClosedDate": null,
    "CommentCount": 1,
    "Custom": "",
    "Description": "I have used the HTML panel for a little test.\nI have already submitted code that supports classnames a little better.\n \nI propose that the DOM elements are exposed, so the user can create html nodes with html fragments, like\nnew CssBox(\"<div class=\\\"xx\\\">sample</div>\")\n \nAnd then attaching the new node to the existing tree.\n \nWhen doing this, you will notice that the current method of pusing inherited values onto child elements,\nwont't work, because you attach the node after the style has been applied.\n \nInstead, the attributes should be nullable, and default null. Whenever encountering a null value,\nthe parents value should be used instead. Using this approach, you can freely move items in the tree, and they will\nrender as expected.\n \nI can do some of the work, if you like.",
    "LastUpdatedDate": "2015-08-31T23:20:12.513-07:00",
    "PlannedForRelease": "",
    "ReleaseVisibleToPublic": false,
    "Priority": {
      "Name": "Low",
      "Severity": 50,
      "Id": 1
    },
    "ProjectName": "HtmlRenderer",
    "ReportedDate": "2009-12-16T10:23:36.517-08:00",
    "Status": {
      "Name": "Proposed",
      "Id": 1
    },
    "ReasonClosed": {
      "Name": "Unassigned"
    },
    "Summary": "Enhancement proposals",
    "Type": {
      "Name": "Issue",
      "Id": 3
    },
    "VoteCount": 3,
    "Id": 3580
  },
  "FileAttachments": [],
  "Comments": [
    {
      "Message": "+1 to the DOM being exposed ... I have exposed it in my project ... but it is such a pain to update every time the HTML Renderer is updated :(...\n\nBTW I mainly exposed it so that i could get the bounds for each html item.\n\nKris",
      "PostedDate": "2015-08-31T23:20:08.85-07:00",
      "Id": 189752
    }
  ]
}