{
  "WorkItem": {
    "AffectedComponent": {
      "Name": "",
      "DisplayName": ""
    },
    "ClosedComment": "thx man",
    "ClosedDate": "2013-11-30T08:27:25.79-08:00",
    "CommentCount": 3,
    "Custom": null,
    "Description": "In HtmlRenderer.Dom.CssLayoutEngineTable.DetermineMissingColumnWidths(float availCellSpace) in the loop \"spread extra width between all columns\" (line 460) columns width is determinted so that sum of _columnWidths values is bigger than availCellSpace. It causes incorrect cell content wrapping.",
    "LastUpdatedDate": "2013-11-30T08:27:25.79-08:00",
    "PlannedForRelease": "",
    "ReleaseVisibleToPublic": false,
    "Priority": {
      "Name": "Unassigned",
      "Severity": 0,
      "Id": 0
    },
    "ProjectName": "HtmlRenderer",
    "ReportedDate": "2013-11-25T05:19:57.123-08:00",
    "Status": {
      "Name": "Closed",
      "Id": 4
    },
    "ReasonClosed": {
      "Name": "Fixed"
    },
    "Summary": "Invalid table width detection when rendering",
    "Type": {
      "Name": "Unassigned",
      "Id": 5
    },
    "VoteCount": 1,
    "Id": 9023
  },
  "FileAttachments": [
    {
      "FileId": 762100,
      "FileName": "2013-11-26_08-22.png",
      "DownloadUrl": ".\\762100"
    },
    {
      "FileId": 762101,
      "FileName": "2013-11-26_08-29.png",
      "DownloadUrl": ".\\762101"
    }
  ],
  "Comments": [
    {
      "Message": "thx, and huge thx for submiting code change!\ncan you give an example html where this issue is shown so i can add it to the samples.",
      "PostedDate": "2013-11-25T07:28:47.653-08:00",
      "Id": 124153
    },
    {
      "Message": "This is my context for HtmlPanel (used as a custom control for gridview to display chat messages with html formatting)\r\n```\r\nAutoSize = false;\r\nAutoSizeHeightOnly = true;\r\nBaseStylesheet = \"td.msg { font-family:Tahoma; font-size:8.25pt; font-weight:normal; } td.username { font-family:Tahoma; font-size:8.25pt; font-weight:bold; vertical-align:top; padding-right:3px; } td.timestamp { font-family:Tahoma; font-size:8.25pt; font-weight:normal; color:blue; vertical-align:top; }\";\r\nText = \"<table><tr><td class=\\\"timestamp\\\">[\" + _message.TimeStamp.ToString(\"dd.MM hh:mm\") + \"]</td><td class=\\\"username\\\">\" + _message.UserName + \":</td><td class=\\\"msg\\\">\" + _message.Content + \"</td></tr></table>\";\r\n\r\n```\r\nThe problem was with pretty long _message.Content.",
      "PostedDate": "2013-11-25T20:26:36.683-08:00",
      "Id": 124261
    },
    {
      "Message": "Second attachment with original CssLayoutEngineTable code.",
      "PostedDate": "2013-11-25T20:30:30.2-08:00",
      "Id": 124262
    }
  ]
}