{
  "WorkItem": {
    "AffectedComponent": {
      "Name": "",
      "DisplayName": ""
    },
    "ClosedComment": "",
    "ClosedDate": null,
    "CommentCount": 1,
    "Custom": null,
    "Description": "I generated a PDF using the demo project.  When I open the generated PDF in Adobe Acrobat 11.0.11 the first page displays fine, but when scrolling down, the second page displays completely blank and an error pops up saying: \"An error exists on this page. Acrobat may not display the page correctly. Please contact the person who created the PDF document to correct the problem.\"\r\n\r\nWhen I open in Chrome or FF the PDF displays normally with no issues.  Is this a bug in PDFsharp, HtmlRenderer, or Adobe Reader?\r\n\r\nGenerated PDF attached.",
    "LastUpdatedDate": "2015-10-22T10:06:52.387-07:00",
    "PlannedForRelease": "",
    "ReleaseVisibleToPublic": false,
    "Priority": {
      "Name": "Unassigned",
      "Severity": 0,
      "Id": 0
    },
    "ProjectName": "HtmlRenderer",
    "ReportedDate": "2015-10-19T10:56:53.493-07:00",
    "Status": {
      "Name": "Proposed",
      "Id": 1
    },
    "ReasonClosed": {
      "Name": "Unassigned"
    },
    "Summary": "Acrobat only displays first page of Mult-page PDF ",
    "Type": {
      "Name": "Unassigned",
      "Id": 5
    },
    "VoteCount": 2,
    "Id": 9091
  },
  "FileAttachments": [
    {
      "FileId": 1497336,
      "FileName": "tmp5F62.pdf",
      "DownloadUrl": ".\\1497336"
    }
  ],
  "Comments": [
    {
      "Message": "I am having the same issue with 1.5 version, but I can see 4 pages when I open it with Adobe. Shows fine on Chrome.",
      "PostedDate": "2015-10-22T10:06:38.207-07:00",
      "Id": 191837
    }
  ]
}