{
  "WorkItem": {
    "AffectedComponent": {
      "Name": "",
      "DisplayName": ""
    },
    "ClosedComment": "",
    "ClosedDate": null,
    "CommentCount": 0,
    "Custom": null,
    "Description": "I have tried inserting a div element to my HTML string with the attribute page-break-after: always, which should separate content and render multiple pages for the end PDF conversion. However, the end result does not separate the document into multiple pages as forced using the div element. This is the snippet:\r\n\r\n\"<p><strong>PAGE ONE</strong><br />\r\n<br />\r\nWhat is Lorem Ipsum?</p>\r\n\r\n<p><strong>Lorem Ipsum</strong>&nbsp;is simply dummy text of the printing and typesetting industry. Lorem Ipsum has been the industry&#39;s standard dummy text ever since the 1500s, when an<br />\r\n<br />\r\n<strong>Lorem Ipsum</strong><br />\r\n&nbsp;</p>\r\n\r\n<div style=\"page-break-after: always\"><span style=\"display: none;\">&nbsp;</span></div>\r\n\r\n<p>PAGE TWO</p>\r\n\"\r\n\r\nPlease fix this issue, thanks in advanced!\r\n\r\nRegards, \r\n\r\nAdhy ",
    "LastUpdatedDate": "2016-08-29T23:41:28.267-07:00",
    "PlannedForRelease": "",
    "ReleaseVisibleToPublic": false,
    "Priority": {
      "Name": "Unassigned",
      "Severity": 0,
      "Id": 0
    },
    "ProjectName": "HtmlRenderer",
    "ReportedDate": "2016-08-16T00:39:48.623-07:00",
    "Status": {
      "Name": "Proposed",
      "Id": 1
    },
    "ReasonClosed": {
      "Name": "Unassigned"
    },
    "Summary": "Page Break Issue - Unable to recognise page-break-after",
    "Type": {
      "Name": "Unassigned",
      "Id": 5
    },
    "VoteCount": 2,
    "Id": 9110
  },
  "FileAttachments": [],
  "Comments": []
}