{
  "WorkItem": {
    "AffectedComponent": {
      "Name": "",
      "DisplayName": ""
    },
    "ClosedComment": "fixed 1.5.0.0",
    "ClosedDate": "2014-10-09T08:54:48.967-07:00",
    "CommentCount": 3,
    "Custom": null,
    "Description": "k, I see 3 issues:\r\n1. * selector doesn't work - need to add support for it\r\n2. html selector doesn't work - strange, need to check it.\r\n3. body selector effects all inner elements where elements like h1 should overwrite the size set on body - will fix.\r\n\r\nhttps://htmlrenderer.codeplex.com/discussions/551665",
    "LastUpdatedDate": "2014-10-09T08:54:48.967-07:00",
    "PlannedForRelease": "",
    "ReleaseVisibleToPublic": false,
    "Priority": {
      "Name": "Unassigned",
      "Severity": 0,
      "Id": 0
    },
    "ProjectName": "HtmlRenderer",
    "ReportedDate": "2014-07-17T07:54:24.863-07:00",
    "Status": {
      "Name": "Closed",
      "Id": 4
    },
    "ReasonClosed": {
      "Name": "Fixed"
    },
    "Summary": "css * wildcard",
    "Type": {
      "Name": "Unassigned",
      "Id": 5
    },
    "VoteCount": 1,
    "Id": 9042
  },
  "FileAttachments": [],
  "Comments": [
    {
      "Message": "Yes that is correct however the body selector is not targeting text without a tag.",
      "PostedDate": "2014-07-17T07:56:07.303-07:00",
      "Id": 152701
    },
    {
      "Message": "can't say I agree... \n![Image](http://snag.gy/H3PPC.jpg)\n\nalso from checking point 3, it seems HTML Renderer has the correct behavior as Chrome does the same:\n![Image](http://snag.gy/CKC1L.jpg)\nso it leaves only points 1 and 2",
      "PostedDate": "2014-07-17T08:23:51.713-07:00",
      "Id": 152704
    },
    {
      "Message": "Ok not sure why its not working for my tagless content...",
      "PostedDate": "2014-07-17T09:07:10.787-07:00",
      "Id": 152715
    }
  ]
}