{
  "WorkItem": {
    "AffectedComponent": {
      "Name": "",
      "DisplayName": ""
    },
    "ClosedComment": "",
    "ClosedDate": null,
    "CommentCount": 0,
    "Custom": null,
    "Description": "Is absolute positioning supported?  Here's basically what I'm trying to do, but the text is not getting overlaid.\r\n\r\n```\r\n<div id=\"thisisrelative\">\r\n    <img />\r\n    <div id=\"thisisabsolute\">text i want overlaid</div>\r\n</div>\r\n```\r\n\r\nThanks!",
    "LastUpdatedDate": "2016-08-26T20:55:05.267-07:00",
    "PlannedForRelease": "",
    "ReleaseVisibleToPublic": false,
    "Priority": {
      "Name": "Unassigned",
      "Severity": 0,
      "Id": 0
    },
    "ProjectName": "HtmlRenderer",
    "ReportedDate": "2014-10-16T11:30:26.57-07:00",
    "Status": {
      "Name": "Proposed",
      "Id": 1
    },
    "ReasonClosed": {
      "Name": "Unassigned"
    },
    "Summary": "Absolute positioning not working",
    "Type": {
      "Name": "Unassigned",
      "Id": 5
    },
    "VoteCount": 2,
    "Id": 9054
  },
  "FileAttachments": [],
  "Comments": []
}