{
  "WorkItem": {
    "AffectedComponent": {
      "Name": "",
      "DisplayName": ""
    },
    "ClosedComment": "",
    "ClosedDate": null,
    "CommentCount": 0,
    "Custom": null,
    "Description": "When I put a tag inside a <td></td> only the first page is converted to PDF, for example:\r\n```\r\n<table>\r\n <tr>\r\n <td>test1<br>test2</td>\r\n</tr>\r\n</table>\r\n```\r\nDoes anyone have an idea on how to bypass this issue?",
    "LastUpdatedDate": "2016-02-01T11:55:54.823-08:00",
    "PlannedForRelease": "",
    "ReleaseVisibleToPublic": false,
    "Priority": {
      "Name": "Unassigned",
      "Severity": 0,
      "Id": 0
    },
    "ProjectName": "HtmlRenderer",
    "ReportedDate": "2015-12-03T11:52:19.317-08:00",
    "Status": {
      "Name": "Proposed",
      "Id": 1
    },
    "ReasonClosed": {
      "Name": "Unassigned"
    },
    "Summary": "HTML to PDF: Putting any tag inside a <td></td> will stop the next page from showing in PDF",
    "Type": {
      "Name": "Unassigned",
      "Id": 5
    },
    "VoteCount": 2,
    "Id": 9094
  },
  "FileAttachments": [],
  "Comments": []
}