{
  "WorkItem": {
    "AffectedComponent": {
      "Name": "",
      "DisplayName": ""
    },
    "ClosedComment": "",
    "ClosedDate": null,
    "CommentCount": 0,
    "Custom": null,
    "Description": "This code fails to draw the string:\r\n\r\n        private void HTMLTest_Paint(object sender, PaintEventArgs e)\r\n        {\r\n            TheArtOfDev.HtmlRenderer.WinForms.HtmlRender.RenderGdiPlus(e.Graphics, \"test <b>bold</b>\", new PointF(100,21), new SizeF(500,500));\r\n        }\r\n\r\nHowever, changing the Y location to 20 or below works. Is it a limit in the canvas or a bug?",
    "LastUpdatedDate": "2016-02-16T05:36:23.107-08:00",
    "PlannedForRelease": "",
    "ReleaseVisibleToPublic": false,
    "Priority": {
      "Name": "Unassigned",
      "Severity": 0,
      "Id": 0
    },
    "ProjectName": "HtmlRenderer",
    "ReportedDate": "2016-02-16T05:36:23.107-08:00",
    "Status": {
      "Name": "Proposed",
      "Id": 1
    },
    "ReasonClosed": {
      "Name": "Unassigned"
    },
    "Summary": "RenderGdiPlus or Render for Winforms Y-limit?",
    "Type": {
      "Name": "Unassigned",
      "Id": 5
    },
    "VoteCount": 1,
    "Id": 9100
  },
  "FileAttachments": [],
  "Comments": []
}