{
  "WorkItem": {
    "AffectedComponent": {
      "Name": "",
      "DisplayName": ""
    },
    "ClosedComment": "fixed 1.5.0.0",
    "ClosedDate": "2014-10-09T08:55:44.437-07:00",
    "CommentCount": 1,
    "Custom": null,
    "Description": "Hello,\r\n\r\nFound a pair of bugs while testing the `HtmlPanel` as a `WebBrowser` replacement in another application. I've attached a sample application which will expose both, but essentially, consider the HTML below.\r\n\r\n```\r\n<html>\r\n<head>\r\n  <meta charset=\"utf-8\" />\r\n  <title>HtmlRenderer Issues 2</title>\r\n  <style type=\"text/css\">\r\n    .icon\r\n    {\r\n      width: 32px;\r\n      height: 32px;\r\n      background-repeat:  no-repeat;\r\n      background-position: 0 0;\r\n    }\r\n\r\n    .icon1\r\n    {\r\n      background-image: url(disc-blue.png);\r\n    }\r\n\r\n    .icon2\r\n    {\r\n      background-image: url('disc-blue.png');\r\n    }\r\n\r\n    .icon3\r\n    {\r\n      background-image: url(\"disc-blue.png\");\r\n    }\r\n  </style>\r\n</head>\r\n<body>\r\n  <h1>HtmlRenderer Issues 2</h1>\r\n  <h2>Unquoted</h2>\r\n  <div class=\"icon icon1\"></div>\r\n  <h2>Single Quotes</h2>\r\n  <div class=\"icon icon2\"></div>\r\n  <h2>Double Quotes</h2>\r\n  <div class=\"icon icon3\"></div>\r\n</body>\r\n</html>\r\n```\r\n\r\nLooking at this, you would expect to see 3 graphics displayed, but in fact only the first two are. The `icon3` div displays no background. It seems that the double quotes aren't being removed, so the renderer crashes trying to load the file. In this example it will print out the error captured via the `RenderError` event. The actual crash is in `CommonUtils.TryGetFileInfo`.\r\n\r\nI guess you just need to parse out double quotes in the same way you're apparently parsing out the single quotes somewhere.\r\n\r\nRegards;\r\nRichard Moss",
    "LastUpdatedDate": "2014-10-09T08:55:44.437-07:00",
    "PlannedForRelease": "",
    "ReleaseVisibleToPublic": false,
    "Priority": {
      "Name": "Unassigned",
      "Severity": 0,
      "Id": 0
    },
    "ProjectName": "HtmlRenderer",
    "ReportedDate": "2014-06-04T12:22:58.803-07:00",
    "Status": {
      "Name": "Closed",
      "Id": 4
    },
    "ReasonClosed": {
      "Name": "Fixed"
    },
    "Summary": "URL attributes with double quotes are not processed correctly",
    "Type": {
      "Name": "Unassigned",
      "Id": 5
    },
    "VoteCount": 1,
    "Id": 9037
  },
  "FileAttachments": [
    {
      "FileId": 856130,
      "FileName": "HtmlRenderIssues2.zip",
      "DownloadUrl": ".\\856130"
    }
  ],
  "Comments": [
    {
      "Message": "indeed, thx. \nshould be easy to fix, pull is always welcome :)",
      "PostedDate": "2014-06-05T01:01:05.627-07:00",
      "Id": 148902
    }
  ]
}