{
  "WorkItem": {
    "AffectedComponent": {
      "Name": "",
      "DisplayName": ""
    },
    "ClosedComment": "",
    "ClosedDate": null,
    "CommentCount": 0,
    "Custom": null,
    "Description": "Hello,\r\nif i use the following html code with the following stylesheet and copy it to the clipboard the content is wrong. So the color is also used for the single `p` tag. In the html renderer control the color is shown correctly only the clipbord content is not correct.\r\n\r\nSource\r\n```\r\n<blockquote>\r\n  <p>foo</p>\r\n</blockquote>\r\n\r\n<p>bar</p>\r\n\r\n```\r\n\r\nCSS\r\n```\r\nblockquote p {  \r\n    color: #f00;\r\n}\r\n```\r\n\r\nHTML clipboard content\r\n```\r\n<html>\r\n\t<body>\r\n\t\t<!--StartFragment-->\r\n\t\t<blockquote>\r\n\t\t\t<p style=\"color: #f00;\">foo</p>\r\n\t\t</blockquote><p style=\"color: #f00;\">bar</p>\r\n\t\t<!--EndFragment-->\r\n\t</body>\r\n</html>\r\n```\r\n\r\nThe correct content should be\r\n```\r\n<html>\r\n\t<body>\r\n\t\t<!--StartFragment-->\r\n\t\t<blockquote>\r\n\t\t\t<p style=\"color: #f00;\">foo</p>\r\n\t\t</blockquote><p>bar</p>\r\n\t\t<!--EndFragment-->\r\n\t</body>\r\n</html>\r\n```\r\n\r\nCan you please fix this.\r\nThank you.",
    "LastUpdatedDate": "2015-02-19T12:30:47.46-08:00",
    "PlannedForRelease": "",
    "ReleaseVisibleToPublic": false,
    "Priority": {
      "Name": "Unassigned",
      "Severity": 0,
      "Id": 0
    },
    "ProjectName": "HtmlRenderer",
    "ReportedDate": "2015-02-19T12:30:47.46-08:00",
    "Status": {
      "Name": "Proposed",
      "Id": 1
    },
    "ReasonClosed": {
      "Name": "Unassigned"
    },
    "Summary": "Wrong CSS by copy to HTML clipboard",
    "Type": {
      "Name": "Unassigned",
      "Id": 5
    },
    "VoteCount": 1,
    "Id": 9067
  },
  "FileAttachments": [],
  "Comments": []
}