{
  "WorkItem": {
    "AffectedComponent": {
      "Name": "",
      "DisplayName": ""
    },
    "ClosedComment": "",
    "ClosedDate": null,
    "CommentCount": 3,
    "Custom": "",
    "Description": "http://www.w3schools.com/tags/att_img_align.asp",
    "LastUpdatedDate": "2016-08-23T09:22:13.047-07:00",
    "PlannedForRelease": "",
    "ReleaseVisibleToPublic": false,
    "Priority": {
      "Name": "High",
      "Severity": 150,
      "Id": 3
    },
    "ProjectName": "HtmlRenderer",
    "ReportedDate": "2013-06-28T09:35:23.96-07:00",
    "Status": {
      "Name": "Proposed",
      "Id": 1
    },
    "ReasonClosed": {
      "Name": "Unassigned"
    },
    "Summary": "Support image align\\floating",
    "Type": {
      "Name": "Feature",
      "Id": 1
    },
    "VoteCount": 7,
    "Id": 8840
  },
  "FileAttachments": [],
  "Comments": [
    {
      "Message": "Hi,\nthank you very much for your effort on html renderer.\nI would like to ask you if there is any plan to address image floating, because it is the main feature missing in this great library",
      "PostedDate": "2015-01-15T08:11:47.113-08:00",
      "Id": 170135
    },
    {
      "Message": "Sorry, I don't see it happening this year.",
      "PostedDate": "2015-01-15T08:51:12.29-08:00",
      "Id": 170138
    },
    {
      "Message": "@ArturTep, any update on the possibility of this feature?",
      "PostedDate": "2016-08-23T09:22:13.047-07:00",
      "Id": 203729
    }
  ]
}