{
  "WorkItem": {
    "AffectedComponent": {
      "Name": "",
      "DisplayName": ""
    },
    "ClosedComment": "",
    "ClosedDate": null,
    "CommentCount": 0,
    "Custom": null,
    "Description": "The following is supposed to align the key table to the right ... it works in your compiled winforms demo????... but not in the real project ... the compiled version must not be the same version?\r\n```\r\n<style>body{margin:0;font-family:Microsoft Sans Serif;font-size:8.25pt;color:#000000}ul{margin-top:0px;margin-bottom:0px}tr{vertical-align:top}blockquote{margin-top:0px;margin-bottom:0}.box,.boxChecked{margin-right:28px;white-space:nowrap}</style><style>.warning{color:#7F0000;font-weight:bold}.Title{font-size:20pt;font-weight:bold}.subTitle{font-size:16pt;margin-top:16px;margin-bottom:0}.DarkBG{background-color:rgba(208,208,208,255)}</style><body><table width=100% class=DarkBG><tr><td><span class=subTitle>XXX</span></td><td>DOB: XXX<br>XXX</td></tr><tr><td colspan=2>Sleep Chart</td></tr></table>\r\n\r\n<div align=right><table><tr><td style='background-color:rgba(255,128,0,47)' width=16></td><td>Disturbed by staff</td><td width=6></td><td style='background-color:rgba(255,255,0,47)' width=16></td><td>Restless</td><td width=6></td><td style='background-color:rgba(0,0,255,47)' width=16></td><td>Awake</td><td width=6></td><td style='background-color:rgba(0,0,0,47)' width=16></td><td>Sleeping</td></tr></table></div></body>\r\n```\r\n\r\nRegards,\r\nKris",
    "LastUpdatedDate": "2015-11-23T12:34:34.567-08:00",
    "PlannedForRelease": "",
    "ReleaseVisibleToPublic": false,
    "Priority": {
      "Name": "Unassigned",
      "Severity": 0,
      "Id": 0
    },
    "ProjectName": "HtmlRenderer",
    "ReportedDate": "2015-08-18T07:48:32.713-07:00",
    "Status": {
      "Name": "Proposed",
      "Id": 1
    },
    "ReasonClosed": {
      "Name": "Unassigned"
    },
    "Summary": "Problem with aligning tables",
    "Type": {
      "Name": "Unassigned",
      "Id": 5
    },
    "VoteCount": 2,
    "Id": 9087
  },
  "FileAttachments": [
    {
      "FileId": 1479383,
      "FileName": "Untitled.png",
      "DownloadUrl": ".\\1479383"
    }
  ],
  "Comments": []
}