{
  "WorkItem": {
    "AffectedComponent": {
      "Name": "",
      "DisplayName": ""
    },
    "ClosedComment": "",
    "ClosedDate": "2013-03-10T09:37:34.113-07:00",
    "CommentCount": 0,
    "Custom": "",
    "Description": "Hi,\n \n:)  first what a great library you've made\n \nI was hacking your code for making PDF file from HTML  and found some issues\n \nhope you like it ;)\n \n \n1) <TBODY>    not supported in tables         {however I didn't read the html specs so I don't know if it is standard or not}\n \n2)  IMPORTANT :(    \n           something wrong goes with the styles  when the property name is being in small letter\n \nfor example\n \nA) <TABLE style=\"DISPLAY: inline; BORDER-COLLAPSE: collapse; FONT-SIZE: 1em\" border=1>     {This renders correctly}\n \nB) <table style=\"display:inline;border-collapse:collapse;font-size:1em\" border=1>       {This behaves wrong}\n \nmore over its spread all over the tags that contain lower case styles in property name\n \n<TD style=\"VERTICAL-ALIGN: top\" class=ms-rtetablecells>    [THIS IS RENDERS CORRECTLY]\n \n \n<td style=\"vertical-align:top\" class=ms-rtetablecells>           [THIS WILL not RENDER  CORRECTLY :(]\n \n \nplease find the attached html file   {if you want it to be rendered remove <tbody> tags   and then see the style issues\n \n \nThank you\nAhmed Sadek\n \n   \n \n \nthis",
    "LastUpdatedDate": "2013-05-16T03:19:35.707-07:00",
    "PlannedForRelease": "1.4.14.0",
    "ReleaseVisibleToPublic": true,
    "Priority": {
      "Name": "Low",
      "Severity": 50,
      "Id": 1
    },
    "ProjectName": "HtmlRenderer",
    "ReportedDate": "2009-03-23T12:15:23.27-07:00",
    "Status": {
      "Name": "Closed",
      "Id": 4
    },
    "ReasonClosed": {
      "Name": "Unassigned"
    },
    "Summary": "<TBODY>   bug  and Style issues",
    "Type": {
      "Name": "Issue",
      "Id": 3
    },
    "VoteCount": 3,
    "Id": 1443
  },
  "FileAttachments": [
    {
      "FileId": 731490,
      "FileName": "sample3.htm",
      "DownloadUrl": ".\\731490"
    }
  ],
  "Comments": []
}