{
  "WorkItem": {
    "AffectedComponent": {
      "Name": "",
      "DisplayName": ""
    },
    "ClosedComment": "Thx for the detailed report with samples!\nIt was part of block box inside inline box issue.\nIt's a hard problem so you may see more issues, report them with samples as this one, it was very helpful.",
    "ClosedDate": "2013-01-14T02:36:07.797-08:00",
    "CommentCount": 0,
    "Custom": "",
    "Description": "Some html confuses the hyperlink code ( tag), and the link becomes not clickable.\n\nAt first I thought it was a problem with the  tag, but further investigation shows it to be much less simple.\n\n1) Here is the basic repro HTML, simple link to google works, two line link to amazon fails:\n\n\ngo to google (works)\n\ngo to amazon(fails)\n\n\n\n(Always starting from the sample html:)\n2) Remove the  tag, and amazon link works\n3) Remove the  tag, and amazon link works\n4) Replace  with  tag, amazon link works, but becomes 1 line ( not honored)\n5) remove the html & body tag wrappers, and both links fail and I get an extra horizontal line\n6) remove the html & body tag wrappers, and remove the  tag, and everything works",
    "LastUpdatedDate": "2013-05-16T03:19:33.997-07:00",
    "PlannedForRelease": "1.3.0.0",
    "ReleaseVisibleToPublic": true,
    "Priority": {
      "Name": "Low",
      "Severity": 50,
      "Id": 1
    },
    "ProjectName": "HtmlRenderer",
    "ReportedDate": "2012-12-12T09:07:19.46-08:00",
    "Status": {
      "Name": "Closed",
      "Id": 4
    },
    "ReasonClosed": {
      "Name": "Unassigned"
    },
    "Summary": "Hyperlink <a> tag sometimes not rendered as hyperlink",
    "Type": {
      "Name": "Issue",
      "Id": 3
    },
    "VoteCount": 1,
    "Id": 8456
  },
  "FileAttachments": [],
  "Comments": []
}