{
  "WorkItem": {
    "AffectedComponent": {
      "Name": "",
      "DisplayName": ""
    },
    "ClosedComment": "fixed 1.5.0.0",
    "ClosedDate": "2014-10-09T08:52:36.013-07:00",
    "CommentCount": 1,
    "Custom": null,
    "Description": "I have observed my application in a couple cases using 100% CPU.  After getting windbg attached, multiple runaway threads have had the following stack trace.  Sorry, I do not have specific cases causing this issue available.\r\n```\r\n\r\n000000001bcbe488 000007fef925ad25 System.Globalization.CompareInfo.IndexOf(System.String, System.String, Int32, Int32, System.Globalization.CompareOptions)\r\n000000001bcbe4a0 000007fef917efe9 System.String.IndexOf(System.String, Int32, Int32, System.StringComparison)\r\n000000001bcbe500 000007fe9b787ec6 *** WARNING: Unable to verify checksum for C:\\Users\\Administrator\\Desktop\\Brian_Debug_20140910\\HtmlRenderer.dll\r\nHtmlRenderer.Handlers.StylesheetLoadHandler.CorrectRelativeUrls(System.String, System.Uri) [c:\\Source\\GitHub\\HTML-Renderer\\Source\\HtmlRenderer\\Handlers\\StylesheetLoadHandler.cs @ 162]\r\n000000001bcbe580 000007fe9b787d4b HtmlRenderer.Handlers.StylesheetLoadHandler.LoadStylesheetFromUri(HtmlRenderer.HtmlContainer, System.Uri) [c:\\Source\\GitHub\\HTML-Renderer\\Source\\HtmlRenderer\\Handlers\\StylesheetLoadHandler.cs @ 137]\r\n000000001bcbe5f0 000007fe9b7879d5 HtmlRenderer.Handlers.StylesheetLoadHandler.LoadStylesheet(HtmlRenderer.HtmlContainer, System.String, System.Collections.Generic.Dictionary`2<System.String,System.String>, System.String ByRef, HtmlRenderer.CssData ByRef) [c:\\Source\\GitHub\\HTML-Renderer\\Source\\HtmlRenderer\\Handlers\\StylesheetLoadHandler.cs @ 63]\r\n000000001bcbe660 000007fe9b784802 HtmlRenderer.Parse.DomParser.CascadeStyles(HtmlRenderer.Dom.CssBox, HtmlRenderer.HtmlContainer, HtmlRenderer.CssData ByRef, Boolean ByRef) [c:\\Source\\GitHub\\HTML-Renderer\\Source\\HtmlRenderer\\Parse\\DomParser.cs @ 123]\r\n000000001bcbe770 000007fe9b784991 HtmlRenderer.Parse.DomParser.CascadeStyles(HtmlRenderer.Dom.CssBox, HtmlRenderer.HtmlContainer, HtmlRenderer.CssData ByRef, Boolean ByRef) [c:\\Source\\GitHub\\HTML-Renderer\\Source\\HtmlRenderer\\Parse\\DomParser.cs @ 140]\r\n000000001bcbe880 000007fe9b784991 HtmlRenderer.Parse.DomParser.CascadeStyles(HtmlRenderer.Dom.CssBox, HtmlRenderer.HtmlContainer, HtmlRenderer.CssData ByRef, Boolean ByRef) [c:\\Source\\GitHub\\HTML-Renderer\\Source\\HtmlRenderer\\Parse\\DomParser.cs @ 140]\r\n000000001bcbe990 000007fe9b784991 HtmlRenderer.Parse.DomParser.CascadeStyles(HtmlRenderer.Dom.CssBox, HtmlRenderer.HtmlContainer, HtmlRenderer.CssData ByRef, Boolean ByRef) [c:\\Source\\GitHub\\HTML-Renderer\\Source\\HtmlRenderer\\Parse\\DomParser.cs @ 140]\r\n000000001bcbeaa0 000007fe9b69d75e HtmlRenderer.Parse.DomParser.GenerateCssTree(System.String, HtmlRenderer.HtmlContainer, HtmlRenderer.CssData ByRef) [c:\\Source\\GitHub\\HTML-Renderer\\Source\\HtmlRenderer\\Parse\\DomParser.cs @ 45]\r\n000000001bcbeaf0 000007fe9b698f3e HtmlRenderer.HtmlContainer.SetHtml(System.String, HtmlRenderer.CssData) [c:\\Source\\GitHub\\HTML-Renderer\\Source\\HtmlRenderer\\HtmlContainer.cs @ 419]\r\n000000001bcbeb30 000007fe9b698882 HtmlRenderer.HtmlRender.RenderToImage(System.String, System.Drawing.Size, System.Drawing.Size, System.Drawing.Color, HtmlRenderer.CssData, System.EventHandler`1<HtmlRenderer.Entities.HtmlStylesheetLoadEventArgs>, System.EventHandler`1<HtmlRenderer.Entities.HtmlImageLoadEventArgs>) [c:\\Source\\GitHub\\HTML-Renderer\\Source\\HtmlRenderer\\HtmlRender.cs @ 440]\r\n\r\n\r\n```",
    "LastUpdatedDate": "2014-10-09T08:52:36.013-07:00",
    "PlannedForRelease": "",
    "ReleaseVisibleToPublic": false,
    "Priority": {
      "Name": "Unassigned",
      "Severity": 0,
      "Id": 0
    },
    "ProjectName": "HtmlRenderer",
    "ReportedDate": "2014-09-11T07:34:25.827-07:00",
    "Status": {
      "Name": "Closed",
      "Id": 4
    },
    "ReasonClosed": {
      "Name": "Fixed"
    },
    "Summary": "HtmlRenderer.Handlers.StylesheetLoadHandler.CorrectRelativeUrls get stuck in loop in certain cases",
    "Type": {
      "Name": "Unassigned",
      "Id": 5
    },
    "VoteCount": 1,
    "Id": 9049
  },
  "FileAttachments": [],
  "Comments": [
    {
      "Message": "embarrassing... =(\nI believe [this commit](https://github.com/ArthurHub/HTML-Renderer/commit/1b91ec8a13512329d7c45fd04730f37c2048530f) fixed it.\nThx a lot for investigating the issue!\n",
      "PostedDate": "2014-09-12T07:59:31.01-07:00",
      "Id": 159580
    }
  ]
}