{
  "WorkItem": {
    "AffectedComponent": {
      "Name": "",
      "DisplayName": ""
    },
    "ClosedComment": "",
    "ClosedDate": null,
    "CommentCount": 0,
    "Custom": null,
    "Description": "I'm the author of a multi-threaded Windows service that renders HTML to PDF using HtmlRenderer and PDFSharp.  It quickly became apparent that these libraries are not thread safe when exceptions started blowing during concurrent processing.\r\n\r\nI'm probably just at the tip of the iceberg here, but the biggest thread safety issue would appear to be the static Instance method on the PdfSharpAdapter class.\r\n\r\npublic static PdfSharpAdapter Instance;\r\n\r\nActually it's not so much this one shared static instance as it is the base class RAdapter is not designed to be thread safe at all.  In my case it was blowing up on concurrent access to the _fontsHandler font cache.\r\n\r\nIf anyone has similar experience or comments, I'd like to hear them.  Happy to suggest modifications to the code base to make it thread safe but this \"Open Source\" stuff is somewhat new to me so I don't even know where to begin, hence this post.\r\n\r\nRegards,\r\n\r\nBradley Peet\r\n",
    "LastUpdatedDate": "2015-06-05T19:40:15.233-07:00",
    "PlannedForRelease": "",
    "ReleaseVisibleToPublic": false,
    "Priority": {
      "Name": "Unassigned",
      "Severity": 0,
      "Id": 0
    },
    "ProjectName": "HtmlRenderer",
    "ReportedDate": "2015-06-05T19:40:15.233-07:00",
    "Status": {
      "Name": "Proposed",
      "Id": 1
    },
    "ReasonClosed": {
      "Name": "Unassigned"
    },
    "Summary": "Thread safe use of HTML Renderer (using PDFSharp)",
    "Type": {
      "Name": "Unassigned",
      "Id": 5
    },
    "VoteCount": 1,
    "Id": 9079
  },
  "FileAttachments": [],
  "Comments": []
}