{
  "WorkItem": {
    "AffectedComponent": {
      "Name": "",
      "DisplayName": ""
    },
    "ClosedComment": "",
    "ClosedDate": null,
    "CommentCount": 1,
    "Custom": null,
    "Description": "When using NuGet within VS2013 Ultimate to install HtmlRenderer.WinForms 1.5.0.6, it also automatically downloads HtmlRenderer.Core.1.5.0.5 and all is good. Target project is using .NET 4.0.\r\n\r\nBut the Html controls are not available in the toolbox (should they be?). Adding them manually by searching for them makes them appear. However, placing the control on the form causes an error that the accompanying HtmlRenderer.dll cannot be found. Copying these files from to the WinForms directory seems to resolve this issue.\r\n\r\nDeleting the packages (i.e. reverting my repo to a clean state) allows NuGet to download the libraries and the project compiles and runs (so no general build failure, just an issue within the IDE).\r\n\r\nWhile I have a workaround, I didn't see any solution by using Google on what might be wrong.",
    "LastUpdatedDate": "2016-02-17T11:15:02.863-08:00",
    "PlannedForRelease": "",
    "ReleaseVisibleToPublic": false,
    "Priority": {
      "Name": "Unassigned",
      "Severity": 0,
      "Id": 0
    },
    "ProjectName": "HtmlRenderer",
    "ReportedDate": "2015-06-07T02:53:59.96-07:00",
    "Status": {
      "Name": "Proposed",
      "Id": 1
    },
    "ReasonClosed": {
      "Name": "Unassigned"
    },
    "Summary": "NuGet packages don't work out of the box",
    "Type": {
      "Name": "Unassigned",
      "Id": 5
    },
    "VoteCount": 2,
    "Id": 9080
  },
  "FileAttachments": [],
  "Comments": [
    {
      "Message": "It appears that the HtmlRenderer.WinForms.dll requires the HtmlRenderer.dll to be in the same folder for the Visual Studio form designer to work.\n\nI copied HtmlRenderer.dll \nfrom \n..\\packages\\HtmlRenderer.Core.1.5.05\\lib\\net45\\\nto\n..\\packages\\HtmlRenderer.WinForms.1.5.06\\lib\\net45\\",
      "PostedDate": "2016-02-17T11:15:02.863-08:00",
      "Id": 196743
    }
  ]
}