{
  "WorkItem": {
    "AffectedComponent": {
      "Name": "",
      "DisplayName": ""
    },
    "ClosedComment": "duplicate\nhttp://htmlrenderer.codeplex.com/workitem/8840",
    "ClosedDate": "2014-10-20T23:35:41.593-07:00",
    "CommentCount": 0,
    "Custom": null,
    "Description": "This is the html I used.\r\n<html lang=\"en\">\r\n<head>\r\n    <style type=\"text/css\">\r\n        .image-wrapper\r\n        {\r\n            position: relative;\r\n            width: 250px;\r\n        }\r\n        .image-wrapper p.line1\r\n        {\r\n            position: absolute;\r\n            left: 115px;\r\n            top: 21px;\r\n            width: 150px;\r\n            color: #1399d3;\r\n            margin: 5px;\r\n            font-size: 12px;\r\n        }\r\n    </style>\r\n    <title></title>\r\n</head>\r\n<body style=\"background-repeat: no-repeat\">\r\n    <div class=\"image-wrapper\">\r\n        <img src=\"image.png\" alt=\"sometext\" />\r\n        <p class=\"line1\">\r\n            This text should appear at the top.</p>\r\n    </div>\r\n</body>\r\n</html>\r\n\r\nThe text should appear on the image and it does the same when viewed in IE and Chrome, but in HTML renderer places the image at top and text at bottom. Please help me to overcome this issue. (I am using HtmlRenderer v1.5.0.5)",
    "LastUpdatedDate": "2014-10-20T23:35:41.593-07:00",
    "PlannedForRelease": "",
    "ReleaseVisibleToPublic": false,
    "Priority": {
      "Name": "Unassigned",
      "Severity": 0,
      "Id": 0
    },
    "ProjectName": "HtmlRenderer",
    "ReportedDate": "2014-10-19T09:10:21.923-07:00",
    "Status": {
      "Name": "Closed",
      "Id": 4
    },
    "ReasonClosed": {
      "Name": "Unassigned"
    },
    "Summary": "Incorrect paragraph alignment when combined with an image inside a div",
    "Type": {
      "Name": "Unassigned",
      "Id": 5
    },
    "VoteCount": 1,
    "Id": 9055
  },
  "FileAttachments": [],
  "Comments": []
}