{
  "WorkItem": {
    "AffectedComponent": {
      "Name": "",
      "DisplayName": ""
    },
    "ClosedComment": "",
    "ClosedDate": null,
    "CommentCount": 0,
    "Custom": null,
    "Description": "The markup :\r\n \r\n```\r\n<html>\r\n  <head>\r\n    <title>\r\n      Test\r\n    </title>\r\n    \r\n    <style type='text/css'>\r\n      .table\r\n      {\r\n        border-collapse:collapse;\r\n      }\r\n      .table td\r\n      {\r\n        border: 1px solid black;\r\n      }\r\n      \r\n      .danger\r\n      {\r\n        color:red;\r\n      }\r\n    </style>\r\n    \r\n  </head>\r\n  <body>\r\n    <table class='table danger'>\r\n      <tr>\r\n        <td>\r\n          Row 1\r\n        </td>\r\n      </tr>\r\n      <tr>\r\n        <td>\r\n          Row 2\r\n        </td>\r\n      </tr>\r\n    </table>    \r\n  </body>\r\n</html>\r\n\r\n```\r\n\r\nThe problem:\r\n\r\nLink to the image online :\r\n[http://postimg.org/image/max5qmg4d/](http://postimg.org/image/max5qmg4d/)\r\n\r\nThe image is also attached with this issue.",
    "LastUpdatedDate": "2014-10-14T08:02:06.013-07:00",
    "PlannedForRelease": "",
    "ReleaseVisibleToPublic": false,
    "Priority": {
      "Name": "Unassigned",
      "Severity": 0,
      "Id": 0
    },
    "ProjectName": "HtmlRenderer",
    "ReportedDate": "2014-10-14T07:54:48.073-07:00",
    "Status": {
      "Name": "Proposed",
      "Id": 1
    },
    "ReasonClosed": {
      "Name": "Unassigned"
    },
    "Summary": "Styling issue on table when two or more classes specified",
    "Type": {
      "Name": "Unassigned",
      "Id": 5
    },
    "VoteCount": 1,
    "Id": 9053
  },
  "FileAttachments": [
    {
      "FileId": 920928,
      "FileName": "HtmlRenderer.png",
      "DownloadUrl": ".\\920928"
    }
  ],
  "Comments": []
}