{
  "WorkItem": {
    "AffectedComponent": {
      "Name": "",
      "DisplayName": ""
    },
    "ClosedComment": "",
    "ClosedDate": null,
    "CommentCount": 1,
    "Custom": null,
    "Description": "If you have a table with tags within the td's, it doesn't render the contents of the inner tags. Also style=\"float:left\" does not work on div or any other tags so there is currently no way to place 2 pieces of info next to each other while using styling.\r\n\r\nE.g. in the following example, the contents of the <b> tag will not be rendered in the PDF. The HTML viewer contains the values, but when converted to PDF they disappear.\r\n\r\n<table>\r\n<tr>\r\n<td>\r\n<b>Some Bold Text</b> Some Normal Text\r\n</td>\r\n</tr>\r\n</table>",
    "LastUpdatedDate": "2017-02-06T08:59:36.687-08:00",
    "PlannedForRelease": "",
    "ReleaseVisibleToPublic": false,
    "Priority": {
      "Name": "Unassigned",
      "Severity": 0,
      "Id": 0
    },
    "ProjectName": "HtmlRenderer",
    "ReportedDate": "2015-03-16T20:03:05.377-07:00",
    "Status": {
      "Name": "Proposed",
      "Id": 1
    },
    "ReasonClosed": {
      "Name": "Unassigned"
    },
    "Summary": "PDF doesn't render tables or divs properly",
    "Type": {
      "Name": "Unassigned",
      "Id": 5
    },
    "VoteCount": 3,
    "Id": 9073
  },
  "FileAttachments": [
    {
      "FileId": 1439270,
      "FileName": "pdf.PNG",
      "DownloadUrl": ".\\1439270"
    }
  ],
  "Comments": [
    {
      "Message": "I ran into this issue today too.  using \"style=font-weight:bold;\" will render the bolds. There's something wrong with the rendering engine. I used this sample html from the 00.Intro.htm file.  Which renders the bolds correctly.\n<td>\n        Everything you see on this panel (see samples on the left) is <b>custom-painted</b>\n        by the <b>HTML Renderer</b>, including tables, images, links and videos.<br />\n        This project allows you to have the rich format power of HTML on your desktop applications\n        without <b>WebBrowser</b> control or <b>MSHTML</b>.<br />\n        The library is <b>100% managed code</b> without any external dependencies, the only \n        requirement is <b>.NET 2.0 or higher</b>, including support for Client Profile.\n</td>\n\nIf you remove all the text before the first <b>, none of the first sentence will render.  I banged my head on this for several hours, thought it was something I was doing wrong.  Now I found this posting from 2015, describing the same issue.  ",
      "PostedDate": "2017-02-06T08:59:36.687-08:00",
      "Id": 206440
    }
  ]
}