{
  "WorkItem": {
    "AffectedComponent": {
      "Name": "",
      "DisplayName": ""
    },
    "ClosedComment": "",
    "ClosedDate": null,
    "CommentCount": 1,
    "Custom": null,
    "Description": "First of all, amazing work. The resized images work great. Thank you so much. One last issue I'm facing is that an image inside a table row and the style element has values \"float: right\". This does not seem to work as the images are always left aligned. Is there a fix for this",
    "LastUpdatedDate": "2016-09-07T09:09:28.387-07:00",
    "PlannedForRelease": "",
    "ReleaseVisibleToPublic": false,
    "Priority": {
      "Name": "Unassigned",
      "Severity": 0,
      "Id": 0
    },
    "ProjectName": "HtmlRenderer",
    "ReportedDate": "2016-03-31T02:33:52.633-07:00",
    "Status": {
      "Name": "Proposed",
      "Id": 1
    },
    "ReasonClosed": {
      "Name": "Unassigned"
    },
    "Summary": "Image alignment",
    "Type": {
      "Name": "Unassigned",
      "Id": 5
    },
    "VoteCount": 3,
    "Id": 9105
  },
  "FileAttachments": [],
  "Comments": [
    {
      "Message": "I am also having this issue. :-(",
      "PostedDate": "2016-05-31T12:05:49.71-07:00",
      "Id": 199837
    }
  ]
}