{
  "WorkItem": {
    "AffectedComponent": {
      "Name": "",
      "DisplayName": ""
    },
    "ClosedComment": "cannot reproduce",
    "ClosedDate": "2014-01-18T03:30:28.81-08:00",
    "CommentCount": 1,
    "Custom": null,
    "Description": "when i want to render a bigger html content in demo, it render nothing, i try step into the source code, and i found after set Text property, the base.Text value is empty, it is quite strange\r\n```\r\npublic override string Text\r\n        {\r\n            get { return base.Text; }\r\n            set\r\n            {\r\n                __base.Text = value;__\r\n                if (!IsDisposed)\r\n                {\r\n                    VerticalScroll.Value = VerticalScroll.Minimum;\r\n                    _htmlContainer.SetHtml(Text, _baseCssData);\r\n                    PerformLayout();\r\n                    Invalidate();\r\n                }\r\n            }\r\n        }\r\n```\r\n\r\nmy envirment:\r\nwin8 64 enterprise with latest update\r\nvs2012 sp4\r\nhtmlrender 1.4.11.0\r\n\r\nyou can test with the attachment file. thanks",
    "LastUpdatedDate": "2014-01-18T03:30:28.81-08:00",
    "PlannedForRelease": "",
    "ReleaseVisibleToPublic": false,
    "Priority": {
      "Name": "Unassigned",
      "Severity": 0,
      "Id": 0
    },
    "ProjectName": "HtmlRenderer",
    "ReportedDate": "2013-12-22T19:30:24.2-08:00",
    "Status": {
      "Name": "Closed",
      "Id": 4
    },
    "ReasonClosed": {
      "Name": "Unassigned"
    },
    "Summary": "render nothing with some htm file",
    "Type": {
      "Name": "Unassigned",
      "Id": 5
    },
    "VoteCount": 1,
    "Id": 9025
  },
  "FileAttachments": [
    {
      "FileId": 770807,
      "FileName": "21.bigContent.rar",
      "DownloadUrl": ".\\770807"
    }
  ],
  "Comments": [
    {
      "Message": "bigger is an under statement for this html, it's 500K! :)\nbut I pasted the html into the HTML Renderer demo application and it works fine...\nI don't know what can be the problem (I have the same environment), can you try to troubleshoot it a bit because I don't know that to propose.\n\n![Image](http://snag.gy/MF4Bm.jpg)",
      "PostedDate": "2014-01-06T06:47:26.897-08:00",
      "Id": 129207
    }
  ]
}