{
  "WorkItem": {
    "AffectedComponent": {
      "Name": "",
      "DisplayName": ""
    },
    "ClosedComment": "",
    "ClosedDate": null,
    "CommentCount": 1,
    "Custom": null,
    "Description": "Hello,\r\n\r\nI've downloaded HTML Renderer yesterday, awesome job! HTML Panel is working fine, but I'm trying to use it with PDFSharp, and I'm getting the following error:\r\n\r\nAssembly 'HtmlRenderer.PdfSharp, Version=1.5.0.5, Culture=neutral, PublicKeyToken=null' uses 'PdfSharp, Version=1.32.3057.0, Culture=neutral, PublicKeyToken=f94615aa0424f9eb' which has a higher version than referenced assembly 'PdfSharp, Version=1.32.2608.0, Culture=neutral, PublicKeyToken=f94615aa0424f9eb'\t...\\HtmlRenderer 1.5.0.5\\PdfSharp\\NET40\\HtmlRenderer.PdfSharp.dll\r\n\r\nI'm using the latest PdfSharp, 1.32.3057.0, and I can't find 1.32.2608.0. I tried rebuilding HtmlRenderer.PdfSharp.dll with reference to PdfSharp 1.32.3057.0 and it didn't help.\r\n\r\nThanks for your reply in advance.\r\n\r\ndobragab",
    "LastUpdatedDate": "2015-02-19T07:23:43.423-08:00",
    "PlannedForRelease": "",
    "ReleaseVisibleToPublic": false,
    "Priority": {
      "Name": "Unassigned",
      "Severity": 0,
      "Id": 0
    },
    "ProjectName": "HtmlRenderer",
    "ReportedDate": "2015-01-31T06:34:53.267-08:00",
    "Status": {
      "Name": "Proposed",
      "Id": 1
    },
    "ReasonClosed": {
      "Name": "Unassigned"
    },
    "Summary": "HTML Renderer and PDFSharp",
    "Type": {
      "Name": "Unassigned",
      "Id": 5
    },
    "VoteCount": 2,
    "Id": 9065
  },
  "FileAttachments": [],
  "Comments": [
    {
      "Message": "Nevermind, installing the HtmlRenderer.PdfSharp via NuGet solved the problem.",
      "PostedDate": "2015-02-01T03:22:53.593-08:00",
      "Id": 171301
    }
  ]
}