{
  "WorkItem": {
    "AffectedComponent": {
      "Name": "",
      "DisplayName": ""
    },
    "ClosedComment": "",
    "ClosedDate": null,
    "CommentCount": 0,
    "Custom": null,
    "Description": "I have some html that has a valueless attribute at the end of a tag which crashes the parser. A minimal snippet to reproduce it is \"<img alt>\"\r\n\r\nI have created a pull request with a fix at https://github.com/ArthurHub/HTML-Renderer/pull/27 ",
    "LastUpdatedDate": "2015-05-12T00:52:14.16-07:00",
    "PlannedForRelease": "",
    "ReleaseVisibleToPublic": false,
    "Priority": {
      "Name": "Unassigned",
      "Severity": 0,
      "Id": 0
    },
    "ProjectName": "HtmlRenderer",
    "ReportedDate": "2015-05-12T00:52:14.16-07:00",
    "Status": {
      "Name": "Proposed",
      "Id": 1
    },
    "ReasonClosed": {
      "Name": "Unassigned"
    },
    "Summary": "IndexOutOfRangeException in HtmlParser.ExtractAttributes",
    "Type": {
      "Name": "Unassigned",
      "Id": 5
    },
    "VoteCount": 1,
    "Id": 9077
  },
  "FileAttachments": [],
  "Comments": []
}