{
  "WorkItem": {
    "AffectedComponent": {
      "Name": "",
      "DisplayName": ""
    },
    "ClosedComment": "",
    "ClosedDate": null,
    "CommentCount": 0,
    "Custom": null,
    "Description": "\r\nOn a 4k monitor...\r\n\r\nIf you create a from-scratch winforms app, and drop in an HtmlLabel, the control will render correctly in the designer, but it will be sized 1/4 as large as it needs to be at runtime.  Since the HTML rendering itself is in correct proportion, this means most of it is outside the control and is truncated.\r\n\r\nIf DpiAware is added to the manifest, the autosize feature works correctly again.\r\n",
    "LastUpdatedDate": "2017-02-18T14:01:36.263-08:00",
    "PlannedForRelease": "",
    "ReleaseVisibleToPublic": false,
    "Priority": {
      "Name": "Unassigned",
      "Severity": 0,
      "Id": 0
    },
    "ProjectName": "HtmlRenderer",
    "ReportedDate": "2017-02-18T14:01:36.263-08:00",
    "Status": {
      "Name": "Proposed",
      "Id": 1
    },
    "ReasonClosed": {
      "Name": "Unassigned"
    },
    "Summary": "HtmlLabel autosizes too small on 4k monitor, truncating the render, if app is not DpiAware ",
    "Type": {
      "Name": "Unassigned",
      "Id": 5
    },
    "VoteCount": 1,
    "Id": 9115
  },
  "FileAttachments": [],
  "Comments": []
}