{
  "WorkItem": {
    "AffectedComponent": {
      "Name": "",
      "DisplayName": ""
    },
    "ClosedComment": "",
    "ClosedDate": "2013-08-18T08:09:26.01-07:00",
    "CommentCount": 0,
    "Custom": "",
    "Description": "first of all, its a great project!\n\ni found a bug: \"white-space: nowrap\" not rendered correctly at resizing.\n\nHere is the sample code:\n\"\n<html>\n<body>\n<div>\n<p>\nThis:<br/>\n<span style=\"white-space: nowrap; background-color: Silver;\">1. image001.jpg</span>, \n<span style=\"white-space: nowrap; background-color: Silver;\">2. image002.jpg</span>, \n<span style=\"white-space: nowrap; background-color: Silver;\">3. image003.jpg</span>, \n<span style=\"white-space: nowrap; background-color: Silver;\">4. image004.jpg</span>, \n<span style=\"white-space: nowrap; background-color: Silver;\">5. image005.jpg</span>, \n<span style=\"white-space: nowrap; background-color: Silver;\">6. image006.jpg</span>, \n<span style=\"white-space: nowrap; background-color: Silver;\">7. image007.jpg</span>\n</p>\n</div>\n</body>\n</html>\n\"\n\nthanks!",
    "LastUpdatedDate": "2013-08-18T08:09:26.01-07:00",
    "PlannedForRelease": "1.4.14.0",
    "ReleaseVisibleToPublic": true,
    "Priority": {
      "Name": "Medium",
      "Severity": 100,
      "Id": 2
    },
    "ProjectName": "HtmlRenderer",
    "ReportedDate": "2013-07-27T23:47:32.053-07:00",
    "Status": {
      "Name": "Closed",
      "Id": 4
    },
    "ReasonClosed": {
      "Name": "Unassigned"
    },
    "Summary": "white-space: nowrap",
    "Type": {
      "Name": "Issue",
      "Id": 3
    },
    "VoteCount": 1,
    "Id": 8907
  },
  "FileAttachments": [],
  "Comments": []
}