{
  "WorkItem": {
    "AffectedComponent": {
      "Name": "",
      "DisplayName": ""
    },
    "ClosedComment": "",
    "ClosedDate": null,
    "CommentCount": 0,
    "Custom": null,
    "Description": "Hi,\r\nI am trying to use HtmlRenderer.PdfSharp in Azure. It works perfectly right on local computer, but once deployed on an Azure WebSite (no VM, Web App), I keep getting the following error : \r\n\r\nCannot save a PDF document with no pages.\r\n\r\nDescription: An unhandled exception occurred during the execution of the current web request. Please review the stack trace for more information about the error and where it originated in the code. \r\n\r\nStack Trace: \r\n[InvalidOperationException: Cannot save a PDF document with no pages.]\r\n   PdfSharp.Pdf.PdfDocument.DoSave(PdfWriter writer) +769\r\n   PdfSharp.Pdf.PdfDocument.Save(Stream stream, Boolean closeStream) +257\r\n\r\nSource code is pretty simple actually, for testings I have :\r\n  MemoryStream ms = new MemoryStream();\r\n            StringWriter wr = new StringWriter();\r\n            using (HtmlTextWriter writer = new HtmlTextWriter(wr))\r\n            {\r\n\r\n                writer.AddStyleAttribute(HtmlTextWriterStyle.FontFamily, \"Arial\");\r\n                writer.AddStyleAttribute(HtmlTextWriterStyle.FontSize, \"22pt\");\r\n                writer.AddStyleAttribute(HtmlTextWriterStyle.FontWeight, \"bold\");\r\n                writer.RenderBeginTag(\"p\");\r\n\r\n                writer.Write(\"Ordre de mission\");\r\n                writer.RenderEndTag();\r\n\r\n                using (PdfDocument pdf = PdfGenerator.GeneratePdf(wr.ToString(), PageSize.A4))\r\n                {\r\n                    pdf.Save(ms, false);\r\n                }\r\n            }\r\n\r\nThank you for your help!\r\nPierre",
    "LastUpdatedDate": "2016-05-30T03:53:20.033-07:00",
    "PlannedForRelease": "",
    "ReleaseVisibleToPublic": false,
    "Priority": {
      "Name": "Unassigned",
      "Severity": 0,
      "Id": 0
    },
    "ProjectName": "HtmlRenderer",
    "ReportedDate": "2016-05-30T03:53:20.033-07:00",
    "Status": {
      "Name": "Proposed",
      "Id": 1
    },
    "ReasonClosed": {
      "Name": "Unassigned"
    },
    "Summary": "Azure Website",
    "Type": {
      "Name": "Unassigned",
      "Id": 5
    },
    "VoteCount": 1,
    "Id": 9107
  },
  "FileAttachments": [],
  "Comments": []
}