{
  "WorkItem": {
    "AffectedComponent": {
      "Name": "",
      "DisplayName": ""
    },
    "ClosedComment": "",
    "ClosedDate": null,
    "CommentCount": 0,
    "Custom": null,
    "Description": "Given the PDF appears to contain a large number of \"invisible\" or \"empty\" block, this might be Z-order related.\r\n\r\nI've attached a PDF, image and source HTML file for comparison",
    "LastUpdatedDate": "2015-07-20T21:28:19.827-07:00",
    "PlannedForRelease": "",
    "ReleaseVisibleToPublic": false,
    "Priority": {
      "Name": "Unassigned",
      "Severity": 0,
      "Id": 0
    },
    "ProjectName": "HtmlRenderer",
    "ReportedDate": "2015-07-20T21:28:19.357-07:00",
    "Status": {
      "Name": "Proposed",
      "Id": 1
    },
    "ReasonClosed": {
      "Name": "Unassigned"
    },
    "Summary": "PDF generation significantly different from Image",
    "Type": {
      "Name": "Unassigned",
      "Id": 5
    },
    "VoteCount": 1,
    "Id": 9084
  },
  "FileAttachments": [
    {
      "FileId": 1474731,
      "FileName": "PDF variation from Image.zip",
      "DownloadUrl": ".\\1474731"
    }
  ],
  "Comments": []
}