{
  "WorkItem": {
    "AffectedComponent": {
      "Name": "",
      "DisplayName": ""
    },
    "ClosedComment": "",
    "ClosedDate": null,
    "CommentCount": 1,
    "Custom": null,
    "Description": "A simple html table below with colspan throws \"ArgumentOutOfRangeException\" in event \"RenderError\" e doesn't render the html table.\r\n\r\n```\r\n<html>\r\n<head>\r\n    <title></title>\r\n</head>\r\n<body>\r\n    <table border=\"1\">      \r\n        <tr>\r\n            <td colspan=\"3\">Title</td>\r\n        </tr>\r\n        <tr>\r\n            <td>Content 1</td>\r\n            <td colspan=\"2\">Content 2</td>\r\n        </tr>\r\n    </table>\r\n</body>\r\n</html>\r\n```",
    "LastUpdatedDate": "2015-11-23T12:34:13.803-08:00",
    "PlannedForRelease": "",
    "ReleaseVisibleToPublic": false,
    "Priority": {
      "Name": "Unassigned",
      "Severity": 0,
      "Id": 0
    },
    "ProjectName": "HtmlRenderer",
    "ReportedDate": "2015-08-14T06:49:33.84-07:00",
    "Status": {
      "Name": "Proposed",
      "Id": 1
    },
    "ReasonClosed": {
      "Name": "Unassigned"
    },
    "Summary": "Table with colspan doesn't work",
    "Type": {
      "Name": "Unassigned",
      "Id": 5
    },
    "VoteCount": 2,
    "Id": 9086
  },
  "FileAttachments": [],
  "Comments": [
    {
      "Message": "Try putting in a row at the beginning of the table with height 1px which does not have colspan implemeted. Colspan should work in subsequent rows.\n\nhtw.AddStyleAttribute(HtmlTextWriterStyle.Height, \"1px\");\n                htw.RenderBeginTag(HtmlTextWriterTag.Tr); // Tr open\n                htw.AddStyleAttribute(HtmlTextWriterStyle.Width, \"20%\");\n                htw.RenderBeginTag(HtmlTextWriterTag.Td); // td1 open\n                htw.RenderEndTag(); // td1 close\n                htw.AddStyleAttribute(HtmlTextWriterStyle.Width, \"20%\");\n                htw.RenderBeginTag(HtmlTextWriterTag.Td); // td2 open\n                htw.RenderEndTag(); // td2 close\n                htw.AddStyleAttribute(HtmlTextWriterStyle.Width, \"20%\");\n                htw.RenderBeginTag(HtmlTextWriterTag.Td); // td3 open\n                htw.RenderEndTag(); // td3 close\n                htw.AddStyleAttribute(HtmlTextWriterStyle.Width, \"20%\");\n                htw.RenderBeginTag(HtmlTextWriterTag.Td); // td4 open\n                htw.RenderEndTag(); // td4 close\n                htw.AddStyleAttribute(HtmlTextWriterStyle.Width, \"20%\");\n                htw.RenderBeginTag(HtmlTextWriterTag.Td); // td5 open\n                htw.RenderEndTag(); // td5 close\n                htw.RenderEndTag(); // Tr close",
      "PostedDate": "2015-10-06T15:54:42.437-07:00",
      "Id": 191204
    }
  ]
}