{
  "WorkItem": {
    "AffectedComponent": {
      "Name": "",
      "DisplayName": ""
    },
    "ClosedComment": "",
    "ClosedDate": null,
    "CommentCount": 0,
    "Custom": null,
    "Description": "Hello to everyone!\r\n\r\nI needed a new method that could parse a html to a PdfPage instead of a PdfDocument (In my case, the pdf had different content in each page). Since I didn't find, i downloaded the source and created it. \r\n\r\nIt just added the parsed pdf page to an existing PdfDocument.\r\n\r\nI think you should implement that :)\r\n\r\n",
    "LastUpdatedDate": "2017-01-23T08:06:00.23-08:00",
    "PlannedForRelease": "",
    "ReleaseVisibleToPublic": false,
    "Priority": {
      "Name": "Unassigned",
      "Severity": 0,
      "Id": 0
    },
    "ProjectName": "HtmlRenderer",
    "ReportedDate": "2017-01-23T08:06:00.23-08:00",
    "Status": {
      "Name": "Proposed",
      "Id": 1
    },
    "ReasonClosed": {
      "Name": "Unassigned"
    },
    "Summary": "New Method to PdfGenerator",
    "Type": {
      "Name": "Unassigned",
      "Id": 5
    },
    "VoteCount": 1,
    "Id": 9113
  },
  "FileAttachments": [],
  "Comments": []
}