{
  "WorkItem": {
    "AffectedComponent": {
      "Name": "",
      "DisplayName": ""
    },
    "ClosedComment": "",
    "ClosedDate": null,
    "CommentCount": 0,
    "Custom": null,
    "Description": "The WPF implementation of HtmlPanel uses hard-coded scrollbars and is difficult to adapt it to a custom style.\r\nIt should have a default Style with a ControlTemplate containing a ScrollViewer and a ContentPresenter into which the HTML page should be rendered at the correct offset.\r\n\r\nOne of the main reasons not to use the WinForms WebBrowser in WPF is because you can't customize the control, especially the scrollbars, so I suppose it would be a great feature if this control was implemented using WPF guidelines that allow custom styling.",
    "LastUpdatedDate": "2015-07-21T03:03:07.13-07:00",
    "PlannedForRelease": "",
    "ReleaseVisibleToPublic": false,
    "Priority": {
      "Name": "Unassigned",
      "Severity": 0,
      "Id": 0
    },
    "ProjectName": "HtmlRenderer",
    "ReportedDate": "2015-06-22T00:43:57.19-07:00",
    "Status": {
      "Name": "Proposed",
      "Id": 1
    },
    "ReasonClosed": {
      "Name": "Unassigned"
    },
    "Summary": "The WPF implementation should use template",
    "Type": {
      "Name": "Unassigned",
      "Id": 5
    },
    "VoteCount": 2,
    "Id": 9082
  },
  "FileAttachments": [],
  "Comments": []
}