{
  "WorkItem": {
    "AffectedComponent": {
      "Name": "",
      "DisplayName": ""
    },
    "ClosedComment": "",
    "ClosedDate": null,
    "CommentCount": 0,
    "Custom": null,
    "Description": "If you are setting different HTML pages as Text to HtmlControl then it saves references to some CSS elements.\r\n\r\nI found that full reference is:\r\n\r\n```\r\nHtmlControl -> _htmlContainer -> _htmlContainerInt -> _hoverBoxes\r\n```\r\n\r\n_hoverBoxes contains a lot of references and never cleared (at least in 1.5 release).\r\n\r\nIt would be nice to have an ability to clear this array.\r\n",
    "LastUpdatedDate": "2014-10-30T10:35:27.69-07:00",
    "PlannedForRelease": "",
    "ReleaseVisibleToPublic": false,
    "Priority": {
      "Name": "Unassigned",
      "Severity": 0,
      "Id": 0
    },
    "ProjectName": "HtmlRenderer",
    "ReportedDate": "2014-10-30T10:34:36.383-07:00",
    "Status": {
      "Name": "Proposed",
      "Id": 1
    },
    "ReasonClosed": {
      "Name": "Unassigned"
    },
    "Summary": "Memory leak in HtmlControl",
    "Type": {
      "Name": "Unassigned",
      "Id": 5
    },
    "VoteCount": 1,
    "Id": 9057
  },
  "FileAttachments": [],
  "Comments": []
}