{
  "WorkItem": {
    "AffectedComponent": {
      "Name": "",
      "DisplayName": ""
    },
    "ClosedComment": "",
    "ClosedDate": null,
    "CommentCount": 0,
    "Custom": null,
    "Description": "When used as such:\r\n```\r\n<wpf:HtmlPanel Text=\"{Binding description}\" Background=\"{x:Null}\"/>\r\n```\r\n\r\nThe following is thrown:\r\n\r\n```\r\nInputMapper.vshost.exe Error: 0 : System.Windows.Threading.Dispatcher : System.NullReferenceException: Object reference not set to an instance of an object.\r\n   at TheArtOfDev.HtmlRenderer.WPF.HtmlControl.OnRender(DrawingContext context) in d:\\source\\github\\HTML-Renderer\\Source\\HtmlRenderer.WPF\\HtmlControl.cs:line 282\r\n   at TheArtOfDev.HtmlRenderer.WPF.HtmlPanel.OnRender(DrawingContext context) in d:\\source\\github\\HTML-Renderer\\Source\\HtmlRenderer.WPF\\HtmlPanel.cs:line 207\r\n   at System.Windows.UIElement.Arrange(Rect finalRect)\r\n   at System.Windows.Controls.StackPanel.StackArrangeHelper(IStackMeasure arrangeElement, IStackMeasureScrollData scrollData, Size arrangeSize)\r\n   at System.Windows.Controls.StackPanel.ArrangeOverride(Size arrangeSize)\r\n   at System.Windows.FrameworkElement.ArrangeCore(Rect finalRect)\r\n   at System.Windows.UIElement.Arrange(Rect finalRect)\r\n   at MS.Internal.Helper.ArrangeElementWithSingleChild(UIElement element, Size arrangeSize)\r\n   at System.Windows.Controls.ContentPresenter.ArrangeOverride(Size arrangeSize)\r\n   at System.Windows.FrameworkElement.ArrangeCore(Rect finalRect)\r\n   at System.Windows.UIElement.Arrange(Rect finalRect)\r\n   at System.Windows.Controls.DockPanel.ArrangeOverride(Size arrangeSize)\r\n   at System.Windows.FrameworkElement.ArrangeCore(Rect finalRect)\r\n   at System.Windows.UIElement.Arrange(Rect finalRect)\r\n   at System.Windows.Controls.Border.ArrangeOverride(Size finalSize)\r\n   at System.Windows.FrameworkElement.ArrangeCore(Rect finalRect)\r\n   at System.Windows.UIElement.Arrange(Rect finalRect)\r\n   at System.Windows.Controls.Control.ArrangeOverride(Size arrangeBounds)\r\n   at System.Windows.FrameworkElement.ArrangeCore(Rect finalRect)\r\n   at System.Windows.UIElement.Arrange(Rect finalRect)\r\n   at MS.Internal.Helper.ArrangeElementWithSingleChild(UIElement element, Size arrangeSize)\r\n   at System.Windows.Controls.ContentPresenter.ArrangeOverride(Size arrangeSize)\r\n   at System.Windows.FrameworkElement.ArrangeCore(Rect finalRect)\r\n   at System.Windows.UIElement.Arrange(Rect finalRect)\r\n   at System.Windows.Controls.Border.ArrangeOverride(Size finalSize)\r\n   at System.Windows.FrameworkElement.ArrangeCore(Rect finalRect)\r\n   at System.Windows.UIElement.Arrange(Rect finalRect)\r\n   at System.Windows.Controls.Control.ArrangeOverride(Size arrangeBounds)\r\n   at System.Windows.FrameworkElement.ArrangeCore(Rect finalRect)\r\n   at System.Windows.UIElement.Arrange(Rect finalRect)\r\n   at System.Windows.Controls.VirtualizingStackPanel.ArrangeFirstItemInExtendedViewport(Boolean isHorizontal, UIElement child, Size childDesiredSize, Double arrangeLength, Rect& rcChild, Size& previousChildSize, Point& previousChildOffset, Int32& previousChildItemIndex)\r\n   at System.Windows.Controls.VirtualizingStackPanel.ArrangeOverride(Size arrangeSize)\r\n   at System.Windows.FrameworkElement.ArrangeCore(Rect finalRect)\r\n   at System.Windows.UIElement.Arrange(Rect finalRect)\r\n   at MS.Internal.Helper.ArrangeElementWithSingleChild(UIElement element, Size arrangeSize)\r\n   at System.Windows.Controls.ItemsPresenter.ArrangeOverride(Size arrangeSize)\r\n   at System.Windows.FrameworkElement.ArrangeCore(Rect finalRect)\r\n   at System.Windows.UIElement.Arrange(Rect finalRect)\r\n   at System.Windows.Controls.ScrollContentPresenter.ArrangeOverride(Size arrangeSize)\r\n   at System.Windows.FrameworkElement.ArrangeCore(Rect finalRect)\r\n   at System.Windows.UIElement.Arrange(Rect finalRect)\r\n   at System.Windows.Controls.Grid.ArrangeOverride(Size arrangeSize)\r\n   at System.Windows.FrameworkElement.ArrangeCore(Rect finalRect)\r\n   at System.Windows.UIElement.Arrange(Rect finalRect)\r\n   at System.Windows.Controls.Control.ArrangeOverride(Size arrangeBounds)\r\n   at System.Windows.Controls.ScrollViewer.ArrangeOverride(Size arrangeSize)\r\n   at System.Windows.FrameworkElement.ArrangeCore(Rect finalRect)\r\n   at System.Windows.UIElement.Arrange(Rect finalRect)\r\n   at System.Windows.Controls.Border.ArrangeOverride(Size finalSize)\r\n   at System.Windows.FrameworkElement.ArrangeCore(Rect finalRect)\r\n   at System.Windows.UIElement.Arrange(Rect finalRect)\r\n   at System.Windows.Controls.Control.ArrangeOverride(Size arrangeBounds)\r\n   at System.Windows.FrameworkElement.ArrangeCore(Rect finalRect)\r\n   at System.Windows.UIElement.Arrange(Rect finalRect)\r\n   at System.Windows.Controls.DockPanel.ArrangeOverride(Size arrangeSize)\r\n   at System.Windows.FrameworkElement.ArrangeCore(Rect finalRect)\r\n   at System.Windows.UIElement.Arrange(Rect finalRect)\r\n   at System.Windows.Controls.Grid.ArrangeOverride(Size arrangeSize)\r\n   at System.Windows.FrameworkElement.ArrangeCore(Rect finalRect)\r\n   at System.Windows.UIElement.Arrange(Rect finalRect)\r\n   at MS.Internal.Helper.ArrangeElementWithSingleChild(UIElement element, Size arrangeSize)\r\n   at System.Windows.Controls.ContentPresenter.ArrangeOverride(Size arrangeSize)\r\n   at System.Windows.FrameworkElement.ArrangeCore(Rect finalRect)\r\n   at System.Windows.UIElement.Arrange(Rect finalRect)\r\n   at System.Windows.Controls.Border.ArrangeOverride(Size finalSize)\r\n   at System.Windows.FrameworkElement.ArrangeCore(Rect finalRect)\r\n   at System.Windows.UIElement.Arrange(Rect finalRect)\r\n   at System.Windows.Controls.Grid.ArrangeOverride(Size arrangeSize)\r\n   at System.Windows.FrameworkElement.ArrangeCore(Rect finalRect)\r\n   at System.Windows.UIElement.Arrange(Rect finalRect)\r\n   at System.Windows.Controls.Control.ArrangeOverride(Size arrangeBounds)\r\n   at System.Windows.FrameworkElement.ArrangeCore(Rect finalRect)\r\n   at System.Windows.UIElement.Arrange(Rect finalRect)\r\n   at System.Windows.Controls.Grid.ArrangeOverride(Size arrangeSize)\r\n   at System.Windows.FrameworkElement.ArrangeCore(Rect finalRect)\r\n   at System.Windows.UIElement.Arrange(Rect finalRect)\r\n   at MS.Internal.Helper.ArrangeElementWithSingleChild(UIElement element, Size arrangeSize)\r\n   at System.Windows.Controls.ContentPresenter.ArrangeOverride(Size arrangeSize)\r\n   at System.Windows.FrameworkElement.ArrangeCore(Rect finalRect)\r\n   at System.Windows.UIElement.Arrange(Rect finalRect)\r\n   at System.Windows.Controls.Border.ArrangeOverride(Size finalSize)\r\n   at System.Windows.FrameworkElement.ArrangeCore(Rect finalRect)\r\n   at System.Windows.UIElement.Arrange(Rect finalRect)\r\n   at System.Windows.Controls.Page.ArrangeOverride(Size arrangeBounds)\r\n   at System.Windows.FrameworkElement.ArrangeCore(Rect finalRect)\r\n   at System.Windows.UIElement.Arrange(Rect finalRect)\r\n   at MS.Internal.Helper.ArrangeElementWithSingleChild(UIElement element, Size arrangeSize)\r\n   at System.Windows.Controls.ContentPresenter.ArrangeOverride(Size arrangeSize)\r\n   at System.Windows.FrameworkElement.ArrangeCore(Rect finalRect)\r\n   at System.Windows.UIElement.Arrange(Rect finalRect)\r\n   at System.Windows.Controls.Border.ArrangeOverride(Size finalSize)\r\n   at System.Windows.FrameworkElement.ArrangeCore(Rect finalRect)\r\n   at System.Windows.UIElement.Arrange(Rect finalRect)\r\n   at System.Windows.Controls.Control.ArrangeOverride(Size arrangeBounds)\r\n   at System.Windows.FrameworkElement.ArrangeCore(Rect finalRect)\r\n   at System.Windows.UIElement.Arrange(Rect finalRect)\r\n   at System.Windows.Controls.DockPanel.ArrangeOverride(Size arrangeSize)\r\n   at System.Windows.FrameworkElement.ArrangeCore(Rect finalRect)\r\n   at System.Windows.UIElement.Arrange(Rect finalRect)\r\n   at System.Windows.Controls.DockPanel.ArrangeOverride(Size arrangeSize)\r\n   at System.Windows.FrameworkElement.ArrangeCore(Rect finalRect)\r\n   at System.Windows.UIElement.Arrange(Rect finalRect)\r\n   at System.Windows.Controls.Grid.ArrangeOverride(Size arrangeSize)\r\n   at System.Windows.FrameworkElement.ArrangeCore(Rect finalRect)\r\n   at System.Windows.UIElement.Arrange(Rect finalRect)\r\n   at MS.Internal.Helper.ArrangeElementWithSingleChild(UIElement element, Size arrangeSize)\r\n   at System.Windows.Controls.ContentPresenter.ArrangeOverride(Size arrangeSize)\r\n   at System.Windows.FrameworkElement.ArrangeCore(Rect finalRect)\r\n   at System.Windows.UIElement.Arrange(Rect finalRect)\r\n   at System.Windows.Documents.AdornerDecorator.ArrangeOverride(Size finalSize)\r\n   at System.Windows.FrameworkElement.ArrangeCore(Rect finalRect)\r\n   at System.Windows.UIElement.Arrange(Rect finalRect)\r\n   at System.Windows.Controls.Grid.ArrangeOverride(Size arrangeSize)\r\n   at System.Windows.FrameworkElement.ArrangeCore(Rect finalRect)\r\n   at System.Windows.UIElement.Arrange(Rect finalRect)\r\n   at System.Windows.Controls.Border.ArrangeOverride(Size finalSize)\r\n   at System.Windows.FrameworkElement.ArrangeCore(Rect finalRect)\r\n   at System.Windows.UIElement.Arrange(Rect finalRect)\r\n   at System.Windows.Window.ArrangeOverride(Size arrangeBounds)\r\n   at System.Windows.FrameworkElement.ArrangeCore(Rect finalRect)\r\n   at System.Windows.UIElement.Arrange(Rect finalRect)\r\n   at System.Windows.ContextLayoutManager.UpdateLayout()\r\n   at System.Windows.ContextLayoutManager.UpdateLayoutCallback(Object arg)\r\n   at System.Windows.Media.MediaContext.InvokeOnRenderCallback.DoWork()\r\n   at System.Windows.Media.MediaContext.FireInvokeOnRenderCallbacks()\r\n   at System.Windows.Media.MediaContext.RenderMessageHandlerCore(Object resizedCompositionTarget)\r\n   at System.Windows.Media.MediaContext.RenderMessageHandler(Object resizedCompositionTarget)\r\n   at System.Windows.Threading.ExceptionWrapper.InternalRealCall(Delegate callback, Object args, Int32 numArgs)\r\n   at System.Windows.Threading.ExceptionWrapper.TryCatchWhen(Object source, Delegate callback, Object args, Int32 numArgs, Delegate catchHandler)\r\n```",
    "LastUpdatedDate": "2016-03-10T04:45:40.033-08:00",
    "PlannedForRelease": "",
    "ReleaseVisibleToPublic": false,
    "Priority": {
      "Name": "Unassigned",
      "Severity": 0,
      "Id": 0
    },
    "ProjectName": "HtmlRenderer",
    "ReportedDate": "2016-03-10T04:45:40.033-08:00",
    "Status": {
      "Name": "Proposed",
      "Id": 1
    },
    "ReasonClosed": {
      "Name": "Unassigned"
    },
    "Summary": "Null background throws exception.",
    "Type": {
      "Name": "Unassigned",
      "Id": 5
    },
    "VoteCount": 1,
    "Id": 9102
  },
  "FileAttachments": [],
  "Comments": []
}