{
  "WorkItem": {
    "AffectedComponent": {
      "Name": "",
      "DisplayName": ""
    },
    "ClosedComment": "fixed 1.5.0.0",
    "ClosedDate": "2014-10-09T08:54:32.983-07:00",
    "CommentCount": 0,
    "Custom": null,
    "Description": "Hello,\r\nI have an issue with this html:\r\n\r\n```\r\n<html>\r\n  <body>\r\n    <table border=\"1\" >\r\n      <tr>\r\n        <td style=\"white-space:nowrap;\"><a href=\"foo\">Text11</a> Text12</td>\r\n      </tr>\r\n    </table>\r\n<hr/>\r\n    <table border=\"1\" >\r\n      <tr>\r\n        <td style=\"white-space:nowrap;\">Text21 Text22</td>\r\n      </tr>\r\n    </table>\r\n  </body>\r\n</html>\r\n```\r\n\r\nThe \"2\" of \"Text12\" is truncated. How can this be fixed?\r\n\r\nOlaf",
    "LastUpdatedDate": "2014-10-09T08:54:32.983-07:00",
    "PlannedForRelease": "",
    "ReleaseVisibleToPublic": false,
    "Priority": {
      "Name": "Unassigned",
      "Severity": 0,
      "Id": 0
    },
    "ProjectName": "HtmlRenderer",
    "ReportedDate": "2014-05-28T12:32:49.887-07:00",
    "Status": {
      "Name": "Closed",
      "Id": 4
    },
    "ReasonClosed": {
      "Name": "Fixed"
    },
    "Summary": "Table cell width invalid calculation",
    "Type": {
      "Name": "Unassigned",
      "Id": 5
    },
    "VoteCount": 1,
    "Id": 9036
  },
  "FileAttachments": [],
  "Comments": []
}