{
  "WorkItem": {
    "AffectedComponent": {
      "Name": "",
      "DisplayName": ""
    },
    "ClosedComment": "",
    "ClosedDate": null,
    "CommentCount": 1,
    "Custom": "",
    "Description": "Would it be possible to get the CSS hover selector implemented in HtmlRenderer, specially for the anchor tag (a:hover)?",
    "LastUpdatedDate": "2016-04-17T18:29:55.423-07:00",
    "PlannedForRelease": "",
    "ReleaseVisibleToPublic": false,
    "Priority": {
      "Name": "Low",
      "Severity": 50,
      "Id": 1
    },
    "ProjectName": "HtmlRenderer",
    "ReportedDate": "2013-09-16T03:58:59.387-07:00",
    "Status": {
      "Name": "Proposed",
      "Id": 1
    },
    "ReasonClosed": {
      "Name": "Unassigned"
    },
    "Summary": "support CSS :hover selector",
    "Type": {
      "Name": "Feature",
      "Id": 1
    },
    "VoteCount": 5,
    "Id": 9015
  },
  "FileAttachments": [],
  "Comments": [
    {
      "Message": "Me, too!\n\nAny chance to get this implemented? \n\nOr maybe a pointer into your source code to see where I could start by myself?",
      "PostedDate": "2015-11-24T05:47:11.103-08:00",
      "Id": 193996
    }
  ]
}