{
  "WorkItem": {
    "AffectedComponent": {
      "Name": "",
      "DisplayName": ""
    },
    "ClosedComment": "1.4.5.0",
    "ClosedDate": "2013-05-13T07:01:15.61-07:00",
    "CommentCount": 0,
    "Custom": "",
    "Description": "I have a very simple stylesheet:\n\n<style>\n    table { }\n    td { vertical-align: middle; }\n</style>\n\nand I have a simple html, something like\n\n<table><tr><td class=\"time\" width=\"65\"> timeString </td>\n<td class=\"icon\" width=\"32\"><img src=\"cmd-error\"></td>\n<td class=\"message cmd-error\" valign=\"middle\">\nHello world. Hello world. Hello world. Hello world. Hello world. Hello world. Hello world. Hello world. Hello world. Hello world. Hello world.</td></tr></table>\n\nI'm using 1.4.4.0 with HtmlPanel. If I dock the HtmlPanel and I resize the window containing it, the vertical alignment is reset to top (if necessary I think I can produce a small .cs app that can show it).\n\nAnother thing: the default vertical-align of tables should be middle, but if I don't put the stylesheet with the alignment, it defaults to top.",
    "LastUpdatedDate": "2013-05-16T03:19:32.73-07:00",
    "PlannedForRelease": "1.4.14.0",
    "ReleaseVisibleToPublic": true,
    "Priority": {
      "Name": "Low",
      "Severity": 50,
      "Id": 1
    },
    "ProjectName": "HtmlRenderer",
    "ReportedDate": "2013-05-03T04:30:36.383-07:00",
    "Status": {
      "Name": "Closed",
      "Id": 4
    },
    "ReasonClosed": {
      "Name": "Unassigned"
    },
    "Summary": "vertical-align doesn't survive resize",
    "Type": {
      "Name": "Issue",
      "Id": 3
    },
    "VoteCount": 1,
    "Id": 8718
  },
  "FileAttachments": [],
  "Comments": []
}