{
  "WorkItem": {
    "AffectedComponent": {
      "Name": "",
      "DisplayName": ""
    },
    "ClosedComment": "fixed 1.5.0.0",
    "ClosedDate": "2014-10-09T08:52:09.293-07:00",
    "CommentCount": 1,
    "Custom": null,
    "Description": "\r\nI'm using the code below to create an image of a html string.\r\n\r\n```\r\nstring htmlString = \"<html><body><p style='font: 11pt Arial'>\" + strAbstract + \"</p></body>\";                \r\nImage image = HtmlRender.RenderToImage(htmlString, new Size(700, 700));\r\n\r\nBitmap m_Bitmap = new Bitmap(image);\r\nm_Bitmap.Save(abstractHtmlPath + @\"\\Abstract.png\", ImageFormat.Png);\r\n```\r\nstrAbstract  is a string that contains html tags.\r\n\r\nIt works, but what I found it that when the string contains <sub> and <sup> html tags it gets mixed up between the two and then renders the image incorrectly.  It uses the first occurrence of the html tag for each html tag.\r\n\r\nFor example, if the first html tag is <sup>x</sup> then it uses <sup> for every tag even if it is <sub>\r\nI have attached the html and the image as an example.\r\n\r\nPlease advise.",
    "LastUpdatedDate": "2014-10-09T08:52:09.293-07:00",
    "PlannedForRelease": "",
    "ReleaseVisibleToPublic": false,
    "Priority": {
      "Name": "Unassigned",
      "Severity": 0,
      "Id": 0
    },
    "ProjectName": "HtmlRenderer",
    "ReportedDate": "2014-09-23T02:58:20.023-07:00",
    "Status": {
      "Name": "Closed",
      "Id": 4
    },
    "ReasonClosed": {
      "Name": "Fixed"
    },
    "Summary": "html tags getting mixed up",
    "Type": {
      "Name": "Unassigned",
      "Id": 5
    },
    "VoteCount": 1,
    "Id": 9051
  },
  "FileAttachments": [
    {
      "FileId": 911080,
      "FileName": "Abstract.html",
      "DownloadUrl": ".\\911080"
    },
    {
      "FileId": 911081,
      "FileName": "Abstract.png",
      "DownloadUrl": ".\\911081"
    }
  ],
  "Comments": [
    {
      "Message": "I was testing this with your demo application and the problem seems to be that the <sub> tags are being replaced with <sup> tags and not the other way around.",
      "PostedDate": "2014-09-23T03:46:07.907-07:00",
      "Id": 160442
    }
  ]
}