{
  "WorkItem": {
    "AffectedComponent": {
      "Name": "",
      "DisplayName": ""
    },
    "ClosedComment": "1.4.13.0",
    "ClosedDate": "2014-03-07T07:02:18.423-08:00",
    "CommentCount": 3,
    "Custom": null,
    "Description": "Hello again. I am going to need access to the GetElementRectangle method of the HtmlContainer instance (_htmlContainer) that HtmlPanel uses.\r\n\r\nAs it stands, I have no options for doing this other than forking your repository and building this component myself because _htmlContainer is not exposed as protected in any way.\r\n\r\nDo you think you could do one or more of the following?\r\n.\r\n\r\n- Expose the HtmlPanel variable _htmlContainer as `protected/public HtmlContainer { get... }`.\r\n- Expose _htmlContainer.GetElementRectangle as `public RectangleF? GetElementRectangle(string);` in HtmlPanel.cs.\r\n- Allow developers (me) to make our own HTML rendering controls by changing all `internal` functionality to `public` or `internal protected`. (The reason I couldn't make my own custom HtmlPanel control was that I couldn't access CssParser.)\r\n\r\nOne of the first two options would satisfy my immediate needs, but the third one is more of a long-term request.\r\n\r\nAlso, would you rather I start sending you pull requests on GitHub instead of requests such as this? If you want me to do the work stated above (or something else/similar), just let me know. Thank You.",
    "LastUpdatedDate": "2014-03-07T07:02:18.423-08:00",
    "PlannedForRelease": "",
    "ReleaseVisibleToPublic": false,
    "Priority": {
      "Name": "Unassigned",
      "Severity": 0,
      "Id": 0
    },
    "ProjectName": "HtmlRenderer",
    "ReportedDate": "2014-01-28T15:04:18.883-08:00",
    "Status": {
      "Name": "Closed",
      "Id": 4
    },
    "ReasonClosed": {
      "Name": "Fixed"
    },
    "Summary": "Access to HtmlContainer instance that HtmlPanel uses.",
    "Type": {
      "Name": "Unassigned",
      "Id": 5
    },
    "VoteCount": 1,
    "Id": 9028
  },
  "FileAttachments": [],
  "Comments": [
    {
      "Message": "I believe bullet # 2 above was what the gentleman here was actually asking for - https://htmlrenderer.codeplex.com/discussions/484135",
      "PostedDate": "2014-01-28T15:06:47.71-08:00",
      "Id": 131956
    },
    {
      "Message": "1. I don't think exposing _htmlContainer as public is a valid practice, maybe making it protected will allow better extensibility... I need to see how my next version will look.\n2. delegating 'GetElementRectangle' to HtmlPanel make sense, don't know why I did do it in the first place.. will add in the next version so you can add it yourself now and just update to next version when it will be released.\n3. Most of HtmlContainer is public, the internal parts are internal for a good reason. If you are referring to HtmlPanel.BaseStylesheet property then the same can be achieved using CssData.Parse.\n4. As for long-term low-level support, between CssData and HtmlContainer there is nothing you can't do.\n\nmake sense?",
      "PostedDate": "2014-01-29T08:09:06.35-08:00",
      "Id": 132022
    },
    {
      "Message": "Sounds good. Thank you very much.",
      "PostedDate": "2014-01-29T14:20:36.707-08:00",
      "Id": 132063
    }
  ]
}