{
  "WorkItem": {
    "AffectedComponent": {
      "Name": "",
      "DisplayName": ""
    },
    "ClosedComment": "* fixed in 1.1.0.0",
    "ClosedDate": "2012-11-13T06:34:03.743-08:00",
    "CommentCount": 1,
    "Custom": "",
    "Description": "In HtmlLabel.cs, line 62 you forgot to use CultureInfo.InvariantCulture for the string.Format. In Italy, where we use the \",\" as decimal separator, it breaks the formatting. You used it correctly for example in HtmlToolTip.cs.\n \nSo line 62 should be:\n \n            string font = string.Format(CultureInfo.InvariantCulture, \"font: {0}pt {1}\", Font.Size, Font.FontFamily.Name);\n \nplus an \n \n             using System.Globalization;\n \nath the beginning of the file.",
    "LastUpdatedDate": "2013-05-16T03:19:35.007-07:00",
    "PlannedForRelease": "",
    "ReleaseVisibleToPublic": false,
    "Priority": {
      "Name": "Low",
      "Severity": 50,
      "Id": 1
    },
    "ProjectName": "HtmlRenderer",
    "ReportedDate": "2012-04-24T00:20:10.317-07:00",
    "Status": {
      "Name": "Closed",
      "Id": 4
    },
    "ReasonClosed": {
      "Name": "Unassigned"
    },
    "Summary": "Font size for HtmlLabel",
    "Type": {
      "Name": "Issue",
      "Id": 3
    },
    "VoteCount": 2,
    "Id": 7939
  },
  "FileAttachments": [],
  "Comments": [
    {
      "Message": "I've verified that this fix resolves font issues on localized versions of windows.",
      "PostedDate": "2012-07-16T07:36:36.94-07:00",
      "Id": 114899
    }
  ]
}