{
  "WorkItem": {
    "AffectedComponent": {
      "Name": "",
      "DisplayName": ""
    },
    "ClosedComment": "Thx for the detailed report with samples!\nIt was part of block box inside inline box issue.\nIt's a hard problem so you may see more issues, report them with samples as this one, it was very helpful.\nNote that in your sample you have \"p\" elements that are not closed, it also can cause an issue as currently the renderer doesn't support not closed elements.",
    "ClosedDate": "2013-01-14T02:35:16.74-08:00",
    "CommentCount": 0,
    "Custom": "",
    "Description": "I found this when generating a color-coded report with lots of \"name = value\" lines. If a  tag is inside a  tag, the break/newline is either not generated, or is generated multiple times. Originally I was switching fonts and colors, but I am able to repro this with plain  tags, which makes for simpler repro.\n\nHere is some HTML showing the problem. The first block is fine, no font tags. The rest of the blocks show the odd behavior of different ways to embed  in . It looks like a  inside one font tag: word is ignored or converted to whitespace. Inside two font tags: word the behavior generates multiple newlines before and after the block - double and triple and prefix spacing.\n\nThis sample html works as expected in my browser (Chrome).\n\nSample HTML:\n---\n\n<br> works correctly outside of font tag:\nKey1 = Value1\nKey2 = Value2\nKey3 = Value3\n\n\n\nSample 1 fails,  no newline after Value2, version 1: (br after words in font tag)\nKey1 = Value1\nKey2 = Value2\nKey3 = Value3\n\n\n\nSample 2 fails,  no newline after Value2, version 2: (br alone in font tag)\nKey1 = Value1\nKey2 = Value2\nKey3 = Value3\n\n\n\nSample 3 fails, embedded  no newline in Value2, treated as space:\nKey1 = Value1\nKey2 = Value2\nKey3 = Value3\n\n\n\n\nSample 4 fails,  results in lots of extra newlines before and after Value2 and Key3 (2 layers of font tags):\nKey1 = Value1\nKey2 = Value2\nKey3 = Value3",
    "LastUpdatedDate": "2013-05-16T03:19:34.13-07:00",
    "PlannedForRelease": "1.3.0.0",
    "ReleaseVisibleToPublic": true,
    "Priority": {
      "Name": "Low",
      "Severity": 50,
      "Id": 1
    },
    "ProjectName": "HtmlRenderer",
    "ReportedDate": "2012-12-12T08:49:53.1-08:00",
    "Status": {
      "Name": "Closed",
      "Id": 4
    },
    "ReasonClosed": {
      "Name": "Unassigned"
    },
    "Summary": "<br> inside <font> not acting correctly",
    "Type": {
      "Name": "Issue",
      "Id": 3
    },
    "VoteCount": 1,
    "Id": 8455
  },
  "FileAttachments": [],
  "Comments": []
}