{
  "WorkItem": {
    "AffectedComponent": {
      "Name": "",
      "DisplayName": ""
    },
    "ClosedComment": "",
    "ClosedDate": null,
    "CommentCount": 0,
    "Custom": null,
    "Description": "Hi there\r\n\r\nI am very happily using your HTMLRenderer, especially the HTMLPanel, and it works fine, so far.\r\n\r\nNow, I am looking how to support the rendering of special unicode things such as smilies like http://emojipedia.org/smiling-face-with-open-mouth-and-smiling-eyes/ .\r\n\r\nIs there some way to render these in an HTMLPanel? Are there settings to push something like that or \"U+1F1E7\"?\r\n\r\nRight now, I only get two broken squares ^^\r\n\r\nI am probably missing something and am happy for every hint.\r\n\r\n\r\nThanks a lot in advance\r\n",
    "LastUpdatedDate": "2017-02-03T02:07:57.81-08:00",
    "PlannedForRelease": "",
    "ReleaseVisibleToPublic": false,
    "Priority": {
      "Name": "Unassigned",
      "Severity": 0,
      "Id": 0
    },
    "ProjectName": "HtmlRenderer",
    "ReportedDate": "2017-02-03T02:07:57.81-08:00",
    "Status": {
      "Name": "Proposed",
      "Id": 1
    },
    "ReasonClosed": {
      "Name": "Unassigned"
    },
    "Summary": "Q: Unicode literals rendering",
    "Type": {
      "Name": "Unassigned",
      "Id": 5
    },
    "VoteCount": 1,
    "Id": 9114
  },
  "FileAttachments": [],
  "Comments": []
}