{
  "WorkItem": {
    "AffectedComponent": {
      "Name": "",
      "DisplayName": ""
    },
    "ClosedComment": "rejected",
    "ClosedDate": "2014-06-26T04:24:15.733-07:00",
    "CommentCount": 3,
    "Custom": null,
    "Description": "Hello!\r\n\r\nPlease add back support of v 1.0 src=\"property:\" and src=\"method:\" image sources. There are certain instances when it is very convenient to use this approach:\r\n\r\n- Handling events manually is extra overhead\r\n- Supplying the base-64 value inline is also an overhead if you have to do it in many different places\r\n- Loading from file/web for small icons is not convenient either\r\n- Most icons/images are stored as resources and used as such in other controls. So, when you use property: to refer to such an image resource, it's very easy to do and you don;t have to change anything or write new code.\r\n- Sometimes, although certainly an exotic use case, you may actually rely on a property/method to provide a dynamic image every time.\r\n\r\nIn our case, I had to manually add back this functionality by adding old code back to ImageHandler. It was trivial, so I think it would not hurt if such support would remain.\r\n\r\nWe use HTML Renderer in our custom tooltip control. And because we had hundreds of tooltip texts \"baked-in\" and scattered all over the place, changing them all would be very time consuming, so we had to add back support for the old image source format manually.",
    "LastUpdatedDate": "2014-06-28T05:49:34.017-07:00",
    "PlannedForRelease": "",
    "ReleaseVisibleToPublic": false,
    "Priority": {
      "Name": "Unassigned",
      "Severity": 0,
      "Id": 0
    },
    "ProjectName": "HtmlRenderer",
    "ReportedDate": "2014-06-25T00:56:39.1-07:00",
    "Status": {
      "Name": "Closed",
      "Id": 4
    },
    "ReasonClosed": {
      "Name": "Unassigned"
    },
    "Summary": "Add back support for property: and method: image sources",
    "Type": {
      "Name": "Unassigned",
      "Id": 5
    },
    "VoteCount": 1,
    "Id": 9040
  },
  "FileAttachments": [],
  "Comments": [
    {
      "Message": "I won't be adding it back:\n* ImageLoad event exposes the ability to provide image externally\n* ImageLoad event provides more functionallity: conditional override, partial image source, etc.\n* Supporting two methods is an overhead\n* Direct access to WinForms Image object won't work in v1.5\n* Reflection is slow.\n* Providing the reference assemblies for reflection to work sucks.\n* In general it feels like a hack and not a valid extensibility API and event handling is not a significant overhead.\n\n**In your case I would:**\n1. Extent HtmlToolTip with my own class: MyHtmlToolTip : HtmlToolTip {...\n2. Subscribe to ImageLoad event in ctor: _htmlContainer.ImageLoad += OnImageLoad;\n3. Return the required image in OnImageLoad by direct resource access by name (or reflection if you like)\n\nthen you won't have to change the hundreds of tooltip (really?), just change the class. and you don't need to change the library code.",
      "PostedDate": "2014-06-26T04:23:45.843-07:00",
      "Id": 150768
    },
    {
      "Message": "Thank you for a quick response and a suggested work-around!\n\nYes, we have several major apps that have hundreds of html text strings either hard-coded or dynamically generated that rely on those image sources. In any case, unfortunately your suggested work-around will not work for us, as we do not use the built-in HtmlToolTip and use our own custom ToolTip control instead. This custom control simply uses HTML rendering features of the library, now using HTMLRenderer static class. Unfortunately this class provides no events to subscribe to. We tried using HTMLContainer at first, but for some strange reason it resulted in image sizes being calculated incorrectly, so we had to adopt static HTMLRenderer.",
      "PostedDate": "2014-06-26T06:20:47.81-07:00",
      "Id": 150775
    },
    {
      "Message": "Using HTMLContainer is the recommended approach for custom control, prefer using it to HtmlRender static methods.\n\nHTMLContainer is a low level construct that have switches to control its behavior, see AvoidAsyncImagesLoading and AvoidImagesLateLoading.\n\nRegardless you can pass imageLoad delegate to HtmlRender.Render method:\n```\npublic static SizeF Render(Graphics g, string html, float left = 0, float top = 0, float maxWidth = 0, CssData cssData = null, EventHandler<HtmlStylesheetLoadEventArgs> stylesheetLoad = null, EventHandler<HtmlImageLoadEventArgs> imageLoad = null)\n```",
      "PostedDate": "2014-06-28T05:49:34.017-07:00",
      "Id": 151044
    }
  ]
}