{
  "WorkItem": {
    "AffectedComponent": {
      "Name": "",
      "DisplayName": ""
    },
    "ClosedComment": "",
    "ClosedDate": "2013-10-19T08:37:43.07-07:00",
    "CommentCount": 0,
    "Custom": null,
    "Description": "Hi,\r\nthere are several boxes and table cells which have a slightly too long solid border (at most 1px).\r\nThat extra 1px also depends on the size of the box.\r\n\r\nAs there is at most this 1px I guess it's the result of a rounding issue.\r\n\r\nIf you look close enough you can see that effect in the \"Images\" demo",
    "LastUpdatedDate": "2017-12-09T14:51:43.353-08:00",
    "PlannedForRelease": "1.4.14.0",
    "ReleaseVisibleToPublic": true,
    "Priority": {
      "Name": "Low",
      "Severity": 50,
      "Id": 1
    },
    "ProjectName": "HtmlRenderer",
    "ReportedDate": "2013-10-05T02:41:11.897-07:00",
    "Status": {
      "Name": "Closed",
      "Id": 4
    },
    "ReasonClosed": {
      "Name": "Fixed"
    },
    "Summary": "Protruding Borders (Rounding Issue?)",
    "Type": {
      "Name": "Issue",
      "Id": 3
    },
    "VoteCount": 1,
    "Id": 9019
  },
  "FileAttachments": [],
  "Comments": []
}