{
  "WorkItem": {
    "AffectedComponent": {
      "Name": "",
      "DisplayName": ""
    },
    "ClosedComment": "",
    "ClosedDate": null,
    "CommentCount": 1,
    "Custom": null,
    "Description": "I'm very beginner in WPF, but it seems that line-height (inline css) impossible to implement in this beautifull library. Isn't it?",
    "LastUpdatedDate": "2016-01-03T11:08:55.753-08:00",
    "PlannedForRelease": "",
    "ReleaseVisibleToPublic": false,
    "Priority": {
      "Name": "Unassigned",
      "Severity": 0,
      "Id": 0
    },
    "ProjectName": "HtmlRenderer",
    "ReportedDate": "2016-01-03T10:09:19.91-08:00",
    "Status": {
      "Name": "Proposed",
      "Id": 1
    },
    "ReasonClosed": {
      "Name": "Unassigned"
    },
    "Summary": "It seems that line-height doesn't work in solution",
    "Type": {
      "Name": "Unassigned",
      "Id": 5
    },
    "VoteCount": 1,
    "Id": 9096
  },
  "FileAttachments": [],
  "Comments": [
    {
      "Message": "The issue can be closed. It works with <div style=...>. Thank you very much!",
      "PostedDate": "2016-01-03T11:08:55.753-08:00",
      "Id": 195056
    }
  ]
}