{
  "WorkItem": {
    "AffectedComponent": {
      "Name": "",
      "DisplayName": ""
    },
    "ClosedComment": "added in 1.4.12.0",
    "ClosedDate": "2014-01-18T03:29:25.783-08:00",
    "CommentCount": 3,
    "Custom": null,
    "Description": "Is there a way to cause the HtmlPanel to scroll to a specific HTML anchor without having the user click a link?",
    "LastUpdatedDate": "2014-01-18T08:10:01.81-08:00",
    "PlannedForRelease": "",
    "ReleaseVisibleToPublic": false,
    "Priority": {
      "Name": "Unassigned",
      "Severity": 0,
      "Id": 0
    },
    "ProjectName": "HtmlRenderer",
    "ReportedDate": "2014-01-09T15:47:29.643-08:00",
    "Status": {
      "Name": "Closed",
      "Id": 4
    },
    "ReasonClosed": {
      "Name": "Fixed"
    },
    "Summary": "Scroll HtmlPanel to Anchor?",
    "Type": {
      "Name": "Unassigned",
      "Id": 5
    },
    "VoteCount": 1,
    "Id": 9027
  },
  "FileAttachments": [],
  "Comments": [
    {
      "Message": "nice feature,\nwill add in next minor release.\nthx.",
      "PostedDate": "2014-01-12T04:01:14.51-08:00",
      "Id": 130211
    },
    {
      "Message": "Sounds great. Thank You.",
      "PostedDate": "2014-01-14T07:27:45.573-08:00",
      "Id": 130388
    },
    {
      "Message": "The new HtmlPanel.ScrollToElement method works perfectly. Thanks again!",
      "PostedDate": "2014-01-18T08:10:01.81-08:00",
      "Id": 130785
    }
  ]
}