{
  "WorkItem": {
    "AffectedComponent": {
      "Name": "",
      "DisplayName": ""
    },
    "ClosedComment": "Unable to reproduce whitespace issue\nAdded support for size attribute on font element",
    "ClosedDate": "2013-08-14T08:52:48.567-07:00",
    "CommentCount": 3,
    "Custom": "",
    "Description": "White spaces in text dissappear when we are using the <font> tag Or if we use <span style> with font-family and font size.\n\nAlso, <font size\"\"> is not respected.\nCan you provide a fix within 2 days?",
    "LastUpdatedDate": "2013-08-14T08:52:48.567-07:00",
    "PlannedForRelease": "",
    "ReleaseVisibleToPublic": false,
    "Priority": {
      "Name": "Unassigned",
      "Severity": 0,
      "Id": 0
    },
    "ProjectName": "HtmlRenderer",
    "ReportedDate": "2013-05-29T14:10:28.793-07:00",
    "Status": {
      "Name": "Closed",
      "Id": 4
    },
    "ReasonClosed": {
      "Name": "Unassigned"
    },
    "Summary": "Text white spaces dissappear when styling",
    "Type": {
      "Name": "Unassigned",
      "Id": 5
    },
    "VoteCount": 1,
    "Id": 8772
  },
  "FileAttachments": [],
  "Comments": [
    {
      "Message": "Here is a sample\r\n\r\nThis material does not require review through the system.You should follow standard procedures for distribution, including obtaining approval from some Legal division prior to distribution.",
      "PostedDate": "2013-05-29T14:18:12.39-07:00",
      "Id": 114913
    },
    {
      "Message": "Ensure your HTML lable spans across 3 lines",
      "PostedDate": "2013-05-29T14:28:38.18-07:00",
      "Id": 114914
    },
    {
      "Message": "I'm unable to reproduce this issue, can you attach the html and image of the output you are seeing.",
      "PostedDate": "2013-06-12T00:14:09.053-07:00",
      "Id": 114915
    }
  ]
}