{
  "WorkItem": {
    "AffectedComponent": {
      "Name": "",
      "DisplayName": ""
    },
    "ClosedComment": "",
    "ClosedDate": null,
    "CommentCount": 0,
    "Custom": null,
    "Description": "I can see that the control tries to implement word-spacing:\r\n\r\n```\r\n   _actualWordSpacing = CssUtils.WhiteSpace(g, this);\r\n                if (WordSpacing != CssConstants.Normal)\r\n                {\r\n                    string len = RegexParserUtils.Search(RegexParserUtils.CssLength, WordSpacing);\r\n                    _actualWordSpacing += CssValueParser.ParseLength(len, 1, this);\r\n                }\r\n```\r\nBut this doesnot appear to change the output of the renderer???\r\n\r\nKris",
    "LastUpdatedDate": "2015-06-03T02:57:15.023-07:00",
    "PlannedForRelease": "",
    "ReleaseVisibleToPublic": false,
    "Priority": {
      "Name": "Unassigned",
      "Severity": 0,
      "Id": 0
    },
    "ProjectName": "HtmlRenderer",
    "ReportedDate": "2015-06-03T02:57:15.023-07:00",
    "Status": {
      "Name": "Proposed",
      "Id": 1
    },
    "ReasonClosed": {
      "Name": "Unassigned"
    },
    "Summary": "Word-spacing not working...",
    "Type": {
      "Name": "Unassigned",
      "Id": 5
    },
    "VoteCount": 1,
    "Id": 9078
  },
  "FileAttachments": [],
  "Comments": []
}