{
  "WorkItem": {
    "AffectedComponent": {
      "Name": "",
      "DisplayName": ""
    },
    "ClosedComment": "1.4.14.0",
    "ClosedDate": "2014-04-26T09:08:48.17-07:00",
    "CommentCount": 1,
    "Custom": null,
    "Description": "Hello,\r\n\r\nTypically, if I inherit from a component, I will not bind to that components events unless I must. Instead, I'll override the relative method. For example, assuming I wanted to do some repainting when the `Text` property changed. I wouldn't hook into the `TextChanged` event, I'd simply override the `OnTextChanged` method.\r\n\r\nI have created a component that inherits from `HtmlPanel`, and I want to override the link click handling. Unfortunately I found you don't expose the custom `On*` methods you've created (at least for `OnLinkClicked` and `OnImageLoaded`, I haven't dug too deeply into the code yet). In addition I notice that when you do raise events, you raise them in a fashion that exposes you (however unlikely) to a [race condition](http://msdn.microsoft.com/en-us/library/w369ty8x.aspx).\r\n\r\nIn the fork I've created, I changed your original `HtmlPanel.OnLinkClicked` method to\r\n\r\n```\r\nprotected virtual void OnLinkClicked(object sender, HtmlLinkClickedEventArgs e)\r\n{\r\n  EventHandler<HtmlLinkClickedEventArgs> handler;\r\n\r\n  handler = this.LinkClicked;\r\n\r\n  if (handler != null)\r\n  {\r\n    handler(this, e);\r\n  }\r\n}\r\n```\r\n\r\nWhich solves both my problems - I can now override this in order to do my custom handling without having to bind the events, and resolve the race condition.\r\n\r\nI'm happy to submit a pull request which fixes how the events are raised to resolve the race condition, but what are your thoughts towards making the `On*` methods protected virtual to allow for inheritance scenarios?\r\n\r\nRegards;\r\nRichard Moss\r\n",
    "LastUpdatedDate": "2014-04-26T09:08:48.17-07:00",
    "PlannedForRelease": "",
    "ReleaseVisibleToPublic": false,
    "Priority": {
      "Name": "Unassigned",
      "Severity": 0,
      "Id": 0
    },
    "ProjectName": "HtmlRenderer",
    "ReportedDate": "2014-03-25T11:21:15.5-07:00",
    "Status": {
      "Name": "Closed",
      "Id": 4
    },
    "ReasonClosed": {
      "Name": "Fixed"
    },
    "Summary": "Event overrides + race conditions",
    "Type": {
      "Name": "Unassigned",
      "Id": 5
    },
    "VoteCount": 1,
    "Id": 9030
  },
  "FileAttachments": [],
  "Comments": [
    {
      "Message": "Yep, you are absolutely correct on both points.\nPlease do submit a pull request.\nIf you have the time it will be great if you also submit pull request for the extensibility stuff.\nThx man.",
      "PostedDate": "2014-03-26T01:13:06.417-07:00",
      "Id": 138844
    }
  ]
}