{
  "WorkItem": {
    "AffectedComponent": {
      "Name": "",
      "DisplayName": ""
    },
    "ClosedComment": "fixed 1.5.0.0\npart of a much bigger cross-framework support",
    "ClosedDate": "2014-10-09T08:54:11.717-07:00",
    "CommentCount": 0,
    "Custom": "",
    "Description": "hi,\n \ni want to use this great html renderer to create pdf's. Therefore i add an interface IGraphics and redirect all call's to the interface. Now i created to implementations:\n- The default GraphicsWrapper, that redirects the calls to the default Graphics instance\n- An implementation, that redirects the calls to the XGraphics of PdfSharp\n \nI have added the changed code.\n \nManni",
    "LastUpdatedDate": "2014-10-09T08:54:11.717-07:00",
    "PlannedForRelease": "",
    "ReleaseVisibleToPublic": false,
    "Priority": {
      "Name": "Low",
      "Severity": 50,
      "Id": 1
    },
    "ProjectName": "HtmlRenderer",
    "ReportedDate": "2011-12-04T04:50:46.61-08:00",
    "Status": {
      "Name": "Closed",
      "Id": 4
    },
    "ReasonClosed": {
      "Name": "Fixed"
    },
    "Summary": "Combine with PdfSharp",
    "Type": {
      "Name": "Issue",
      "Id": 3
    },
    "VoteCount": 3,
    "Id": 7514
  },
  "FileAttachments": [
    {
      "FileId": 731491,
      "FileName": "System.Drawing.Html.zip",
      "DownloadUrl": ".\\731491"
    }
  ],
  "Comments": []
}