{
  "WorkItem": {
    "AffectedComponent": {
      "Name": "",
      "DisplayName": ""
    },
    "ClosedComment": "",
    "ClosedDate": null,
    "CommentCount": 0,
    "Custom": null,
    "Description": "I have pull requested about this issue.\r\n\r\n(WpfAdapter.cs)\r\nAddFontFamily(new FontFamilyAdapter(family)); fail by a limited font.\r\n\r\nAn example of solution method.\r\n\r\n            try\r\n            {\r\n                AddFontFamily(new FontFamilyAdapter(family));\r\n            }\r\n            catch\r\n            {\r\n            }\r\n",
    "LastUpdatedDate": "2015-08-25T06:00:04.437-07:00",
    "PlannedForRelease": "",
    "ReleaseVisibleToPublic": false,
    "Priority": {
      "Name": "Unassigned",
      "Severity": 0,
      "Id": 0
    },
    "ProjectName": "HtmlRenderer",
    "ReportedDate": "2015-08-25T06:00:04.437-07:00",
    "Status": {
      "Name": "Proposed",
      "Id": 1
    },
    "ReasonClosed": {
      "Name": "Unassigned"
    },
    "Summary": "WpfAdapter Constructor Failed. ",
    "Type": {
      "Name": "Unassigned",
      "Id": 5
    },
    "VoteCount": 1,
    "Id": 9088
  },
  "FileAttachments": [],
  "Comments": []
}