{
  "WorkItem": {
    "AffectedComponent": {
      "Name": "",
      "DisplayName": ""
    },
    "ClosedComment": "",
    "ClosedDate": null,
    "CommentCount": 0,
    "Custom": null,
    "Description": "Hi Arthur\r\nThanks for your lovely htmlRenderer\r\nMy Problem is persian word that shown incorrectly. In fact, when I use a sentence in any tag, letters of words displayed separately.\r\n\r\nFor Example, when I want to write word 'سلام', it shows 'س ل ا م'.\r\n\r\nPlease Fix this issue.\r\nThanks in advanced! ",
    "LastUpdatedDate": "2017-03-26T01:15:05.62-07:00",
    "PlannedForRelease": "",
    "ReleaseVisibleToPublic": false,
    "Priority": {
      "Name": "Unassigned",
      "Severity": 0,
      "Id": 0
    },
    "ProjectName": "HtmlRenderer",
    "ReportedDate": "2017-02-25T05:26:36.78-08:00",
    "Status": {
      "Name": "Proposed",
      "Id": 1
    },
    "ReasonClosed": {
      "Name": "Unassigned"
    },
    "Summary": "Persian word appeared incorrect",
    "Type": {
      "Name": "Unassigned",
      "Id": 5
    },
    "VoteCount": 2,
    "Id": 9117
  },
  "FileAttachments": [],
  "Comments": []
}