{
  "WorkItem": {
    "AffectedComponent": {
      "Name": "",
      "DisplayName": ""
    },
    "ClosedComment": "",
    "ClosedDate": "2014-10-09T08:55:01.983-07:00",
    "CommentCount": 1,
    "Custom": null,
    "Description": "I  ran the demo and got an exception - see above.\r\n\r\nThis function should fix the 'fonstyle availability' issue:\r\n\r\n   private static Font CreateFont(string family, float size, FontStyle style)\r\n        {\r\n            FontFamily fontFamily;\r\n            if (_existingFontFamilies.TryGetValue(family, out fontFamily))\r\n            { return new Font(fontFamily.Name , size, EnsureStyleAvailable(fontFamily , style)); }\r\n{\r\nvar f=new Font(family,size,GraphicsUnit.Point );\r\n    return new Font( f.Name,size, EnsureStyleAvailable(f.FontFamily , style));\r\n    {\r\n\r\n    }\r\n\r\n}\r\n        }\r\n\r\n        \r\n private static  FontStyle EnsureStyleAvailable(FontFamily family, FontStyle style)\r\n{\r\n\tif (family.IsStyleAvailable(style))\r\n\t\treturn style;\r\n\tvar stl = (FontStyle[])Enum.GetValues(typeof(FontStyle));\r\n\tforeach ( FontStyle st in stl) {\r\n\t\t\tif ((style & st) == 0) {\r\n\t\t\tif (family.IsStyleAvailable(style | st))\r\n\t\t\t\treturn st | style;\r\n\t\t}\r\n\t}\r\n\treturn Array.Find(stl, s => (family.IsStyleAvailable(s)));\r\n}",
    "LastUpdatedDate": "2014-10-09T08:55:01.983-07:00",
    "PlannedForRelease": "",
    "ReleaseVisibleToPublic": false,
    "Priority": {
      "Name": "Unassigned",
      "Severity": 0,
      "Id": 0
    },
    "ProjectName": "HtmlRenderer",
    "ReportedDate": "2014-07-20T08:19:10.97-07:00",
    "Status": {
      "Name": "Closed",
      "Id": 4
    },
    "ReasonClosed": {
      "Name": "Fixed"
    },
    "Summary": "Exception when 'FontStyle not AvailAble' in 'FontsUtils.cs', l. 317",
    "Type": {
      "Name": "Unassigned",
      "Id": 5
    },
    "VoteCount": 1,
    "Id": 9043
  },
  "FileAttachments": [],
  "Comments": [
    {
      "Message": "       \n private static  FontStyle EnsureStyleAvailable(FontFamily family, FontStyle style)\n{\n\tif (family.IsStyleAvailable(style))\n\t\treturn style;\n\tvar stl = (FontStyle[])Enum.GetValues(typeof(FontStyle));\n\tforeach ( FontStyle st in stl) {\n\t\t\tif ((style & st) == 0) {\n\t\t\tif (family.IsStyleAvailable(style | st))\n\t\t\t\treturn st | style;\n\t\t}\n\t}\n\treturn Array.Find(stl, s => (family.IsStyleAvailable(s)));\n}",
      "PostedDate": "2014-07-20T08:20:31.377-07:00",
      "Id": 152981
    }
  ]
}