{
  "WorkItem": {
    "AffectedComponent": {
      "Name": "",
      "DisplayName": ""
    },
    "ClosedComment": "",
    "ClosedDate": null,
    "CommentCount": 0,
    "Custom": null,
    "Description": "Given the following HTML extract:\r\n\r\n<ul>\r\n<li>\r\n<p>Dark and uninviting.</p>\r\n</li>\r\n<li>\r\n<p>Old fashioned dirty looking accommodation</p>\r\n</li>\r\n<li>\r\n</ul>\r\n\r\nHtmlRenderer renders the text in <p>...</p> on a separate line from the bullet. Firefox and other browsers correctly render it on the same line.\r\n\r\nCan this be fixed please?\r\n",
    "LastUpdatedDate": "2015-03-05T01:04:13.583-08:00",
    "PlannedForRelease": "",
    "ReleaseVisibleToPublic": false,
    "Priority": {
      "Name": "Unassigned",
      "Severity": 0,
      "Id": 0
    },
    "ProjectName": "HtmlRenderer",
    "ReportedDate": "2015-03-05T01:04:13.583-08:00",
    "Status": {
      "Name": "Proposed",
      "Id": 1
    },
    "ReasonClosed": {
      "Name": "Unassigned"
    },
    "Summary": "Paragraph tags in bullet items wrap to newline",
    "Type": {
      "Name": "Unassigned",
      "Id": 5
    },
    "VoteCount": 1,
    "Id": 9071
  },
  "FileAttachments": [],
  "Comments": []
}