{
  "WorkItem": {
    "AffectedComponent": {
      "Name": "",
      "DisplayName": ""
    },
    "ClosedComment": "",
    "ClosedDate": null,
    "CommentCount": 0,
    "Custom": null,
    "Description": "If the html contains table with colspans rows and none of the rows has each column just single spaned, then the HTML-Renderer throws ArgumentOutOfRange exception in CalculateCountAndWidth.\r\n\r\nThe attached patch fixes this bug and also fixes bug with not working column width reduction.",
    "LastUpdatedDate": "2016-01-11T08:46:42.637-08:00",
    "PlannedForRelease": "",
    "ReleaseVisibleToPublic": false,
    "Priority": {
      "Name": "Unassigned",
      "Severity": 0,
      "Id": 0
    },
    "ProjectName": "HtmlRenderer",
    "ReportedDate": "2014-12-10T09:42:04.343-08:00",
    "Status": {
      "Name": "Proposed",
      "Id": 1
    },
    "ReasonClosed": {
      "Name": "Unassigned"
    },
    "Summary": "Table with colspan renders wrong",
    "Type": {
      "Name": "Unassigned",
      "Id": 5
    },
    "VoteCount": 2,
    "Id": 9061
  },
  "FileAttachments": [
    {
      "FileId": 977258,
      "FileName": "fix.diff",
      "DownloadUrl": ".\\977258"
    }
  ],
  "Comments": []
}