{
  "WorkItem": {
    "AffectedComponent": {
      "Name": "",
      "DisplayName": ""
    },
    "ClosedComment": "1.4.5.0",
    "ClosedDate": "2013-05-13T07:02:18.527-07:00",
    "CommentCount": 0,
    "Custom": "",
    "Description": "I am having an issue being able to click a anchor that is setup when displayed in the tooltip class. When you click the link it just closes the tooltip window. Can you think of anyway around this so I am able to process the link. It of course works in the HtmlPanle and HtmlLabel class. Thanks in advance. Adrian.",
    "LastUpdatedDate": "2013-05-16T03:19:34.727-07:00",
    "PlannedForRelease": "1.4.14.0",
    "ReleaseVisibleToPublic": true,
    "Priority": {
      "Name": "Low",
      "Severity": 50,
      "Id": 1
    },
    "ProjectName": "HtmlRenderer",
    "ReportedDate": "2012-11-13T06:42:11.507-08:00",
    "Status": {
      "Name": "Closed",
      "Id": 4
    },
    "ReasonClosed": {
      "Name": "Unassigned"
    },
    "Summary": "Handle clicking on link in tooltip",
    "Type": {
      "Name": "Feature",
      "Id": 1
    },
    "VoteCount": 1,
    "Id": 8407
  },
  "FileAttachments": [],
  "Comments": []
}