{
  "WorkItem": {
    "AffectedComponent": {
      "Name": "",
      "DisplayName": ""
    },
    "ClosedComment": "fixed 1.5.0.0",
    "ClosedDate": "2014-10-09T08:52:49.997-07:00",
    "CommentCount": 1,
    "Custom": null,
    "Description": "Hi,\r\n\r\nI'm using the RenderToImage functionality.  There seems to be a baked in <img> element cache based around the \"src\" attribute.  This means that if the url has an issue (e.g. cdn failure) on the first time RenderTomImage processes an image, all that will remain is an ugly broken image.  Appending a parameter (\"test.img?v=123281\") does trigger a new download, but going back to the original url (\"test.img\") still refers to the broken image reference.\r\n\r\nI'm wondering if there is a way to have the RenderToImage functionality force a refresh of the image cache (\"test.img\") without appending values inside the html itself (e.g. \"test.img?v=2\").",
    "LastUpdatedDate": "2014-10-09T08:52:49.997-07:00",
    "PlannedForRelease": "",
    "ReleaseVisibleToPublic": false,
    "Priority": {
      "Name": "Unassigned",
      "Severity": 0,
      "Id": 0
    },
    "ProjectName": "HtmlRenderer",
    "ReportedDate": "2014-09-04T13:33:57.523-07:00",
    "Status": {
      "Name": "Closed",
      "Id": 4
    },
    "ReasonClosed": {
      "Name": "Fixed"
    },
    "Summary": "img Element Caching",
    "Type": {
      "Name": "Unassigned",
      "Id": 5
    },
    "VoteCount": 1,
    "Id": 9048
  },
  "FileAttachments": [],
  "Comments": [
    {
      "Message": "Hey, I believe my commit today fixed the issue.\nYou can get the latest code from [GitHub](https://github.com/ArthurHub/HTML-Renderer), will do a proper release soon.\nNote that v1.5 has some library changes you will have to adjust your code to.\nLet me know if it worked.",
      "PostedDate": "2014-09-05T06:17:27.02-07:00",
      "Id": 158892
    }
  ]
}