[
  {
    "Title": "Demo application",
    "Id": "936701",
    "ParentWikiTitle": "Documentation",
    "FileExtension": "codeplexwiki",
    "UpdatedDate": "2014-11-01T07:57:10.93-07:00",
    "FileAttachments": []
  },
  {
    "Title": "Home",
    "Id": "936662",
    "ParentWikiTitle": "Home",
    "FileExtension": "codeplexwiki",
    "UpdatedDate": "2014-11-01T05:54:16.577-07:00",
    "FileAttachments": []
  },
  {
    "Title": "Documentation",
    "Id": "936661",
    "ParentWikiTitle": "Documentation",
    "FileExtension": "codeplexwiki",
    "UpdatedDate": "2014-11-01T05:48:22.41-07:00",
    "FileAttachments": []
  },
  {
    "Title": "FAQ",
    "Id": "931012",
    "ParentWikiTitle": "Documentation",
    "FileExtension": "codeplexwiki",
    "UpdatedDate": "2014-10-18T07:16:34.99-07:00",
    "FileAttachments": []
  },
  {
    "Title": "PDF generation",
    "Id": "930999",
    "ParentWikiTitle": "Documentation",
    "FileExtension": "codeplexwiki",
    "UpdatedDate": "2014-10-18T06:48:04.7-07:00",
    "FileAttachments": []
  },
  {
    "Title": "Image generation",
    "Id": "864726",
    "ParentWikiTitle": "Documentation",
    "FileExtension": "codeplexwiki",
    "UpdatedDate": "2014-05-24T08:58:46.397-07:00",
    "FileAttachments": [
      {
        "Id": "04dbcedc-eb36-4616-ac54-1c1bb115f9cf",
        "FileName": "img.png",
        "DownloadUri": "./864726/04dbcedc-eb36-4616-ac54-1c1bb115f9cf"
      },
      {
        "Id": "4f2d7bfa-cf79-48c3-aa83-f78ccbe63533",
        "FileName": "html0.png",
        "DownloadUri": "./864726/4f2d7bfa-cf79-48c3-aa83-f78ccbe63533"
      },
      {
        "Id": "035c942d-a49b-4423-97f3-8b1807d9cdc5",
        "FileName": "html1.png",
        "DownloadUri": "./864726/035c942d-a49b-4423-97f3-8b1807d9cdc5"
      },
      {
        "Id": "29931830-2154-4cfe-a238-fe05a6b4a943",
        "FileName": "Expected.png",
        "DownloadUri": "./864726/29931830-2154-4cfe-a238-fe05a6b4a943"
      },
      {
        "Id": "78532739-b09b-4572-a89c-9cf5cd846e88",
        "FileName": "html2.png",
        "DownloadUri": "./864726/78532739-b09b-4572-a89c-9cf5cd846e88"
      },
      {
        "Id": "98c67808-11a4-406e-ac37-8afd4a9828d1",
        "FileName": "html3.png",
        "DownloadUri": "./864726/98c67808-11a4-406e-ac37-8afd4a9828d1"
      },
      {
        "Id": "79a4ec66-de07-4c21-8407-75710fd10cd6",
        "FileName": "html4.png",
        "DownloadUri": "./864726/79a4ec66-de07-4c21-8407-75710fd10cd6"
      },
      {
        "Id": "50934528-65fd-4369-8b7f-90c3e669ca11",
        "FileName": "base.png",
        "DownloadUri": "./864726/50934528-65fd-4369-8b7f-90c3e669ca11"
      },
      {
        "Id": "d5fcaebe-995a-4534-bc76-f9b0a987e7fa",
        "FileName": "html5.png",
        "DownloadUri": "./864726/d5fcaebe-995a-4534-bc76-f9b0a987e7fa"
      },
      {
        "Id": "033767ee-2620-4009-b954-91c03ead3de3",
        "FileName": "html6.png",
        "DownloadUri": "./864726/033767ee-2620-4009-b954-91c03ead3de3"
      },
      {
        "Id": "d6c63d0d-26a3-4a86-8f5d-f2497bc06faf",
        "FileName": "html7.png",
        "DownloadUri": "./864726/d6c63d0d-26a3-4a86-8f5d-f2497bc06faf"
      },
      {
        "Id": "5969f221-bc0c-4c8e-9692-87171ae7e7ac",
        "FileName": "result.png",
        "DownloadUri": "./864726/5969f221-bc0c-4c8e-9692-87171ae7e7ac"
      }
    ]
  },
  {
    "Title": "Rendering SVG images",
    "Id": "808991",
    "ParentWikiTitle": "Documentation",
    "FileExtension": "codeplexwiki",
    "UpdatedDate": "2013-12-20T07:05:02.25-08:00",
    "FileAttachments": [
      {
        "Id": "8bb5feb0-3153-430b-899f-5c37cb6a826f",
        "FileName": "html.png",
        "DownloadUri": "./808991/8bb5feb0-3153-430b-899f-5c37cb6a826f"
      },
      {
        "Id": "b5e29219-4a2c-4ccf-b4fd-361300b08c38",
        "FileName": "svg.png",
        "DownloadUri": "./808991/b5e29219-4a2c-4ccf-b4fd-361300b08c38"
      }
    ]
  },
  {
    "Title": "HTML and CSS support",
    "Id": "778820",
    "ParentWikiTitle": "Documentation",
    "FileExtension": "codeplexwiki",
    "UpdatedDate": "2013-09-22T05:36:28.023-07:00",
    "FileAttachments": []
  },
  {
    "Title": "Installation",
    "Id": "775239",
    "ParentWikiTitle": "Documentation",
    "FileExtension": "codeplexwiki",
    "UpdatedDate": "2013-09-17T02:11:25.697-07:00",
    "FileAttachments": []
  }
]
